0MUxIhcqY_0,The Battle That Determined The Fate Of The Middle-East | Greatest Tank Battles | Spark,44m 48s,2023-02-12T18:00:00Z
sPK59MpOSqM,The Science of Seeing | Sight: The Story Of Vision | Spark,54m 55s,2023-02-10T18:00:33Z
TWKB-OK6ghA,Meet The Aircraft Saved Millions Of Germans During Cold War | Defenders Of The Sky | Spark,42m 51s,2023-02-08T18:00:19Z
OWsLZHw9Frk,How Big Is Our Galaxy? | Spark,53s,2023-02-06T20:00:09Z
A6rewC5zs7c,The Arab-Israeli War That Lasted For Just Six Days [4K] | Greatest Tank Battles | Spark,44m 38s,2023-02-05T18:00:03Z
zdK9l6PSCC8,Can You Predict An Election Result Using AI? | Margin Of Error: AI Polling and Elections | Spark,51m 38s,2023-02-03T18:00:41Z
WS1fRW6Ti40,RAF's First Fighter Jet - Gloster Meteor | Defenders Of The Sky | Spark,42m 4s,2023-02-01T18:00:24Z
h1_FD_twDbk,Could There Be Life On Other Planets? | Spark,41s,2023-01-30T20:00:23Z
WVQA8a3l4Vg,The Story Of The German Panzer Tank Ace - Ludwig Bauer | Greatest Tank Battles | Spark,44m 48s,2023-01-29T18:00:11Z
2w_gm67wh5Q,Why Did Life Begin On Earth? [4K] | Origin | Spark,45m 21s,2023-01-27T17:00:02Z
8i2MKme7kv0,Meet The Heaviest British Tank On Normandy (Churchill Tank) | Defenders Of The Sky | Spark,42m 53s,2023-01-25T18:00:07Z
hy9FeosXCTM,The Real Tank Battles Of WWII | Spark,38s,2023-01-24T19:00:14Z
Cdbc-fCc_gY,The Battle Of Tunisia: The US Tank War With The Afrika Korps | Greatest Tank Battle | Spark,44m 48s,2023-01-22T18:00:04Z
rb5OjXZQRpI,Why Did It Take 13 Years To Build The Elizabeth Line? | The Trouble With Crossrail | Spark,44m 28s,2023-01-20T18:00:21Z
P5XYd78gtys,History Of The Lancaster Bomber: Aircraft That Won Britain The War | Defenders Of The Sky | Spark,43m 11s,2023-01-18T18:00:09Z
bBxKIZkv5Iw,How Deep Sea Mining Is The Next 'Gold Rush' [4K] | Gold Rush In The Deep Sea | Spark,51m 12s,2023-01-15T18:00:12Z
DMBvqwBYA8w,How The Canadians Fought The Germans Out Of Italy In WWII | Greatest Tank Battles | Spark,44m 38s,2023-01-13T18:00:04Z
zpc7awCHRho,Performing Key Dogfighting Maneuvers With Historic WWI Aircraft | Defenders Of The Sky | Spark,41m 38s,2023-01-11T18:00:22Z
wtf8zfShtaE,The Unexpected US And USSR Space Collaboration | Apollo-Soyuz: The First Handshake in Space | Spark,53m 54s,2023-01-08T18:00:17Z
Aa6avGepRHs,The Terrifying Power Of The Panzer Mk III And The Nazi Blitzkrieg | Greatest Tank Battles | Spark,44m 39s,2023-01-06T18:00:05Z
9wddWjd1dyw,Meet Britain's War-Winning Secret Weapons During WWII | Defenders Of The Sky | Spark,42m 57s,2023-01-04T18:00:07Z
fEMTYjyLo9A,History Of Trains: How High-Speed Trains Are Taking Over The World | Spark,41m 52s,2023-01-01T18:00:11Z
ESMvfwIL-ao,The British Tank That Changed The Battlefield Forever | Greatest Tank Battles | Spark,44m 38s,2022-12-30T18:00:12Z
2oA6JinhhR0,Why These 6000 WWII Ship Wrecks Are A Huge Bio-Hazard | The Black Tears of the Sea | Spark,52m 9s,2022-12-28T18:00:01Z
s2NwaGJLq64,Future Technologies That Will Revolutionize Our World | Tech Effect Compilation | Spark,2h 19m 23s,2022-12-25T18:00:25Z
vzz-PPFIxs0,Flying The Spitfire That Survived D-Day | Defenders Of The Sky | Spark,42m 43s,2022-12-23T18:00:30Z
J0BRlFMK0lY,How Engineers Repair And Maintain Giant Machinery | Mega Mechanics | Spark,2h 22m 52s,2022-12-22T18:00:12Z
F6bXtZYW_5I,A Journey To The Origins Of The Solar System | Rosetta Comet Chaser | Spark,53m 37s,2022-12-20T18:00:06Z
YGmcPf1fw3M,From Floating Airport To Rare Look Inside Of A USS Nuclear Submarine | Super Structures | Spark,2h 34m 45s,2022-12-18T18:00:18Z
vraOyF69Fb8,How The Space Shuttle Program Saved Hubble Space Telescope | Trajectory | Spark,23m 19s,2022-12-16T18:00:32Z
56OFs20tY1U,Building The Biggest Structures In The World | Building The Biggest Compilation | Spark,2h 16m 51s,2022-12-15T18:00:02Z
a-kszPS380A,How To Dispose 100 Nuclear-Powered Submarine Shipwrecks [4K] | The End Of Red October | Spark,43m 52s,2022-12-13T18:00:00Z
uHLmh6yphUc,Fascinating Truths About Our Universe | Cosmic Vistas Season 5 Compilation | Spark,2h 12m 49s,2022-12-11T18:00:17Z
CFOnF9lyukA,History Of The Dangerous Space Shuttle Program | Trajectory | Spark,23m 17s,2022-12-09T18:00:04Z
GQ45kYyAtAs,Hauling Huge Ships Submarines And Naval Carriers [4K] | Huge Moves Compilation | Spark,2h 14m 3s,2022-12-08T18:00:05Z
gjVOLOZbL9k,Seven Greatest Inventions That Changed The World | Greatest Inventions | Spark,52m 1s,2022-12-06T18:00:13Z
Aa6OxQfHs7Q,The Most Jaw Dropping Sights In Our Universe | Cosmic Vistas Season 4 Compilation | Spark,2h 16m 1s,2022-12-04T18:00:02Z
aJEEWfbUP94,What Happened After The Apollo 11 Lunar Landing | Trajectory | Spark,23m 20s,2022-12-02T18:00:01Z
Dqdu-FsBk0s,The Ultimate Military Aircrafts And Weapons Of All Time | The Ultimates: Compilation | Spark,3h 10m 41s,2022-12-01T18:00:04Z
h60tlMn6TgE,Do Habitable Planets Exist Other Than Our Earth? | Exoplanets: Thousands Of New Worlds | Spark,52m 49s,2022-11-29T18:00:14Z
LQWiiphxkY0,Everything We Know About The Planets In Our Solar System | Cosmic Vistas Compilation | Spark,2h 15m 59s,2022-11-27T18:00:08Z
_9WCelsFHpQ,Archive Recordings From On Board Apollo 11 Moon Landing | Trajectory | Spark,23m 21s,2022-11-25T18:00:15Z
swu577TIkMI,Life Onboard The Royal Canadian Navy Ships (HMCS) | Warships Compilation | Spark,3h 20m 16s,2022-11-24T18:00:34Z
kTHVjSzWwA8,How Britain Won The Skies In WWII | Defenders of the Sky | Spark,45m 1s,2022-11-22T18:00:26Z
EdCyr6-uVxc,The Most Magnificent Cosmic Phenomenona | Cosmic Vistas [Season 2 All Episodes] | Spark,2h 13m 14s,2022-11-20T18:00:06Z
JU6zbflOxzU,How NASA Prepared For Apollo 11's Landing On The Moon | Trajectory | Spark,23m 14s,2022-11-18T18:00:15Z
6G5_70PqodU,Incredible Facts About The Planets In Our Solar System | Zenith Compilation | Spark,2h 9m 3s,2022-11-17T18:00:02Z
ZxXiGYjCz-I,The Ferocious Tank Battles During The Korean War | Greatest Tank Battles | Spark,44m 38s,2022-11-15T18:00:15Z
VW5LQDR7A_s,The Technologies That Revolutionized Space Exploration | Zenith Compilation | Spark,2h 29m 3s,2022-11-13T18:00:09Z
ZsNb-WY9ePk,How NASA Prepares Astronauts In Zero Gravity | Trajectory | Spark,23m 9s,2022-11-11T18:00:15Z
2gLRFuX5yNE,Harnessing The True Power Of Atoms | Order And Disorder Compilation | Spark,1h 57m 22s,2022-11-10T18:00:04Z
UfxnPFbUAmQ,Moving World's Largest Locomotives Through Narrow Streets | Huge Moves | Spark,49m 25s,2022-11-08T21:00:21Z
RbAuCuLD1Ac,How Gravity Shapes Our World With Jim Al-Khalili | The Amazing World Of Gravity | Spark,1h 29m 3s,2022-11-06T21:00:11Z
ukU5ZnboXfs,The Truth About The Apollo 1 Fire Disaster | Trajectory | Spark,23m 7s,2022-11-04T18:00:23Z
-3PaIQI-ouo,The Greatest War Machines Of The 20th Century [4K] | Combat Machines Compilation | Spark,2h 11m 34s,2022-11-03T21:00:00Z
f6pcx6NL6KM,The Challenges Of Transporting A 140 Year-Old Historical Church | Huge Moves | Spark,50m 9s,2022-11-01T19:00:18Z
TOubMlhBbos,Project Gemini: The Final Preparation For The Apollo Program [4K] | Trajectory | Spark,23m 13s,2022-10-30T18:00:17Z
1H7w_zMil6o,How Artemis 1 Will Change The Future Of Space Exploration [4K] | Zenith | Spark,25m 41s,2022-10-28T17:00:00Z
5vmK6RvT5n8,Hitting The Jackpot With The Most Meteorites On Earth [4K] | Meteorite Men | Spark,47m 55s,2022-10-26T17:00:03Z
S_-Y0j1A2mM,Crashing Into Saturn: What Did Cassini See During Its Historic Mission? | Trajectory | Spark,23m 15s,2022-10-23T17:00:17Z
F43tbX325fA,The Best Hidden Underground Secrets In The World | Underground Britain | Spark,2h 13m 51s,2022-10-21T20:00:04Z
Wjg41E8h9AU,History Of The Earth: How Did Our Planet Come To Be? | Zenith | Spark,25m 30s,2022-10-19T17:00:27Z
_E1XRd_OB7g,Venus Express: What Did Scientists Discover On Venus? | Trajectory | Spark,23m 21s,2022-10-16T17:00:19Z
35eF6GyWP2s,The Fascinating Physics Behind Car Crashes | Nigel Latta Blow Stuff Up | Spark,1h 7m 19s,2022-10-14T17:00:01Z
FL-BZ3j1uLE,Starlink: Why Did SpaceX Send 12,000 Satellites Into Orbit? | Zenith | Spark,24m 25s,2022-10-12T17:00:15Z
UQzKkiFAvyE,ISS: The Most Ambitious International Space Collaboration | Trajectory | Spark,23m 14s,2022-10-09T17:00:16Z
faEoXiTjqek,Hunting Down The Most Valuable Meteorite [4K] | Meteorite Men | Spark,48m 26s,2022-10-07T17:00:25Z
A3iJrvWF-Ts,Black Holes: What Do We Know About Them So Far? | Zenith | Spark,25m 45s,2022-10-05T17:00:04Z
2NibRnA_9dY,Hunting an Ultra-Rare $50,000 Alpha Meteorite [4K] | Meteorite Men | Spark,47m 55s,2022-10-02T17:00:01Z
K5Po5R-1rgY,Mind-Blowing Facts About Our Reality [4K] | The Secrets of Quantum Physics | Spark,1h 57m 54s,2022-09-30T17:00:10Z
ZkGMies29wg,Mars Express: The Martian Probe That Is Running 20 Years Later [4K] | Trajectory | Spark,23m 14s,2022-09-28T17:00:31Z
uTQQyKtWmrM,What NASA Discovered When They Landed On A Comet [4K] | Trajectory | Spark,23m 14s,2022-09-25T17:00:33Z
RKZ2-zqxBXM,These Robots Will Change Our Homes Forever [4K] | Tech Effect | Spark,23m 36s,2022-09-23T17:00:15Z
eN8PX-Fy6ro,Hubble's Most Amazing Discoveries [4K] | Zenith | Spark,24m 19s,2022-09-21T17:00:17Z
3FZbOBEHlQw,An Insider Look Into The Sydney Opera House | Spark,1h 5m 50s,2022-09-18T17:00:02Z
5fEqJa2meag,How Can Satellites Save The World From Natural Disasters [4K] | Tech Effect | Spark,23m 59s,2022-09-16T17:00:02Z
vlkB8cJEmgI,How Much Do You Know About The Sun? [4K] | Zenith | Spark,24m 6s,2022-09-14T17:00:37Z
-JudeyfiAL0,How The Rich Are Hoarding The World's Water | A World Without Water | Spark,1h 15m 39s,2022-09-11T17:00:00Z
9AXQ_HVr3mM,Would You Pay $500,000 For 90 Minutes In Space? [4K] | Tech Effect | Spark,23m 28s,2022-09-09T17:00:05Z
W0ly_BOLK48,Voyager 2's Discoveries On Neptune and Uranus [4K] | Zenith | Spark,27m 47s,2022-09-07T17:00:28Z
b0qTXEUGaJQ,Inside A Tesla Factory | How It's Made | Spark,1h 5m 44s,2022-09-04T17:00:16Z
IZHoofiQuHs,Is Uber's Self-Flying Plane The Future Of Transport? [4K] | Tech Effect | Spark,23m 27s,2022-09-02T17:00:23Z
4Mq8MoJXv-8,Evolution Of The Modern Spacesuit [4K] | Zenith | Spark,25m 53s,2022-08-31T17:00:05Z
_gWs29kXZr8,How Are Escalators Built At Heathrow Airport | Compilation Part 3 | Spark,1h 5m 56s,2022-08-28T17:00:26Z
m6x7SVwapUw,How Space Robots Shape The Future [4K] | Tech Effect | Spark,23m 26s,2022-08-26T17:00:34Z
xiBJY2XO1uY,Jupiter's Great Red Spot: What We've Learned So Far [4K] | Zenith | Spark,25m 24s,2022-08-24T17:00:36Z
XarVQYK1z94,How Is It Made? | Compilation | Spark,1h 6m 14s,2022-08-21T17:00:27Z
uuEaxVGESQo,Why We Do Experiments In Space [4K] | Tech Effect | Spark,23m 28s,2022-08-19T17:00:39Z
3RgBB7-Vm98,Why The International Space Station Was Almost Cancelled [4K] | Zenith | Spark,25m 24s,2022-08-17T17:00:02Z
pXTNi6sRkjA,Mining Diamonds From A Frozen Volcano - How Do They Do It? (Compilation) | Spark,1h 6m 1s,2022-08-14T17:00:34Z
25YthnSCdiE,The Nuclear War Base Designed To Save The Nation [4K] | Underground Britain | Spark,44m 43s,2022-08-12T17:00:01Z
70wEsVPSv-o,The Truth About Saturn's Rings and Its Diverse Moons [4K] | Zenith | Spark,25m 38s,2022-08-10T17:00:04Z
HydrGeILGsY,How Extreme Constructions Are Built: From Canal To Cathedral [4K Full Series] | Spark,2h 35m 49s,2022-08-07T17:00:08Z
t0kOnKPZHsY,Hellfire Club: The 18th-Century Secret Society Hidden To All | Underground Britain | Spark,44m 44s,2022-08-05T17:00:39Z
j_t2XUv5zQY,What We Know About Life On Mars [4K] | Zenith | Spark,25m 45s,2022-08-03T17:00:24Z
okkOWxGgrE8,How America Won The Space Race (Apollo Documentary) | Spark,1h 24m 25s,2022-07-31T21:00:15Z
C9CdPnB7PJs,The Medieval Dungeon Hidden Under A Castle Built Over 700 Years Ago | Underground Britain | Spark,44m 57s,2022-07-29T21:00:07Z
YWYAZfiTiDY,Which Country Owns The Most Powerful Rocket Launcher? [4K] | Zenith | Spark,24m 45s,2022-07-27T21:00:30Z
AjFz-FTT0PM,Is It Possible To Fly Like A Bird? [4K] | When Dreams Take Flight | Spark,52m 8s,2022-07-24T21:00:06Z
jAvJ9JSXRxY,Searching For Dark Matter In An Underground Science Lab [4K] | Underground Britain | Spark,44m 59s,2022-07-22T22:00:17Z
5YqLSXjX2Uk,The History of Apollo Program: One Giant Leap In Human's Space History (Full Documentaries) | Spark,4h 29m 14s,2022-07-20T19:00:02Z
jzDJEvg4454,Norway's Underground Ice Hockey Stadium | How Did They Build That? | Spark,23m 40s,2022-07-17T22:00:15Z
WZHibajT0RE,Exploring A Secret London Underground Station [4K] | Underground Britain | Spark,45m 4s,2022-07-15T21:00:13Z
q6U9mhKAFFA,The History of Artificial Intelligence [4K] | CyberWork And The American Dreams | Spark,55m 38s,2022-07-13T21:00:21Z
1Uq8Nf0gOBc,The Evolution Of Renewable Energy | How Did They Built That? | Spark,23m 46s,2022-07-10T21:00:02Z
M39Z0yUrShk,The Underground Fuel Tank That Helped Win WWII [4K] | Underground Britain | Spark,44m 59s,2022-07-08T21:00:16Z
OgUtNKN3jbU,Behind The Scenes Of DHL Delivery [4K] | Logistics of the Future | Spark,25m 28s,2022-07-06T21:00:08Z
fFGOS0GUX-U,How A Dredger Digs Up Muddy Silt Each Year [4K] | The Harbour | Spark,28m 48s,2022-07-03T21:00:13Z
qFjhpGBy1xk,B-29: The War Machine That Dropped The Nuclear Bombs In WWII [4K] | Combat Machines | Spark,43m 46s,2022-07-01T21:00:31Z
NYLDe9i4UCw,How Mobile Phones Changed The World [4K] | The Mobile Revolution | Spark,58m 16s,2022-06-29T21:00:19Z
Cr3UR74eFCQ,How Pilots Cross Between Huge Ships In The Sea And The Danger Behind It | The Harbour | Spark,28m 54s,2022-06-26T21:00:05Z
okUq2TqMXoQ,The Combat Machines That Entered The Battle During Vietnam War [4K] | Combat Machines | Spark,43m 54s,2022-06-24T20:00:13Z
z6lQJN-oBbA,How Do Magicians Know Our Choice Of Cards? [4K] | Science of Magic | Spark,47m 40s,2022-06-22T20:00:22Z
qRYQCuZmeIg,The Danger Behind Refuelling The Stolt Redshank [4K] | The Harbour | Spark,28m 56s,2022-06-19T20:00:18Z
MiYw8qKm3gQ,The Truth About The 1961 US-Soviet Tank Standoff In Berlin [4K] | Combat Machines | Spark,48m 47s,2022-06-17T21:00:08Z
Db4MBkX6Rtw,Vigilante Hacker Outsmarts Cyber Mafia [4K] | Web Warriors | Spark,49m 35s,2022-06-15T22:00:05Z
5m9WpIs7RiQ,Dive-support vessel the Bibby Sapphire And The Divers Onboard [4K] | The Harbour | Spark,28m 54s,2022-06-12T21:00:05Z
v-4Zx6zf1DA,The Greatest Combat Surveillance Equipment [4K] | Combat Machines | Spark,43m 57s,2022-06-10T21:00:31Z
4e0QwgCJlwk,Rebuilding The Skandi Inspector [4K] | The Harbour | Spark,28m 54s,2022-06-05T22:00:02Z
-gdp_VyKr7I,The Robot That Defuses Bombs In Warzones And Cities [4K] | Combat Machines | Spark,44m 2s,2022-06-03T21:00:00Z
gY1me79GBlM,How Airlines Cater To The Super Wealthy [4K] | The World’s Most Luxurious Airline | Spark,46m 29s,2022-06-01T21:00:30Z
ar2WSiYYlI8,Meet The People Who Work On The Skandi Inspector [4K] | The Harbour | Spark,28m 54s,2022-05-29T20:00:12Z
SJFtPEGUDFc,WWII Vehicles You May Not Have Heard Of [4K] | Combat Machines | Spark,43m 58s,2022-05-27T20:52:48Z
SgBiucdnoJE,How America Won The Space Race Against The Soviets [4K] | Battle For The Moon (Part 2) | Spark,52m 14s,2022-05-25T21:00:10Z
jjKq1pE6BVk,How Engineers Construct Cruise Ships [4K] | Extreme Constructions | Spark,51m 58s,2022-05-22T20:00:12Z
SFtJ0qkDGAI,The War Machines Engineered To Take On Axis Force [4K] | Combat Machines | Spark,43m 57s,2022-05-20T20:00:06Z
OW48248vWAo,History of Space Travel: From Sputnik To Apollo | Battle For The Moon (Part 1) | Spark,51m 59s,2022-05-19T20:00:10Z
0cST-F_-qAs,How Engineers Widened The Suez Canal For Bigger Ships [4K] | Extreme Constructions | Spark,51m 26s,2022-05-15T17:00:13Z
pj9Y9miMf-E,How WWI Supercharged Evolution of Military Technology [4K] | Combat Machines | Spark,43m 58s,2022-05-13T23:00:12Z
NxVNYvPSLsY,Fossils In Amber Show Us What Earth Looked Like When Dinosaurs Lived [4K] | AMBER | Spark,42m 23s,2022-05-11T21:00:10Z
R-gpSw5fVP0,How Has This Century Old Metro Stood The Test of Time? [4K] | Extreme Constructions | Spark,51m 35s,2022-05-08T21:00:14Z
Jm3EPmKFO9o,Aftermath To The World's Deadliest Natural Disasters [4K] | Mega Disaster | Spark,3h 21m 41s,2022-05-06T21:00:08Z
J03aUZR2eBY,Can We Trust Nuclear Power Again After Chernobyl? [4K] | Nuclear 2.0 | Spark,48m 1s,2022-05-05T01:48:39Z
be-HPwzL-wc,What Makes Strasbourg Cathedral An Architectural Masterpiece? [4K] | Extreme Constructions | Spark,51m 54s,2022-05-01T21:00:11Z
6QaG2L02QlM,Could Your Next Best Friend Be A Robot? [4K] | The Age of Robots | Spark,27m 38s,2022-04-29T21:00:04Z
OfCNfmvWEio,Why Are Antibiotics And Vaccines Failing Us? [4K] | The Battle Against Superbugs | Spark,48m 29s,2022-04-28T04:35:08Z
tx0Wc74n28Q,Would A Smaller Earth Be More Like Mars Or Like Venus? [4K] | Size Matters | Spark,51m 18s,2022-04-24T21:00:12Z
udb_Emx3J2U,What Is The Future of Bionic Prosthetics? [4K] | The Age of Robots | Spark,26m 3s,2022-04-22T21:00:23Z
3Kj9qoifOZo,Can A.I. Be Taught The Difference Between Right and Wrong? [4K] | ARTIFICIAL INTELLIGENCE | Spark,46m 54s,2022-04-20T22:00:01Z
F0OUX3VR5fw,Does Science Prove That Size Matters? [4K] | Size Matters | Spark,51m 33s,2022-04-17T21:00:13Z
ISuAzZ7Jwnw,Why Robots Are Better Explorers Than Human Beings [4K] | The Age of Robots | Spark,27m 19s,2022-04-15T21:00:12Z
-Jsj7K6E0Fg,The History Of Earth's Five Mass Extinction Events [4K] | The Next Great Extinction Event | Spark,47m 56s,2022-04-13T22:00:10Z
pm595upaW0g,What Happens After An Extinction Event? feat. Pascal Langdale [4K] | Super Comet (Docudrama) | Spark,49m 19s,2022-04-10T22:00:32Z
Kf2SALP5jWc,Meet The Robots Designed To Take Your Jobs [4K] | The Age of Robots | Spark,26m,2022-04-08T21:00:09Z
bVwuuRrN4Y4,What Does The Discovery of 5000 Exoplanets Beyond Earth Mean? [4K] | Life Beyond Earth | Spark,46m 17s,2022-04-06T22:00:08Z
FvDhOri4-6c,Could We Survive An Extinction Event? feat. Pascal Langdale [4K] | Super Comet (Docudrama) | Spark,49m 12s,2022-04-03T22:00:11Z
_tmwVz4T_5s,Biobots: The Scientists Building Robots Inspired By Nature's Design [4K] | The Age of Robots | Spark,25m 47s,2022-04-01T23:00:11Z
GR6bziAzAco,Honoring Fallen US Soldiers By Rebuilding Iconic C-47 | Resurrecting A Legend [4K] | Spark,1h 21m 25s,2022-03-30T22:00:27Z
x8aKqooKcgs,Satisfying Montage Of Controlled Demolitions To Relax/Study To | Demolition and Destruction | Spark,52m 7s,2022-03-27T23:00:10Z
bcJn8mAzuLE,Can Humanity Ever Learn To Live With Robots? [4K] | The Age of Robots | Spark,25m 35s,2022-03-25T23:00:16Z
I1GMCoQKJO8,Catastrophes That Change The Course of Human Space Travel [4K] | Code Red | Spark,49m 34s,2022-03-23T23:00:10Z
InvS9YiTUr4,Can We Trust Modified Food? [4K] | Biotech: The World of Microorganisms | Spark,40m 50s,2022-03-21T17:00:13Z
p049RKzPvPg,Running The World's Friendliest Airport | Changi Airport [Season 1 All Episodes] | Spark,2h 58m 28s,2022-03-18T18:00:16Z
REiUcnb9dLQ,One Man's Near Impossible Quest To Build A Personal Jet Pack [4K] | Own The Sky | Spark,1h 26m 12s,2022-03-16T16:02:20Z
zRpPkECLCHs,The German Wonder Weapons That Could Have Changed WWII [4K] | Nazi Secret Weapons | Spark,50m 4s,2022-03-11T18:00:33Z
c_5DFM2MRg8,The Dangerous Consequences of Space Junk [4K] | Space Smash | Spark,53m 56s,2022-03-09T18:00:48Z
S7-uIyGsr6U,Life As An Astronaut On The International Space Station [4K] | Cosmic Encounters | Spark,54m 23s,2022-03-07T18:00:11Z
aeSPZ1Vey3g,The Surprising Dangers of Artificial Light [4K] | The Dark Side of Light | Spark,50m 11s,2022-03-04T18:00:11Z
7_ax2TkVq1o,Are 21st Century Humans Still Evolving? [4K] | Evolution Of Us | Spark,47m 27s,2022-03-02T18:00:13Z
VFHH5nIaaoQ,Antonov AN-225 How Ukraine Made The Biggest Airplane In The World [4K] | Heavy Lift | Spark,44m 18s,2022-02-28T18:00:10Z
PdzPRLQOglI,Jumboization - Modifying Ships To Make Them Even Bigger [4K] | Heavy Lift | Spark,43m 47s,2022-02-25T18:00:12Z
OyJb5DrhzsI,How Did Humans Become Earth's Dominant Species? [4K] | Evolution Of Us | Spark,47m 28s,2022-02-23T18:00:11Z
BCGEENjMHa4,Flying The Iconic Beechcraft 18 | Behind The Wings [4K] | Spark,24m 40s,2022-02-21T18:00:04Z
qMM3tPBnEN0,The 7-Billion-Euro Flood Barrier Saving Venice From Drowning [4K] | Heavy Lift | Spark,43m 45s,2022-02-18T18:00:16Z
xCRp20FFELE,Engineer Transforms Old Helicopter Rotor Blades [4K] | Restoration Workshop | Spark,42m 56s,2022-02-16T21:24:34Z
3TRlPzxX5aE,Was The Apollo Program Humanity's Greatest Achievement? | Behind The Wings [4K] | Spark,24m 51s,2022-02-14T18:00:12Z
ARX6LqRGFXU,How Satellites Play A Huge Role In Shaping Our Lives [4K] | High Tech In Space | Spark,26m 14s,2022-02-11T18:00:04Z
YCqWuZr06TU,Engineer Transforms Discarded Waste Into Modern Furniture [4K] | Restoration Workshop | Spark,43m 12s,2022-02-09T18:00:11Z
KPjH4nnwD3A,NORAD - The US Military's Best Kept Secret | Behind The Wings [4K] | Spark,24m 49s,2022-02-07T18:00:14Z
3y91mfKT1LE,What Does The Existence Of Consciousness Say About God? [4K] | Science Vs God | Spark,51m 44s,2022-02-04T18:00:02Z
mKE2tR9DqsI,Engineer Re-Invents Old Airplane Wreck [4K] | Restoration Workshop | Spark,42m 49s,2022-02-02T18:00:19Z
6lhOkuIXC4Q,Flying The Iconic Huey Helicopter During The Vietnam War | Behind The Wings [4K] | Spark,24m 44s,2022-01-31T18:00:03Z
zP-Dce9Z7zM,Was Evolution Guided By A Divine Hand? [4K] | Science Vs God | Spark,51m 57s,2022-01-28T18:00:11Z
6b8f8iQtGGU,Engineer Transforms Vintage Moto Guzzi Bike [4K] | Restoration Workshop | Spark,43m 3s,2022-01-26T18:00:05Z
Ie_pMjtFAxQ,Flying The Cessna 172 Skyhawk In Independence Kansas | Behind The Wings [4K] | Spark,26m 16s,2022-01-24T18:00:08Z
N9YM33DXmWo,Is Life On Earth Chance Or Fate? [4K] | Science Vs God | Spark,51m 39s,2022-01-21T18:00:10Z
swWPES04Uvc,Engineer Creates Furniture Out Of WW2 Bomber Memorabilia [4K] | Restoration Workshop | Spark,42m 48s,2022-01-19T18:00:32Z
KgPdOP5pMHs,The EA-18s and EA-6Bs Jets At Naval Air Station Whidbey Island | Behind The Wings [4K] | Spark,26m 16s,2022-01-17T23:00:15Z
LRYfoiTxhiI,Why Are We Genetically Modifying Humans? | Epigenetics | Spark,44m 17s,2022-01-14T05:00:09Z
0tSM40rfo98,Engineer Restores Vintage Ship's Compass [4K] | Restoration Workshop | Spark,43m,2022-01-12T18:00:01Z
6uQHi07qd48,How The Tesla Model S Is Made | How Do They Do It | Absolute Science,21m 50s,2022-01-08T22:00:04Z
6CbvmMo1jRU,Reviving And Restoring A 1970s Rescue Helicopter [4K] | Warbird Workshop | Spark,43m 35s,2022-01-05T18:00:02Z
xzdxJfgawAY,What Goes Into Running The World's Richest Resort? [4K] | Secret Life of the Mega Resort | Spark,1h 6m 44s,2022-01-03T18:00:22Z
wqzw861L5f8,The Greatest Bomber Planes of The 20th Century [4K] | The Greatest Ever | Spark,51m 44s,2021-12-31T18:00:22Z
_n3M9CLsViw,Restoring Two War Era Biplanes That Made History [4K] | Warbird Workshop | Spark,43m 54s,2021-12-29T18:00:23Z
W9jI7uBhE8Q,A Celebration Of Steam Trains That Shaped Modern High-Speed Rail [4K] | Vintage Steam | Spark,1h 46m 4s,2021-12-26T17:03:50Z
P7A-Bug0-9k,How Paintbrushes Are Made | How Do They Do It | Absolute Science,21m 47s,2021-12-25T22:00:08Z
PvvbDSkRsJs,The Greatest Forms Of Self Defense In The 20th Century [4K] | The Greatest Ever | Spark,51m 34s,2021-12-24T16:02:03Z
gvEhDtmoMEQ,How The French Built The Largest Aquarium In Europe [4K] | Aquarium Megastructure: Nausicaá | Spark,49m 30s,2021-12-22T18:00:14Z
qP8jONoj57Y,MSC Seaside Life Onboard One Of The Biggest Cruise Ships [4K] | Secret Life of the Cruise | Spark,1h 6m 39s,2021-12-20T18:00:11Z
8vkqH3r1-f4,The Most Breathtaking Sights In Our Galaxy [4K] | Cosmic Vistas [Season 1 All Episodes] | Spark,2h 35m 25s,2021-12-19T17:00:04Z
3_1jFNs3FqA,The Greatest Construction Machinery of The 20th Century [4K] | The Greatest Ever | Spark,51m 34s,2021-12-17T18:00:11Z
CMD-JtGQZe4,How NASA Successfully Landed On An Asteroid [4K] | Project Asteroid: Mapping Bennu | Spark,26m 18s,2021-12-15T18:00:04Z
iV_p2WguzFI,A Look Behind Some Of The Longest Air Journeys [4K] | Secret Life of The Long-Haul Flight | Spark,1h 6m 59s,2021-12-13T20:00:09Z
FNvrvwcSiZY,Stripping Down And Overhauling Gigantic Vehicles [4K] | Engineering Giants [S1 All Episodes] | Spark,2h 56m 27s,2021-12-12T17:00:11Z
M4bpTcj44V4,The Greatest Fighter Jets of The 20th Century [4K] | The Greatest Ever | Spark,51m 34s,2021-12-10T18:00:12Z
15npLT_tByQ,Apollo 8's Earthrise - A Christmas Miracle [4K] | Earthrise: The First Lunar Voyage | Spark,53m 29s,2021-12-08T18:00:13Z
uopxwXlc5sU,The Truth About Making Lego Bricks | Secret World of Lego | Spark,46m 3s,2021-12-06T18:00:17Z
0gYMFSQZmhU,Transporting Naval Transport [4K] | Huge Moves All Episodes | Spark,2h 59m 11s,2021-12-05T18:00:00Z
1lAWgeaI0yg,How The World's Fastest Lifeboats Are Made | How Do They Do It | Absolute Science,22m 22s,2021-12-04T22:00:01Z
kzeILI657xo,The Most Influential Helicopters of All Time [4K] | The Greatest Ever | Spark,51m 34s,2021-12-03T18:00:11Z
lCgFXE17U3U,Behind The Scenes Of The World's Busiest Airport [4K] | Secret Life of Airports | Spark,1h 6m 53s,2021-12-01T18:00:31Z
1-VfsSNRfcI,Are We The Only Life Form In The Universe? [4K] | Our Infinite Universe | Spark,41m 50s,2021-11-29T18:00:01Z
sHEwTKEDVM0,An Exploration Of Cosmic Phenomena | Secrets Of The Universe [Season 1 All Episodes] | Spark,3h 17m 49s,2021-11-28T18:00:19Z
zW6b8McX10E,How Non-Alcoholic Beer Is Made | How Do They Do It | Absolute Science,22m 15s,2021-11-27T22:00:11Z
HOBpleJn47Q,Meet One of The Oldest B-52 Stratofortress Planes [4K] | Behind The Wings | Spark,52m 2s,2021-11-26T17:00:10Z
iUP9X52pjU8,Humanity's First Space Encounter [4K] | The First Handshake In Space | Spark,53m 34s,2021-11-24T18:00:14Z
TKVO2HmMO24,The Secret Behind Mankind Greatest Structures | Supersized Structures | Spark,52m 3s,2021-11-22T18:00:08Z
MBn17sbM7Xk,Spectacular Construction Projects Across The World (ft. Mark Hamill) | Super Structures Comp | Spark,6h 47m 24s,2021-11-21T18:00:07Z
UbpwWF6FQUM,How Vinyl Records Play Music | How Do They Do It | Absolute Science,22m 28s,2021-11-20T22:00:19Z
SLCJ4qMNKug,The Greatest & Deadliest Main Battle Tanks of The 20th Century [4K] | The Greatest Ever | Spark,51m 34s,2021-11-19T18:00:10Z
ynOR72xvZPQ,Recreating The Infamous Hindenburg Disaster | What Destroyed the Hindenburg? [4K] | Spark,47m 23s,2021-11-17T18:00:21Z
CVggI0-3h_0,The Longest Cargo Train In The World | Supersized Structures | Spark,52m 9s,2021-11-15T18:00:04Z
POIk593CRV4,How Manufactured Pleasure Is Costing Our Freedom [4K] | Big Data Big Brother | Spark,52m 22s,2021-11-14T18:00:15Z
vavlNhcIyRQ,Zamboni: How Do Ice Resurfacers Work? | How Do They Do It | Absolute Science,22m 17s,2021-11-13T22:00:29Z
FodQB-EWbEk,The Greatest Cars of The 20th Century | The Greatest Ever | Spark,51m 34s,2021-11-12T18:32:43Z
VfqOi8kDM0s,Restoring The Waterbird Royal Navy's First Seaplane [4K] | Warbird Workshop | Spark,43m 20s,2021-11-10T18:00:11Z
8pRC9zlGeGM,History's Largest Warcraft | Supersized Structures | Spark,51m 50s,2021-11-08T19:00:06Z
rAgMcGTVY0I,Can You Walk Away From A Real Explosion? [4K] | Nigel Latta Blows Stuff Up | Spark,44m 57s,2021-11-07T19:00:21Z
RD1wRJCEPOg,The Science Behind Cameras | How Do They Do It | Absolute Science,22m 26s,2021-11-06T22:00:07Z
I-brgXXI0Io,The Greatest Motorcycles of The 20th Century | The Greatest Ever | Spark,51m 9s,2021-11-05T18:00:11Z
b1bF6aMCbAM,Engineer Repurposes Old Helicopter Parts | Restoration Workshop | Spark,42m 32s,2021-11-03T18:00:09Z
T9S-s5hkQHo,Super Structures Created By Human Innovation | Supersized Structures | Spark,49m 32s,2021-11-01T17:00:14Z
IcSU0YIGGTE,The 100-Year History Of Naval Aviation Warfare [4K] | Angle of Attack | Spark,53m 37s,2021-10-31T17:00:11Z
hQ57r84Blx0,How Are Lava Lamps Made? | How Do They Do It? | Absolute Science,22m 21s,2021-10-30T21:00:30Z
7Yud9NHi7pQ,The Final Launch Of The Space Shuttle Programme [4K] | Space Shuttle: The Final Mission | Spark,58m 30s,2021-10-29T20:00:11Z
upgQp2AX_k8,Living Aboard South Pole's Polar Research Ship | Antarctica: Journey Into The White Desert | Spark,50m 38s,2021-10-27T20:10:00Z
e-oCUQ9YOPA,The Biggest Modes Of Transportation Built By Humans | Supersized Structures | Spark,53m 27s,2021-10-25T17:00:20Z
9GP4DiGusGU,The Weapon That Changed The Face Of War [4K] | Angle Of Attack | Spark,53m 17s,2021-10-24T17:00:13Z
Xy9mPvh6x80,How Forklifts Are Made | How Do They Do It | Absolute Science,22m 15s,2021-10-23T21:00:24Z
xp5EPCiF8Y4,Restoring A Legendary British Fighter Plane | Warbird Workshop | Spark,43m 22s,2021-10-22T17:00:10Z
jjODQgP47SM,The Future Of Cybernetic Implants | The Day of The Cyborg | Spark,42m 50s,2021-10-20T17:00:21Z
3qMT7l19gBw,How Did Humans Build The First Skyscrapers? | Supersized Structures | Spark,53m 8s,2021-10-18T17:00:01Z
GqKs8ATRGgE,What Is It Like To Be Struck By Lightning? [4K] | Nigel Latta Blows Stuff Up | Spark,22m 34s,2021-10-17T17:00:08Z
L0RzvmrAl2E,How The World's Fastest Ferry Is Made | How Do They Do It | Absolute Science,22m 24s,2021-10-16T21:00:06Z
WMZuu-fL5K8,The Best Secret Locations For Finding Meteorite | Meteorite Men | Spark,47m 34s,2021-10-15T17:00:30Z
MpNppwQ57jI,Is it Worth Exploring Space? The Past And Future Of Space Travel | Fight For Space | Spark,1h 21m 4s,2021-10-13T17:00:08Z
ihhoQd0N_oc,Britains Most Secret And Powerful Weapon Of War | Inside Britain’s Secret Nuclear Submarine | Spark,43m 37s,2021-10-11T17:00:32Z
pqVISlD_dEI,The Scientist Who Sent Alan Shepard To Space | Outlier: The Story Of Katherine Johnson | Spark,54m 13s,2021-10-10T12:00:23Z
A-xfNsVwCn8,Hunting The Nighttime Fireball Of The Buzzard Coulee Meteorite | Meteorite Men | Spark,47m 34s,2021-10-08T17:00:05Z
dMGoj0XIF34,Solar Eclipse Reveals The Truth About Earth | Cosmic Vistas | Spark,22m 8s,2021-10-06T17:00:31Z
PnNJTlQsIlM,HMS Duncan Escorts British Tanker Through Dangerous Waters Of Iran | Warship | Spark,43m 31s,2021-10-04T17:00:13Z
v4feYpNzcd4,From Small Steps On Earth To A Giant Leap On The Moon (feat. Harrison Ford) [4K] | ARMSTRONG | Spark,1h 39m 30s,2021-10-03T16:00:11Z
wuaJ19IdLwQ,Searching For The World's Most Famous Meteor | Meteorite Men | Spark,47m 34s,2021-10-01T22:00:32Z
H7iIM52SZoE,Was The Universe Made Just For Us? | Cosmic Vistas | Spark,22m 8s,2021-09-29T17:00:20Z
1-zc7qTaOoA,British Warship Rescues British Hostages From Iran | Warship | Spark,42m 10s,2021-09-27T22:00:00Z
-8qYJtEGGFs,Searching for the Witnessed Ash Creek Meteor | Meteorite Men | Spark,47m 34s,2021-09-24T22:00:00Z
2FbDByz5f5M,How Are Stars Born? | Cosmic Vistas | Spark,22m 3s,2021-09-22T17:00:01Z
p7NVUm4eTaU,British Warship Heads To Ukraine On Peacekeeping Mission | Warship | Spark,44m 4s,2021-09-20T22:00:30Z
_hWZkbVq2W0,60,000 Year Old Giant Meteorite That Hit Odessa Texas | Meteorite Men | Spark,47m 34s,2021-09-17T17:00:32Z
V_Ka4cJkCNQ,Studying Dark Energy: Mysterious Force That Shaped The Universe | Cosmic Vistas | Spark,22m 10s,2021-09-15T22:00:20Z
QgBCcuWFgjU,HMS Duncan: Protecting French Aircraft Carriers From Enemy Submarines | Warship | Spark,45m 18s,2021-09-13T17:00:15Z
-83citXHuWI,The Mysterious Arizona Meteorite That Baffled Experts | Meteorite Men | Spark,47m 34s,2021-09-10T17:00:00Z
PVk_aGZ2-6Q,Constellations : The Beautiful Nebulas And Galaxies Within Them | Cosmic Vistas | Spark,22m 16s,2021-09-08T22:00:22Z
jTWLRZsE6EA,HMS Duncan: Life On A Deadly Warship | Warship | Spark,44m 6s,2021-09-06T20:00:08Z
bjkGXuM1Dhs,Can Our DNA Make Us Commit Crimes? | Predict my Future: The Science of Us Episode 2 | Spark,42m 51s,2021-09-03T17:00:19Z
Bjw5cVh-rfA,What Is The Curiosity Rover Doing On Mars? | Cosmic Vistas | Spark,22m 16s,2021-09-01T17:00:08Z
UtMifEg_ql0,The Command Centre Of An Advanced Destroyer In Active Warfare | Warship: Life At Sea | Spark,44m 54s,2021-08-30T17:30:02Z
job1LqcUPRA,The Life Cycle Of Black Holes | Black Hole | Spark,49m 48s,2021-08-27T23:01:36Z
cRxTF7VtMb0,Syrian Chemical Attacks Force British Destroyer To Prepare For War | Warship: Life At Sea | Spark,45m 13s,2021-08-25T17:00:31Z
NqThvpFck3s,How To Tell If Your Child Will Be A Successful Adult | Predict my Future: The Science of Us | Spark,44m 25s,2021-08-23T21:13:17Z
mGGML5xi7xs,The First Men To Fly Across The Globe | The Greatest Air Race | Spark,53m 19s,2021-08-20T17:00:26Z
7YkY4yi8EeE,Most Sophisticated Naval Radar Ever Created Deployed In Crimea | Warship: Life At Sea | Spark,44m 53s,2021-08-18T17:00:09Z
qI93dlC8fCE,Living Aboard A Korean Polar Research Ship (RV Araon) | Extreme Mission In Antarctica,43m 37s,2021-08-16T17:10:33Z
ttB1NubFioE,Space Hunters Find And Track The Life Span Of Kansas Metorites | Meteorite Men | Spark,47m 34s,2021-08-13T17:00:39Z
ZRub5uf48x4,Landsat 8: The $900 Million Advanced Satellite | Cosmic Vistas | Spark,22m 20s,2021-08-11T17:00:32Z
90V9h7Srvdw,Inside World's Most Advanced Destroyer: HMS Duncan | Warship: Life At Sea | Spark,44m 50s,2021-08-09T17:03:01Z
-iCB3VsNgSE,Where Are The Aliens? | Cosmic Vistas | Spark,22m 18s,2021-08-04T17:00:00Z
n6eoAup0vNQ,Inside The Cargo Ships Supplying Offshore Oil Rigs | The Harbour | Spark,29m 25s,2021-08-02T17:00:34Z
9nHSIYM53aI,Las Erupciones Volcánicas Que Cambiaron El Mundo | Mega Desastre | Spark,49m 49s,2021-07-29T17:00:05Z
-J54HjCRdaA,Cosmic Rays: Messengers From A Million Light-Years Away | Cosmic Vistas | Spark,22m 12s,2021-07-28T17:00:00Z
C9mgLu8sAWU,Life Within The Oldest Business In Britain | The Harbour | Spark,29m 26s,2021-07-26T17:00:05Z
x3BDzKw3dtQ,A Search For A Sustainable Future | The Nature of Life | Spark,51m 25s,2021-07-23T17:00:41Z
Vsm90GJiW90,How Understanding The Planet Mercury Tells Us The Secrets Of The Universe | Cosmic Vistas | Spark,22m 23s,2021-07-21T17:00:18Z
DMKVT1L3GhI,North Sea Oil Rigs Saved By The Fishing Industry | The Harbour | Spark,29m 45s,2021-07-19T19:00:03Z
PeYIo91DlWo,The Future Of Transportation: MAGLEV | Megastructures | Spark,52m 34s,2021-07-16T17:00:22Z
Ox7YMwe7Cls,What Actually Caused The Universe To Be Born? | Cosmic Vistas | Spark,24m 50s,2021-07-14T17:00:12Z
at9mWVsm66M,Controlling Heavy Tanker Traffic In Europe's Most Modern Commercial Port | The Harbour | Spark,29m 12s,2021-07-12T17:00:02Z
SiH-ZTUJ0II,How One Man Won The Space Race For America (Apollo Program: Saturn V Documentary) | Spark,52m 1s,2021-07-09T17:00:14Z
AuAGJYSu_LE,The Mythology Of Ancient Skywatchers | Cosmic Vistas | Spark,22m 13s,2021-07-07T17:00:04Z
1US9Rpf38UM,Inside Scotland's Huge Commercial Port In Aberdeen | The Harbour | Spark,29m 23s,2021-07-05T17:00:21Z
EWgG_9MOsQo,Exploring The World's Most Dangerous Sport | The Birdmen Chronicles | Spark,51m 24s,2021-07-02T17:00:07Z
H19V4w2P7fE,Everything We Know About Mars... So Far | Cosmic Vistas | Spark,22m 40s,2021-06-30T17:00:07Z
ys1TVoVutM0,Oil Rig Divers Repair Pipelines Under North Sea | The Harbour | Spark,29m 26s,2021-06-29T17:00:22Z
g7wgV_EaWgw,Africa's First High-Speed Rail System| Gautrain: Africa's Golden Train | Spark,24m 46s,2021-06-25T17:00:19Z
xpfCp57msD4,The Evolution Of The Space Shuttle | Cosmic Vistas | Spark,22m 39s,2021-06-23T17:00:23Z
7n6b7Eis1HM,Singapore's Incredible 160-Foot Supertree Statues | Megastructures: Gardens By The Bay | Spark,50m 29s,2021-06-21T17:15:01Z
NjiomTyN3uQ,Secret Hanger Stores Humanity's Incredible Creations | Greatest Inventions | Spark,51m 46s,2021-06-18T17:00:11Z
VbVRmz-wlUI,How Gravity Controls Everything In Our Universe | Cosmic Vistas | Spark,22m 39s,2021-06-16T17:00:13Z
1oMscIgFv1s,Building Singapore's Unbelievable Multi-Sport National Stadium | Singapore's Field Of Dreams | Spark,46m 18s,2021-06-14T18:00:00Z
m-LbbNP58nk,How They Built The World's Longest Underwater Pipeline | Megastructures | Spark,49m 16s,2021-06-12T17:00:31Z
fOLk7zk55Vw,What Does Water On Other Planets Mean For Life? | Cosmic Vistas | Spark,22m 40s,2021-06-11T17:00:17Z
dw1fiXc6Qs0,Is The Earth Actually Running Out Of Oil? | The Struggle For Oil | Spark,55m 10s,2021-06-09T17:30:03Z
nwkWUZbvZdY,Hauling A Search And Rescue Hovercraft To Canada| Huge Moves | Spark,44m 39s,2021-06-05T17:00:32Z
rIXQhR_1QZ4,Secrets Of The Asteroid Belts: Exploring Ceres & Vesta | Cosmic Vistas | Spark,22m 40s,2021-06-04T17:00:22Z
MX8_jDQ0u4Q,How Did The Worlds First Jet Airliner Work? | The House The 50s Built | Spark,42m 23s,2021-06-03T17:00:11Z
ZTkOhDCuw0s,Rare Canberra Jet Bomber Dismantled And Hauled Across The Country | Huge Moves | Spark,44m 41s,2021-05-29T17:00:23Z
vlb-b5ch81k,The Many Seasons Of Saturn & Other Planets | Cosmic Vistas | Spark,22m 42s,2021-05-28T17:00:11Z
g1alEEfqFiw,The Inventions Behind 1950s Fashion Icons | The House The 50's Built | Spark,42m 20s,2021-05-26T22:00:10Z
P3ijbMZQpGI,Search And Rescue Helicopter Transported Inside Unique Aircraft Carrier | Huge Moves | Spark,44m 34s,2021-05-22T17:00:21Z
UCqoL-g-Zwc,Thailand Protests Bring Airport To A Halt | Bangkok Airport | Spark,55m 10s,2021-05-21T17:00:13Z
XQe_2cWeLiM,How Crude Oil Revolutionised Society In The 1950s | The House The 50's Built | Spark,42m 34s,2021-05-19T17:00:11Z
fnWn5J5Nqfg,Moving And Reasembling An Old World War One Artillery Relic | Huge Moves | Spark,44m 42s,2021-05-15T17:00:13Z
YrTpCeRpu7o,What Happens When You Lose Your Passport In Bangkok? | Bangkok Airport | Spark,53m 55s,2021-05-14T17:00:23Z
qFP8CuiqHhk,1950s Household Technology Changed The World | The House The 50's Built | Spark,43m 40s,2021-05-12T21:57:07Z
n79FS3bH-aM,Building And Delivering A Luxury Floating Home Along 70 Miles of Dutch Canals | Huge Moves | Spark,44m 33s,2021-05-08T17:00:30Z
hENjE2qCH0M,Romance Blossoms On Valentines Day At Thailand's Busiest Airport | Bangkok Airport | Spark,54m 28s,2021-05-07T17:00:16Z
dhVDvfTw3_k,Constructing The Shard And The Future Of Skyscrapers | Building To The Sky | Spark,49m 31s,2021-05-05T17:00:13Z
0matkGekLsY,Hauling Eisenhower's Personal A4 Pacific Steam Locomotive Across The Atlantic | Huge Moves | Spark,44m 39s,2021-05-01T17:00:01Z
rbwDfQr8XYc,Thailand's Toughest Immigration Officers | Bangkok Airport | Spark,53m 58s,2021-04-30T17:00:32Z
Z4baqlrMHV4,Burj Khalifa And The Rise Of Eastern Skyscrapers | Building To The Sky | Spark,49m 36s,2021-04-28T17:00:30Z
cDzGVvnq4K8,What Is The Venturi Effect? | Bigger Better Faster Stronger | Spark,22m 13s,2021-04-24T17:00:21Z
-3-PF1Sbz6w,Behind-The-Scenes At Thailand's Busiest Airport | Bangkok Airport | Spark,54m 2s,2021-04-23T17:00:01Z
e9JC-Lspi0Q,Will Biotechnology Help Save Humanity | Spark,40m 52s,2021-04-21T17:00:28Z
CnS4Bml0NbU,The Gherkin The Building London Didn't Want Built | Building The To The Sky | Spark,49m 5s,2021-04-20T06:48:47Z
IKm5S76iJSw,The Cybernetic Future Of Humanity | Future Human A.I. | Spark,45m 35s,2021-04-17T17:00:05Z
t58RgczXwn8,Inside The Happiest Airport On Earth | Bangkok Airport | Spark,53m 50s,2021-04-16T17:00:33Z
RPGe4Fx02oM,Decline Of Western Skyscrapers | Building To The Sky | Spark,49m 6s,2021-04-14T17:00:16Z
STlbTQNjX2I,Real Life Rocketman Flies With Homemade Jetpack | Rocket Compulsion | Spark,49m 8s,2021-04-12T17:00:08Z
q8lJN5oJOss,How Robots Are Taking Our Jobs | Future Human A.I. | Spark,47m 26s,2021-04-10T17:00:30Z
FEVigFpnL-A,What Did Our Universe Look Like Billions Of Years Ago? | Cosmic Vistas | Spark,22m 41s,2021-04-09T17:00:12Z
UyMtEvAek7g,Evolution Of Iconic Skyscrapers In The 20th Century | Building To The Sky | Spark,49m 5s,2021-04-07T17:00:11Z
j93PAnmZbVk,How Singapore's Subway System Was Built | Building The Biggest | Spark,45m 35s,2021-04-06T17:00:16Z
uI7WkS8wnRw,Could AI Become More Intelligent Than Humans? | Future Human A.I. | Spark,47m 36s,2021-04-03T17:00:33Z
Qt9smxiDDNk,Cosmic Secrets Of The Aurora Borealis | Cosmic Vistas | Spark,22m 40s,2021-04-02T17:00:12Z
Gy4z5G2zaIU,America's Greatest Skyscrapers | Building To The Sky | Spark,50m,2021-03-31T17:00:05Z
XEFMgap6Ptg,Constructing Mammoth Underwater Gas Pipeline | Building The Biggest | Spark,44m 30s,2021-03-29T17:00:08Z
Zg9ST-ALutI,Constructing An Olympic Size Ice Skating Track | Extreme Science | Spark,44m 26s,2021-03-27T18:00:07Z
Wpn1AlBoDOs,Where Is The Best Place To See The Milky Way? | Cosmic Vistas | Spark,22m 37s,2021-03-26T18:00:15Z
-BCIA2p-WqA,Deconstructing The 1920's SS President: America's Largest Steamboat| Huge Moves | Spark,43m 50s,2021-03-24T18:00:00Z
4-rNDhklIZc,The Secrets of How The ISS Was Built | Building The Biggest | Spark,45m 19s,2021-03-23T20:15:01Z
E3cO7lnnE5M,Carving The Ride Shakedown Course From 150,000 Cubic Meters Of Snow | Extreme Science | Spark,44m 33s,2021-03-20T18:00:06Z
ZPI9Fa-FXqM,Secrets Of The Universe Revealed Using Infrared | Cosmic Vistas | Spark,22m 41s,2021-03-19T18:00:33Z
KjoAFvUdakI,Moving A 200-Year-Old Baptist Church In Salem Massachussetts| Huge Moves | Spark,44m 19s,2021-03-17T18:00:14Z
TILdfPR_5uw,Building Red Bull Air Race's Floating Race Track | Extreme Science | Spark,44m 47s,2021-03-13T18:00:07Z
eRTovFxMAh4,How Scientists Look For Planets Like Earth | Cosmic Vistas | Spark,22m 40s,2021-03-12T18:00:23Z
s_d_jVJ4ZWs,Driving A Million Dollar Mansion Through Missouri's Tornado Alley | Huge Moves | Spark,44m 41s,2021-03-10T18:00:29Z
ctyoAE5dTrU,The Real Life 'Top Gun' | Fighter pilot: Operation Red Flag | Spark,45m 49s,2021-03-06T18:00:15Z
vS2MO7CZGXw,The Disaster Of Space Shuttle Columbia STS-107 | Cosmic Vistas | Spark,22m 33s,2021-03-05T18:00:32Z
yDJfx44AoG8,Dutch Engineers Create Submersible Yacht To Move Fleet Of Boats Across World | Huge Moves | Spark,44m 32s,2021-03-03T18:00:16Z
TbU4Maoj6tk,The Dark Side Of Upgrading Your Smartphone Every Year | E-Life | Spark Shorts,35s,2021-03-01T15:00:18Z
wRlk4FIFeh0,The Race To Create The Fastest Train | The Ultimates: Supersonic Trains | Spark,47m 44s,2021-02-27T18:00:28Z
pe7cV_6sv2I,Why The Right To Repair Law Matters For Your Electronics | E-Life | Spark,51m 22s,2021-02-26T18:00:14Z
zSjgC4ujO-A,Moving Quebec Town Sitting Atop $7 Billion Gold Mine | Huge Moves | Spark,44m 52s,2021-02-24T18:00:18Z
2ZmYC0BUUEY,How To Find Out If You Are Sleep Deprived | The Truth About Sleep | Spark Shorts,30s,2021-02-22T12:03:19Z
tDEa2Y2qQQk,Eurofighter Typhoon: Greatest Military Aircraft Of All Time? | The Ultimates: Strike Planes | Spark,47m 44s,2021-02-20T18:00:12Z
3vijOMIbu0w,Secrets Of The Solar System's Asteroid Belts | Cosmic Vistas | Spark,25m 27s,2021-02-19T18:00:01Z
gdV7UGkoqAM,This O-Class Submarine Is Being Turned Into A Museum | Monster Moves | Spark,44m 51s,2021-02-17T18:00:25Z
HuynzAg6o0g,What Its Like Working On Britains Largest Warship | Warship | Spark,45m 53s,2021-02-13T18:00:03Z
pJNNzamNN8c,What Humanity Can Gain From Other Moons | Cosmic Vistas | Spark,25m 27s,2021-02-12T18:00:30Z
83BZIzsyFPY,Transporting Ancient Pharaoh Rameses Statue Across Egypt | Huge Moves | Spark,46m 58s,2021-02-10T18:00:03Z
YFFWjbnjeL0,Can The HMS Ocean Survive Another Attack From Enemies? | Warship | Spark,45m 18s,2021-02-06T18:00:06Z
rNyPtClrfHs,The Most Distant Planets In Our Solar System | Cosmic Vistas | Spark,25m 27s,2021-02-05T18:00:24Z
rMSTcNQhuc8,Man Creates Town Forgotten By Time By Hualing Historical Buildings Across Texas | Huge Moves | Spark,46m 58s,2021-02-03T18:00:27Z
MLSFDJ3pFoI,How The HMS Ocean Navigates Life Through Hostile Waters | Warship | Spark,45m 49s,2021-01-30T18:00:03Z
OJtiZZg25d0,What Do The Deserts Of Mars Look Like? | Cosmic Vistas | Spark,25m 27s,2021-01-29T18:00:06Z
tZCwaEmfyYo,What Makes America's Tornado Alley A Tornado Hotspot? | Angry Planet | Earth Stories,22m 59s,2021-01-29T17:00:35Z
x3aijLiYnjE,In-Depth Analysis Into A Planes Black Box | Equinox: The Box | On The Move,49m 29s,2021-01-29T17:00:34Z
uftXXreZbrs,How The Rich Are Stealing The World's Water | Earth Stories,1h 13m 53s,2021-01-29T17:00:20Z
FH3bnO9Ujhk,Ferrari: Motoring's Greatest Car? | Top Cars | On The Move,41m 13s,2021-01-29T17:00:12Z
4wQjAB-jnI8,The De Havilland Beaver An Engineering Masterpiece | The Immortal Beaver | On The Move,46m 31s,2021-01-29T17:00:01Z
ae8rOmh3RpU,Transportation Nightmare Of 100 Tone 15F Steam Train Across Two Continents | Huge Moves | Spark,46m 58s,2021-01-27T18:00:01Z
vEF9IO4zazo,Is Boeing AH-64 Apache The Ultimate Weapon? | The Ultimates: Combat Helicopters | Spark,47m 44s,2021-01-23T18:00:26Z
UVYlYoHaNRo,Where Does Humanity Go After The Moon? | Cosmic Vistas | Spark,25m 25s,2021-01-22T17:00:30Z
hW7iHYBLbxg,Moving A WW2 Lockheed Lodestar For Restoration | Huge Moves | Spark,46m 57s,2021-01-20T17:00:17Z
dqUeMicD08Q,James May Builds His Own Home Cinema | James May's Man Lab | Spark,51m 35s,2021-01-18T17:00:32Z
fadUMBuY7Ng,A 25,000-Tonne Bomb That Has Never Been Detonated Is Set Off | The Ultimates: Explosions | Spark,47m 41s,2021-01-16T17:00:14Z
5GDb7lE_FWs,Unlocking The Secrets Of The Universe With Satellites | Cosmic Vistas | Spark,25m 25s,2021-01-15T17:00:02Z
ZAcBKEWfjp4,Hauling A Clubhouse Over A Mountain | Huge Moves | Spark,46m 58s,2021-01-13T17:00:12Z
8AagIk3sZ9w,James May Embarks On A Mission To Build His Own Pub | James May's Man Lab | Spark,51m 22s,2021-01-11T17:00:10Z
l-qj6OYbP-I,Behind Some Of The Worst Racing Crashes In History | The Ultimates: Racing | Spark,47m 44s,2021-01-09T17:00:29Z
PO-h-dOi4Rs,How Cold War Shaped The World's First Spaceport | Baikonur Cosmodrome | Spark,49m 11s,2021-01-08T17:00:12Z
Yytqjhafv0Y,Moving An Entire Town Before It Collapses | Huge Moves | Spark,46m 57s,2021-01-06T17:00:13Z
gPn-x7wKccI,James May Takes On An Unexploded WW2 Bomb | James May's Man Lab | Spark,51m 33s,2021-01-04T17:00:31Z
gLTKzxjPUBQ,Investigating The Futuristic Vision Of Magnetic Levitation | Power: High-Speed Trains | Spark,49m 34s,2021-01-02T17:00:12Z
zegE3_kTppY,America's Most Iconic Fighter Jets | The West's Land-based Fighters & Bombers | Spark,55m 40s,2021-01-01T17:00:32Z
O4c6ipJ6Ff0,Houses Dragged Across The Ocean To Build A Floating City | Huge Moves | Spark,49m 47s,2020-12-30T17:00:16Z
2OEA7r6JHjo,Why Changi Airport Is Unlike Any Other Airport | The World's Best Airport: Changi | Spark,44m 59s,2020-12-28T17:00:01Z
lXSk-8EO_dA,The Train Engines That Revolutionized The World | Power: Railways | Spark,49m 32s,2020-12-26T17:00:13Z
5wA319fn76o,How Lego Keeps Dominating Your Christmas Shop | Inside Lego At Christmas | Spark,46m 6s,2020-12-25T17:00:01Z
s5n-UgqcMrM,Moving A Vintage Spitfire Fighter Aircraft Across The Atlantic | Huge Moves |Spark,44m 44s,2020-12-23T17:00:17Z
d4tGpoY0axU,The Astronauts Who Oribted The Moon On Christmas | Apollo 8 | Spark,49m 32s,2020-12-21T17:00:15Z
fpSxmrANKe4,From Ants to Elephants: The Incredible Animals of Earth (Wildlife Documentary) | Real Wild,1h 28m 30s,2020-12-20T17:00:12Z
9z46cJQxdtQ,The Evolution Of Earth's Unstoppablle Land Vehicles | Power: Engineering Energy And Speed | Spark,49m 34s,2020-12-19T17:00:02Z
Aq9Y5aIdQts,Building The World's Largest LEGO Sculpture | A Big Lego Christmas | Spark,46m 39s,2020-12-18T17:00:03Z
HYXVVZ6JuDE,Antique Family Home Moved Through A Storm | Huge Moves | Spark,49m 48s,2020-12-16T17:00:18Z
6ApDLXFPuYQ,Flying With Prohibited Items | The World's Best Airport: Changi | Spark,44m 48s,2020-12-14T17:00:02Z
TwXlBVPtMzw,Engineering Behind The Most Efficient Ships | Power: New Horizons | Spark,49m 34s,2020-12-12T17:00:10Z
cnvT5Bvq13M,An Inside Look Into The Cadbury Chocolate Factory | Chocolate Secrets Unwrapped | Spark,46m 8s,2020-12-11T17:00:31Z
1R2cdiFb71w,Where Do The New London Underground Trains Come From? | Huge Moves | Spark,49m 47s,2020-12-09T17:00:01Z
xiyldB2eCJY,Working Inside The World's Friendliest Airport | The World's Best Airport: Changi | Spark,42m 10s,2020-12-07T17:00:33Z
Wnv1-DaJWQw,The Evolution Of Speed & Power In Motorcars| Power: Supersonic Car | Spark,49m 34s,2020-12-05T17:00:09Z
bC_DZlweviI,The Rising World Of Building AI Human Clones | Artificial Intelligence | Spark,45m 28s,2020-12-04T17:00:31Z
qrlHUvtE8Lo,Relocating Varsity Hall: The 150-Year-Old Mansion That Used To Be A Hospital | Huge Moves | Spark,49m 4s,2020-12-02T17:00:30Z
p8ngIL4noF4,Airport Staff Deal With Drunk Passenger | The World's Best Airport: Changi | Spark,44m 21s,2020-11-30T17:00:15Z
i8CnA2fKpvI,The Great Barrier Reef: Our Ocean's Dying Paradise | Great Barrier Reef | Real Wild,50m 34s,2020-11-29T17:00:19Z
no4bqJ4ILEs,The Powerful Navy Ships Dominating The Seas For The Past Century | Power: Aircraft Carrier | Spark,49m 35s,2020-11-28T17:00:13Z
C4T6KTzL7ww,Is There Evidence Of Alien Life Already? | UFO Conclusion | Spark,45m 43s,2020-11-27T17:00:03Z
37QA7TnrQEA,Installing A Massive Control Tower At Heathrow Airport | Huge Moves | Spark,49m 3s,2020-11-25T17:00:02Z
_iZjJbIsVds,The Mystery Of Norway’s Hessdalen Lights Phenomenon | UFO: Trick Of The Light | Spark,27m 6s,2020-11-23T17:00:12Z
8tcVBwSHHCg,Building The Largest Ever Flying Boat | Power: Howard Hughes' Spruce Goose | Spark,49m 35s,2020-11-21T17:00:01Z
1as-YR7xWuI,Unseen Footage Of Incredible Military Spy Tech | Reconnaissance And Intelligence Aircrafts | Spark,59m 22s,2020-11-20T17:00:00Z
TxY6Gbe7tTs,How These Legendary Aircrafts Shaped Boeing 787 Dreamliner | Legends Of Flight | Spark,41m 27s,2020-11-18T17:00:32Z
i8FWYxbnHe0,How The Harrier Jet Was Adapted For Aircraft Carriers | Power: Jump Jet | Spark,49m 35s,2020-11-14T17:00:16Z
5YUAjDSTIzE,Inside The Engine Of The Flying Scotsman | World's Most Famous Steam Train | Spark,58m 12s,2020-11-13T17:00:01Z
FgW2ExbtEP0,Journey To Space with Patrick Stewart | Spark,39m 22s,2020-11-11T17:00:07Z
nQlFsUb1iMQ,Evolution: The Incredible Animal Kingdom (Wildlife Documentary) | Evolution | Real Wild,52m 17s,2020-11-10T17:00:30Z
yTgW704aOUk,How Da Vinci Invented A War Carriage Covered In Blades | The Re-Inventors | Spark,44m 5s,2020-11-07T17:00:12Z
UK-awSKjk2s,How Is Humanity Connected To The Cosmos? | Journey Of The Universe | Spark,52m 57s,2020-11-04T17:00:09Z
mpRXR8PyZW8,The Secret Lives Of Puffins (Wildlife Documentary) | Puffin Patrol | Real Wild,47m 19s,2020-11-03T17:00:09Z
u8yGrFyI00o,The Frog Evolution Left Behind: The Pig-Nosed Frog | On The Brink | Real Wild,22m 4s,2020-11-01T18:00:11Z
6UDorVWWhr8,Why People Were So Terrified Of Being Buried Alive | The Re-Inventors | Spark,44m 6s,2020-10-31T17:00:01Z
6OxM46oO1x8,The Enormous USS Ronald Reagan Super Carrier | Aircraft Carrier: Guardian Of The Seas | Spark,41m 8s,2020-10-30T17:00:01Z
shu4x5Tii5s,The Incredible Bond Between Twins | Two Of A Kind | Spark,1h 26m 51s,2020-10-28T17:00:12Z
4z2hWBm1iOI,The Rolling Rocket Bomb Designed to Kill Nazis | The Re-Inventors | Spark,43m 58s,2020-10-24T16:00:03Z
0ua4q4s-QiQ,The Man And Science Behind Space X | Elon Musk: Mission To Mars | Spark,58m 13s,2020-10-23T16:00:02Z
aEmxLNGKANU,The Mysteries Of The Night Sky | Ambassadors Of The Sky | Spark,44m 23s,2020-10-21T16:00:00Z
e0wLQQW1Z6w,Did Da Vinci Invent The First Machine Gun? | The Re-Inventors | Spark,44m 2s,2020-10-17T16:00:14Z
CAAd6abfCy0,Protecting The Amazon Rainforest's Wildlife | Inside Nature's Marvels | Real Wild,49m 46s,2020-10-17T16:00:05Z
TsBDjlqHpxc,Can We Date Back The Birth Of Our Universe? | Origins of the Universe | Spark,39m 18s,2020-10-16T16:00:08Z
dN44VK88C9Q,The Test Dummies Used To Train Combat Medics For Surgery | The Military Tech Show | Spark,44m 10s,2020-10-14T16:00:18Z
ktOHF11mHrk,Can A Helmet Also Serve As A Gun? | The Re-Inventors | Spark,44m 6s,2020-10-10T16:00:28Z
JSAj91cU9-8,Discovering The Mysteries Of Space | The Secrets Of The Universe | Spark,1h 25m 2s,2020-10-09T16:00:11Z
aF6p3zFsmxU,The Underwater Robot That Could Protect Our Shores | The Military Tech Show | Spark,43m 9s,2020-10-07T16:00:00Z
25vHwzxcT8k,Can This Suitcase Hold A Life Raft? | The Re-Inventors | Spark,43m 58s,2020-10-03T16:00:00Z
eD2wBSk4dzo,The Incredible Science Behind Our Eyes | Science of the Senses E4 | Spark,52m 2s,2020-10-02T16:00:09Z
SMr1O9fe4pw,Why The RAF Air Tankers Are Perfect For Aerial Refuelling | The Military Tech Show | Spark,44m 12s,2020-09-30T16:00:16Z
0_GLfFKvXeY,Will We Be Able To Regenerate Parts Of Our Body? | Stem Cells | Spark,47m 26s,2020-09-19T16:00:00Z
UWKaTNYnwAI,What Is It Like To Lose The Sense Of Touch? | Science of the Senses E2 | Spark,51m 37s,2020-09-18T16:00:25Z
sVpSr5xJiNw,How Brands Are Influencing Your Decisions | Neuromarketing | Spark,55m 28s,2020-09-16T16:00:27Z
HVcckmqxgFY,Who Was The First American Woman In Space? | Dr. Sally Ride | Spark,43m 55s,2020-09-12T16:00:03Z
4pWkiJBwPoA,How Does Your Brain Process Music Differently To Speech? | Science Of The Senses: Hearing | Spark,50m 16s,2020-09-11T16:00:02Z
hF3W82mNpuE,Why Most Green Products Aren't Actually Green | Greenwashing | Spark,45m 16s,2020-09-09T16:00:12Z
Yu-ISnuBeZo,Is This The World's Most Advanced Pilot Helmet? | The Military Tech Show | Spark,43m 28s,2020-09-04T16:00:09Z
s5JXL73uyww,Why This Missile Destroyer Cost US Navy Billions | The Military Tech Show | Spark,42m 55s,2020-08-28T16:00:13Z
0TYo_0RRV70,Engineering And Building An 80,000-Ton Cruise Ship | The Meraviglia Cruise Ship | Spark,51m 47s,2020-08-26T16:00:01Z
bJmjgROSDBY,How This Revolutionary X-Plane Blends Plane And Helicopter | The Military Tech Show | Spark,43m 13s,2020-08-21T16:00:09Z
bqQzpgVY_ks,The Gigantic French Navy Ship Built For Warfare | Extreme Constructions | Spark,50m 42s,2020-08-19T17:00:10Z
GR6TIs935kk,Why We Haven't Gone Back To The Moon? (Space Race Documentary) | Spark,48m 2s,2020-08-15T17:00:11Z
y8aKqbya_qc,Prisoners Work Together To Fight California Wildfires | Stormrider: Fire Storm | Spark,44m 54s,2020-08-14T17:00:14Z
dPrxSpOdchw,What Would Happen If Technology Disappeared Tomorrow? | Avoiding Apocalypse | Spark,49m 37s,2020-08-12T17:00:28Z
1yM7dkJrUfw,Does Money Get In The Way Of Science? | The Frauds Of Science | Spark,31m 29s,2020-08-08T17:00:00Z
7Y-OBa2Nc-o,Uncovering The World's Biggest And Most Violent Storms | Stormrider: Tornado | Spark,45m 43s,2020-08-07T17:00:04Z
jKu0camxQ2k,Why We're Still Not Cloning Humans | Playing God | Spark,46m 41s,2020-08-01T17:00:09Z
4h788_Gewyc,The Wrath Of A Hurricane | Stormrider: Hurricane | Spark,44m 58s,2020-07-31T17:00:01Z
BT4RgpcyfLg,How Long Until We Run Out Of Food? | Avoiding Apocalypse | Spark,50m 51s,2020-07-29T17:00:07Z
H68agLDt7EA,Exploring the Lunar Highlands | Apollo 16 (Space Documentary) | Spark,48m 26s,2020-07-25T17:00:05Z
b2frC-igiTM,How Are Potato Chips Made In Factories? | Making Goods | Spark,22m 4s,2020-07-24T17:00:13Z
m-aqWZFCOiY,Are We Running Out Of Water? | Avoiding Apocalypse | Spark,50m 51s,2020-07-22T17:00:10Z
2EVlxQHzksA,How Mass Production Shapes Our Weekends | Making The Goods (Part 1 of 2) | Spark,22m 4s,2020-07-15T16:00:01Z
jyYWl-KNfZk,What Substitutes Can We Use Instead Of Fossil Fuels? | Avoiding Apocalypse | Spark,50m 55s,2020-07-13T17:00:24Z
fsXs_7AEiWs,Who Was Behind The Apollo Space Program? (Feature Documentary) | Spark,56m 10s,2020-07-11T17:00:08Z
vqJ9-U8o_Rs,Are We Too Late To Stop Climate Change? | Carbon Nation | Spark,1h 14m 52s,2020-07-08T17:00:17Z
K3Q5OEfD9u8,What Will Happen If Earth Keeps Getting Warmer? | Avoiding Apocalypse | Spark,51m 12s,2020-07-06T17:00:11Z
YNDOAd0KBCU,The 100 Meter Meteorite That Just Disappeared | Fer de Dieu of Chinguetti | Spark,49m 3s,2020-07-04T17:00:12Z
RFGzI1Mama8,The Science of the Soul | Spark,14m 35s,2020-07-03T17:00:08Z
HxuANt_SWTs,The Bitcoin Boom | Bitcoin: Beyond the Bubble | Spark,34m 1s,2020-07-01T17:00:08Z
gNNy_IvHnIg,HMCS Iroquois Travels Into The Most Dangerous Waterways On The Planet | Warships | Spark,50m 5s,2020-06-29T17:00:10Z
1OxpuNvtpzU,What Do We Do With Nuclear Waste? | Nuclear Hope | Spark,17m 51s,2020-06-26T17:00:01Z
Icd-4O1q2Jo,Camp Bastion: The Fortress That Fought The Taliban In Afghanistan | The Billion Pound Base | Spark,47m 8s,2020-06-24T21:00:04Z
5iwD0EbGGrI,HMCS Protecteur Boards Suspicious Somali Fishing Vessel | Warships | Spark,50m 1s,2020-06-22T17:00:03Z
CZwFxRdIMLM,Are Our Doctors Overmedicating Us? l The Doctor Who Took Kids Off Drugs l Spark,56m 42s,2020-06-20T20:00:02Z
vYmJWEuaC-E,Mississippi Bridge Collapse: What Went Wrong? | Built From Disaster | Spark,11m 23s,2020-06-19T17:00:31Z
_COocpNsF7E,How Brushing Your Teeth Increases Your Lifespan | The Truth About Your Teeth | Spark,57m 14s,2020-06-17T21:00:09Z
4GFLo0Izp_s,HMCS Calgary Sets Sail For Persian Gulf | Warships | Spark,50m,2020-06-15T17:00:04Z
5v5prMW3AzA,How Earth Survives The Sun's Wrath | Solar Superstorms | Spark,11m 43s,2020-06-12T17:00:01Z
XZ-3A1D75vM,How Science Is Improving Dental Health | The Truth About Your Teeth | Spark,57m 31s,2020-06-10T17:00:11Z
ZaMz5qWbCvs,Life Onboard The Drug-Busting HMCS Calgary | Warships | Spark,50m 5s,2020-06-08T17:00:24Z
loKJO3rD0Bw,Can Martial Arts Build Pain Tolerance? l The Doctor Who Gave Up Drugs l Spark,57m 35s,2020-06-06T20:00:06Z
kY8tiAAn3Fg,How To Hack Your Stress Response l The Truth About Stress l Spark,50m 2s,2020-06-03T20:00:18Z
Zj-dULFkzGI,My Invention Could Change Cocktails Forever | Backyard Inventors | Spark,22m 14s,2020-06-01T17:00:23Z
yCj-iIOaRrQ,Painkillers and The Placebo Effect l The Doctor Who Gave Up Drugs l Spark,57m 31s,2020-05-30T17:00:30Z
cmxFW6pkiW0,Can Geometry Save A Sinking Island? | Super Structures | Spark,11m 32s,2020-05-29T17:00:15Z
Vwg5oE-ihJI,Can Glass Houses Help Us Sleep Better? l The Truth About Sleep l Spark,57m 31s,2020-05-27T17:15:00Z
4KCSsDBk9fY,Dolphins Communicating Under Water | Animal Society | Real Wild,23m 32s,2020-05-26T17:00:01Z
g70kG_dBVFo,Can DNA Determine How We Live Our Lives? | In the Name of the Gene | Spark,54m 1s,2020-05-23T17:00:15Z
JXEFslp6ndM,How Germany Helped NASA Reach The Moon | The Saturn V Story | Spark,11m 14s,2020-05-22T17:15:01Z
xEvZ8tVbCw4,What Starch Does To Our Gut Bacteria l The Truth About Carbs l Spark,57m 35s,2020-05-20T17:15:04Z
Y8j-38CAFdM,Can Science Make You A Hero? | You Are What You Act | Spark,1h 16m 51s,2020-05-16T17:00:16Z
koBQy89hxT0,New Guinea's Gold Mountains | Super Structures | Spark,10m 24s,2020-05-15T17:15:00Z
3IlIWoD_olI,Are We Formed From The Stars? | Life Behind the Stars | Spark,49m 56s,2020-05-13T17:00:02Z
3bTJR5DkUKY,The Ship Explosion That Rocked Canada | Halifax Explosion | Spark,44m 33s,2020-05-10T09:36:49Z
8n1cM0am4i0,Why Humans Chew Gum | Dark Side Of The Chew | Spark,57m 46s,2020-05-06T17:00:03Z
E95SV-0Fh7U,Five Memorable Moments | Heathrow: Britain's Busiest Airport | Spark,13m 3s,2020-05-01T17:00:05Z
yi126_xbQPU,Keeping Trains On Tracks: Shaving Wheels Back Into Shape | Mega Mechanics | Spark,47m 35s,2020-04-29T17:00:20Z
xikMHtma4hw,Unique Invention Wants to Change Construction Forever | Backyard Inventors | Spark,22m 14s,2020-04-27T17:00:32Z
N_84KIQ_53s,The Fishermen Who Fish For Metal | The Earth's Riches | Spark,11m 6s,2020-04-24T17:00:10Z
i9EI0FALcrw,Dangerous Repair At Sugar Mill | Mega Mechanics | Spark,47m 35s,2020-04-22T17:00:17Z
DN6mEQvT74c,What Does This Scientist Have To Say About Asian Breasts? | ExperiMental | Spark,24m 8s,2020-04-18T21:00:02Z
nmIajKSScWs,10-Day Shutdown Ordered To Repair Enormous Coal Machine | Mega Machines | Spark,47m 35s,2020-04-15T17:00:23Z
6-MrlS8Mgt8,Prototype Fails During Testing Phase | Backyard Inventors | Spark,22m 13s,2020-04-13T17:00:02Z
pQfLJlBr79I,Why Do Women Cheat On Men? | ExperiMental | Spark,24m 44s,2020-04-11T21:00:16Z
o3N1hxqfnEo,Why The Unsinkable Titanic Sank | Built From Disaster | Spark,10m 3s,2020-04-10T17:00:30Z
Gfj1MOFbSts,What Happens When Heavy Metal Machines Breakdown? | Mega Mechanics | Spark,48m 5s,2020-04-08T17:00:10Z
5VqW3jhmYNE,Couple's Groundbreaking Idea Fails To Impress | Backyard Inventors | Spark,22m 14s,2020-04-06T17:00:04Z
Z1pJXQVxWoI,What's The Human Equivalent Of A Dog Sniffing Another's Rear End? | ExperiMental | Spark,24m 24s,2020-04-04T21:00:19Z
AIMzNmjCyj4,Timetravel & Temporal Paradoxes | The World's First Time Machine (Science Documentary) | Spark,10m 46s,2020-04-03T17:00:08Z
K12bJBNn8lc,Removing And Replacing a 23-Tonne Gearbox | Mega Mechanics | Spark,48m 5s,2020-04-01T17:00:10Z
ZYXWGWmGwkM,Redesigning the Shovel | Backyard Inventors | Spark,22m 14s,2020-03-30T17:00:11Z
P2t4Pt29kXo,What Can Be Learned From Measuring Your Fingers? | ExperiMental | Spark,24m 32s,2020-03-28T22:00:06Z
NoNive4jZig,First Contact with Aliens | Is Anybody Out There? (Alien Life Documentary) | Spark,10m 14s,2020-03-27T18:00:07Z
nkEu_5VG2pE,Engineering Behind Australia's Gigantic Coal Industry | Mega Mechanics | Spark,48m 5s,2020-03-25T18:00:19Z
TVCZez-pdOI,How Chemistry Is Being Used To Save The Environment? | Ever Wondered | Spark,22m 11s,2020-03-18T22:00:04Z
JS5RTumZxDI,Why Are These Birds Glowing In the Dark? | ExperiMental | Spark,24m 24s,2020-03-14T22:00:09Z
b2hZe9ToaEI,Restoring The Beloved Beaver Aircraft | The Immortal Beaver | Spark,46m 50s,2020-03-13T18:00:09Z
ddyZVo0WwqU,The Cutting Edge In Forensic Science | Ever Wondered | Spark,21m 59s,2020-03-11T22:00:03Z
FCewcOVErHw,I Want My Invention To Make A Difference | Backyard Inventors | Spark,22m 14s,2020-03-09T18:00:02Z
ZG0ls2yRlEg,Could This Pill Replace Alcohol? | ExperiMental | Spark,24m 45s,2020-03-07T22:00:02Z
DeYvP2A3QvU,Extreme Temperature Science With Richard Hammond | Richard Hammond's: Wild Weather | Spark,57m 30s,2020-03-06T17:46:12Z
K_anaxcRjq0,Mathematics Is Deeply Rooted In Ever | Ever Wondered | Spark,21m 38s,2020-03-04T22:00:02Z
WorxCpQb-yY,The Devastating Power Of Water | Richard Hammond's Wild Weather | Spark,56m 45s,2020-02-28T22:00:09Z
0HNchgWZ2_c,What Can We Learn From Bees? | Ever Wondered | Spark,21m 38s,2020-02-26T22:00:01Z
AFfi6H4Heyw,What Goes On Inside The Sugar Capital Of The Nation? | Big Australia | Spark,45m 24s,2020-02-24T22:00:02Z
zhX8ks7gmWg,Can This Robot Dance Better Than You? | ExperiMental | Spark,24m 49s,2020-02-22T22:00:13Z
LO5vcaujZEI,Creating a 10-Metre High Fire Tornado | Richard Hammond's Wild Weather | Spark,56m 43s,2020-02-21T22:00:02Z
Z9Uv-Xd7ClY,The Innovative Way New Zealand Manages Its Water Supply | Ever Wondered | Spark,21m 29s,2020-02-19T22:00:07Z
4pUXPYZa9u0,Australia's Billion Dollar Iron Mine Business | Big Australia | Spark,47m 55s,2020-02-17T22:00:00Z
xfYPUYMfPMQ,Why Does Magic Work So Well On THe Human Eye? | ExperiMental | Spark,24m 27s,2020-02-15T22:00:06Z
GUCLdoT6vBQ,The Man Who Created The Hydrogen Bomb | From Bombmaker To Peacemaker | Spark,55m 35s,2020-02-14T22:00:05Z
14YkfFt6bxY,Australia's Massive Farming Machines | Big Australia | Spark,49m 6s,2020-02-10T22:00:00Z
rly34XjPd_E,The Surprising Way To Tell If A Dog Can See Very Well | ExperiMental | Spark,24m 48s,2020-02-08T22:00:09Z
nr7APKTZjWk,What Undiscovered Sea Creatures Could Benefit Mankind? | Ever Wondered | Spark,22m 1s,2020-02-05T22:00:06Z
CoXOhf-ddiU,Campdrafting: The Unique Australian Cowboy Sport | Big Australia | Spark,46m 42s,2020-02-03T22:00:04Z
VCTZJFpSFzI,Is Midnight Snacking Really Bad For you? | ExperiMental | Spark,24m 46s,2020-02-01T22:00:06Z
V0PcwSLNi4M,The Logistics Involved In The Truck Driving Industry | Big Australia | Spark,48m 4s,2020-01-27T22:00:03Z
1sDfKfMDjYc,Are These Fish Farting Or Communicating? | ExperiMental | Spark,25m 6s,2020-01-25T22:00:00Z
DbLEWTr-oYY,The Wonderful World Of Virtual Reality | Ever Wondered | Spark,21m 54s,2020-01-22T22:00:02Z
V-2ZWMwTV1Q,The Peculiar Way Our Brain Functions | Ever Wondered | Spark,21m 32s,2020-01-15T22:00:04Z
5aEk6ccHV98,How This Port Became The Largest Loading Port In Australia | Port Hedland | Spark,46m 49s,2020-01-13T22:00:00Z
pBwmxrpcTF0,How Is This Man Able To Unlock A Van With His Head? | ExperiMental | Spark,25m 6s,2020-01-11T22:00:04Z
ubL8KM8d5zU,How Science Is Changing The Fabrics You Wear | Ever Wondered | Spark,21m 44s,2020-01-08T22:00:13Z
rauNQgkOJhU,De Havilland Mosquito Restored To Former Glory | Gaining Altitude - The Mosquito | Spark,57m 57s,2020-01-06T22:00:05Z
-mkpjvfoK7s,Could A Team Of Robots Beat Professional Football Players? | ExperiMental | Spark,25m 1s,2020-01-04T22:00:01Z
3uNYqWshArg,How Do We Combat Our Dependency On Liquid Fuel? | Ever Wondered | Spark,22m 5s,2020-01-01T22:00:00Z
xPmUjobCfhE,How One Man Advanced The World Into A New Era | Tesla's Children | Spark,42m 58s,2019-12-30T22:00:06Z
ZK4U82Y-CCA,How The Brain Affects Your Sight And Sound | The Brain Fitness Program | Spark,56m 37s,2019-12-27T22:00:06Z
ChxajeCBJ9o,What Digging Up Dinosaurs Tells Us About Who We Are | Ever Wondered | Spark,21m 51s,2019-12-25T22:00:02Z
qg9IR5_u-bU,Transporting 250,000 Tonnes Of Material From Dortmund To China | The Earth's Riches | Spark,43m 5s,2019-12-23T22:00:07Z
ADTN_J8Bhj0,The Brain's Flexibility To Learn And Adapt In Childhood | The Brain Fitness Program | Spark,57m 17s,2019-12-20T22:00:00Z
9K-0kCFOp_E,What Are We Doing To Combat Greenhouse Gases? | Ever Wondered | Spark,21m 56s,2019-12-18T22:00:01Z
btS1rHIclL4,Why Extracting Metals For Your Smartphones Is A Dangerous Job | The Earth's Riches | Spark,42m 35s,2019-12-16T00:00:04Z
ALH5dVMbzTg,How Much Can The Human Brain Learn | The Brain Fitness Program | Spark,54m 45s,2019-12-13T22:00:04Z
tNh92-52tc4,What Are We Learning From Looking Out To Space? | Ever Wondered | Spark,21m 16s,2019-12-11T22:00:07Z
byy1q6NDiRQ,How Engineers Are Restoring Rare Aeroplanes From WW2 | Chasing Warbirds | Spark,46m 13s,2019-12-09T22:00:10Z
DIVdloP9S5k,Construction Disasters That Changed The World | Built From Disaster | Spark,26m 59s,2019-12-07T22:00:00Z
N5M_Xo9f6i0,How Your Brain Is Changing | The Brain Fitness Program | Spark,55m 46s,2019-12-06T22:00:07Z
1J_hAa0ehnw,The World's Largest Copper Mine: Chile's Chuquicamata | The Earth's Riches | Spark,42m 52s,2019-12-02T22:00:00Z
-BcaJGgCOAU,What Is Science Doing To Predict Natural Disasters? | Ever Wondered | Spark,22m 10s,2019-11-29T22:00:00Z
KvraSaWpFaA,What Happens To The Brain In Old Age? | The Brain Fitness Program | Spark,58m 7s,2019-11-27T22:00:03Z
-lGHxBvRnSM,The Cosmic Search For A New Planet Earth | Planet Hunters | Spark,41m 32s,2019-11-25T22:00:00Z
nEimjZssljg,The Beauty Of The Hubble Telescope | Hubble's Canvas | Spark,24m 26s,2019-11-23T22:00:04Z
JDzfZoowWLY,How Do Telescopes See Into The Past | Hubble's Canvas | Spark,26m 14s,2019-11-22T22:00:02Z
7fN0K14tPXI,What Is The Future of Food? | Ever Wondered | Spark,22m 6s,2019-11-20T22:00:01Z
UU0y38-Bltk,How Is Air Pollution Affecting Your Health? | Ever Wondered | Spark,21m 19s,2019-11-13T22:00:05Z
ZBr8Q2ROX9s,Galileo's Measure Of Gravity Explained By Jim Al-Khalili | The Amazing World Of Gravity | Spark,5m 2s,2019-11-09T22:00:02Z
qj7HH0PCqIE,Harnessing The Power Of Information | Order and Disorder | Spark,58m 46s,2019-11-04T22:00:06Z
MMose0qwAJw,The Secret Study Of Seeing With Sound | Sonic Magic | Spark,41m 59s,2019-10-28T22:00:04Z
7lnicbvVd_E,James May's Best Moments | James May's Toy Stories | Spark,35m 19s,2019-10-26T21:00:01Z
7dFJqnXBvgQ,The Real Story Behind London's Tower Bridge | Bridges That Built London | Spark,58m 47s,2019-10-21T21:00:02Z
mqPTphEQwy0,Why Mosquitos Are The Most Dangerous Creatures In The World | Zapped | Spark,43m 13s,2019-10-14T21:00:05Z
8x9jf5itqKo,The Lessons Learned From The Titanic | Built From Disaster | Spark,5m 31s,2019-10-12T21:00:00Z
KP9GqUigenM,Incredible Journeys Across Antarctica | Expedition Antarctica | Real Wild,50m 1s,2019-10-06T16:30:01Z
46GISJ65QIw,The Scratches On Champagne Glasses That Make Bubbles | The Science of Bubbles | Spark,11m 20s,2019-10-05T21:00:00Z
UrAVuOOlW5Y,The Largest Gold And Copper Deposit In The World | Super Structures | Spark,51m 41s,2019-10-01T23:00:02Z
c6Yz0ReoU5Q,A Look Inside Norad The Secret Government Facility | Super Structures | Spark,51m 41s,2019-09-25T21:00:03Z
DM_MgeHk5Cg,How To Build A Skyscraper | Super Structures | Spark,51m 46s,2019-09-18T21:00:00Z
W3Z5088_t88,Super-smart Dog | The Dog with an IQ of 102 | Real Wild,49m 51s,2019-09-15T16:30:01Z
x0DuSBb2PUw,The Heaviest Oil Platform Ever Constructed | Super Structures | Spark,51m 40s,2019-09-11T21:00:09Z
rlm1YCrFMWg,Rare Look Inside A Nuclear Submarine The USS Seawolf (SSN-21) | Super Structures | Spark,51m 44s,2019-09-04T21:00:06Z
aeaQpuYPsy8,The Fascinating Truth About Energy With Professor Jim Al-Khalili | Order and Disorder | Spark,59m,2019-09-02T21:00:02Z
ETLVqETJAFQ,The Miraculous Floating Airport | Super Structures | Spark,51m 41s,2019-08-28T21:00:02Z
5poLlLyoC2k,The Truth Behind The Panama Canal | Super Structures | Spark,51m 41s,2019-08-27T21:00:00Z
-Izo4sV9cvE,James May Unveils His Garden At The Chelsea Flower Show | James May's Toy Stories | Spark,9m 2s,2019-08-24T21:00:00Z
yS-Q7ixjl0M,The Science Behind Constructing The Worlds Longest Underwater Tunnel | Super Structures | Spark,51m 45s,2019-08-21T21:00:05Z
YAg66jrvpHA,Teaching Machines How To Act Like Humans And Animals | Mechanical Marvels: Clockwork Dreams | Spark,59m 2s,2019-08-19T21:00:03Z
YObldOD_GY4,Garden Experts Weigh In On James May's Plasticine Garden | James May's Toy Stories | Spark,9m 32s,2019-08-17T21:00:03Z
tBY92XY7HrI,The History of The Messerschmitt Bf109 & The Sea Hurricane | Restoration Classics | Spark,55m 58s,2019-08-16T21:00:04Z
So2HM-VI35w,The Making Of The London Underground's Incredible Design System | Super Structures | Spark,50m 32s,2019-08-14T21:00:02Z
XlwyEUL5WPg,How A Luxury Ship Gets Built In 6 Months - Part 1 | Britain's Greatest Ships | Spark,39m 9s,2019-08-12T21:00:05Z
_-yfe2iqHcg,James May Delivers His Flowers To The Chelsea Flower Show | James May's Toy Stories | Spark,12m 1s,2019-08-10T21:00:02Z
zbSs7NZV56w,A Rare Look Into The Revolutionary WWII Sea Hurricane | Restoration Classics | Spark,57m 50s,2019-08-09T21:00:08Z
SMm8-yPuFDY,The Most Devastating Earthquakes In History | Mega Disaster | Spark,49m 56s,2019-08-07T21:00:02Z
y1EdZeRHgbM,These Companies Are Making Profit From Saving The Planet | Banking Nature | Spark,1h 26m 48s,2019-08-05T21:00:09Z
fVro9RSzkzA,James May Enlists The Public Make Plasticine Plants | James May's Toy Stories | Spark,9m 25s,2019-08-03T21:00:06Z
6gqApBqIsTs,The Atomic Bomb And It's Story | Science Fiction | Spark,24m 44s,2019-08-02T21:00:01Z
jmPPsoyEeIk,The Deadliest Tornadoes In Modern History | Mega DIsaster | Spark,49m 56s,2019-07-31T21:00:05Z
l9sUtgeHNvs,James May Gets Commuters To Join Him In Some Plasticine Play | James May's Toy Stories | Spark,10m 20s,2019-07-27T21:00:02Z
nwKfG-OZEBU,The Classic Fighter Planes That Aided The Allies During WWII | Classic Fighter | Spark,57m 51s,2019-07-26T21:00:09Z
wN2xqdqxkAc,What Causes The World's Deadliest Tsunamis? | Mega Disaster | Spark,49m 55s,2019-07-24T21:00:08Z
kS2Dp03Y4qY,How Sloths Hide From Predators | Extraordinary Animals | Real Wild,49m 55s,2019-07-23T17:00:06Z
jBJdFOy-GKs,Does Getting More Sleep Make Us More Productive? | The Science Of Sleep | Spark,42m 48s,2019-07-22T21:00:05Z
K0mfx1iSvNQ,Mileva Marić - Albert Einstein's Forgotten Wife | Science Fiction | Spark,24m 45s,2019-07-19T21:00:02Z
3TauByjnzuA,What We Can Learn Looking Back On The World's Deadliest Eruptions | Mega Disaster | Spark,49m 56s,2019-07-17T21:00:00Z
BfQbs__kc5M,How The USA Won The Space Race | Apollo 17 | Spark,55m 29s,2019-07-15T21:00:00Z
UNdSXTggnmA,Training The Apollo Astronauts For Their Moon Mission | Apollo Documentary | Spark,10m 7s,2019-07-13T21:00:02Z
wG0xWZJtES0,Original Footage Of The Apollo 11 Moon Landing | Spark,58m 15s,2019-07-08T13:33:49Z
ljtgVbTnggY,How NASA Built The Rocket That Went To The Moon | The Saturn V Story | Spark,10m 24s,2019-07-06T21:00:02Z
u4y55svXZ1g,How Does Rolls Royce Achieve Perfection? | The Perfectionists | Spark,44m 28s,2019-07-05T21:00:09Z
vfFIgbUbsvk,Where Did The Moon Come From? | Secrets Of The Universe | Spark,23m 57s,2019-07-01T21:00:03Z
t19vmbrcfVY,The Steam Train That Captured The Nation's Heart | The Flying Scotsman: A Rail Romance | Spark,53m 31s,2019-06-28T21:00:04Z
V1Su08yiD2A,How Do You Blow Up A Power Station? | Demolition Squad | Spark,23m 33s,2019-06-24T21:00:03Z
P5_l-zZZ5kE,The Dangerous And Fast Animals Of Vietnam | Bite Me With Dr Mike | Real Wild,46m 59s,2019-06-23T17:00:02Z
9571zV6TkQA,How Train Disasters Changed The Way We Build High Speed Trains| Built From Disaster | Spark,48m 39s,2019-06-21T21:00:00Z
AenKt3EqIvM,What Is A Black Hole? | Hubble's Canvas | Spark,26m 14s,2019-06-17T21:00:01Z
smu6RHxfc1c,James May Walks Over A Bridge Made Out Of Meccano | James May's Toy Stories | Spark,9m 50s,2019-06-15T21:00:02Z
3Cp1Rh-FNOc,How They Build Tunnels To Be Disaster Proof | Built From Disaster | Spark,47m 19s,2019-06-14T21:00:01Z
w3gH5mhiQIo,The Grand Designs In Outer Space | Hubble's Canvas | Spark,26m 14s,2019-06-10T21:00:10Z
z9DJI-OyovM,The Big Problem With James May's Meccano Bridge | James May's Toy Stories | Spark,9m 19s,2019-06-08T21:00:06Z
yRUFaNuxoEM,How To Build A Strong Skyscraper | Built From Disaster | Spark,47m 39s,2019-06-07T21:00:04Z
lc6gONmRUBc,James May And His Team Build A Bridge From Meccano | James May's Toy Stories | Spark,9m 48s,2019-06-01T21:00:09Z
kr3OAIvgbk8,How Modern Ships Have Advanced Since Historic Disasters At Sea | Built From Disaster | Spark,47m 45s,2019-05-31T21:00:04Z
4KYNO4sJswM,How Telescopes Capture The Beauty of Space | Hubble's Canvas | Spark,26m 14s,2019-05-27T21:00:00Z
tZxd_sa-bPk,How Do You Make A Bridge Made From Meccano? | James May's Toy Stories | Spark,10m 29s,2019-05-25T21:00:06Z
Bt7bdinnk7I,How Do Engineers Build Safe Bridges? | Built From Disaster | Spark,47m 41s,2019-05-24T21:00:02Z
ZEaqnUrct2k,The Effects Gravity Has On Light In Space | Hubble's Canvas | Spark,26m 14s,2019-05-20T21:00:01Z
KhXLB1b4_eU,Carpe Diem: Is This The Answer To This Fishy Problem? | Real Wild Channel,51m 23s,2019-05-19T17:00:02Z
ck8-Y6zWEW8,The Tests That Keep Us Safe When We Fly | Engineering Giants | Spark,10m 12s,2019-05-18T21:00:02Z
UDhPaCKn8ew,James May On The Birth Of Meccano | James May's Toy Stories | Spark,6m 18s,2019-05-18T21:00:00Z
XbZ86tl97MU,How Do You Build A Stadium That Lasts | Built From Disaster | Spark,47m 41s,2019-05-17T21:00:03Z
Ggu38OCcpoA,How Can Wind Farms Affect People? | Windfarm Wars | Spark,58m 41s,2019-05-14T19:45:02Z
1oprjir1rz8,How The Hubble Telescope Takes Amazing Photos | Hubble's Canvas | Spark,26m 14s,2019-05-13T21:00:00Z
NTqCu3eMg1Q,James May Unveils The World's Largest Airfix Spitfire | James May's Toy Stories | Spark,10m 47s,2019-05-11T21:00:04Z
MYGnjvRpWBw,Are Wind Farms Bad For The Environment? | Windfarm Wars | Spark,57m 58s,2019-05-10T21:00:02Z
zs8-kOj9vOw,Going Underneath The Underground? | The Tube | Spark,22m 33s,2019-05-08T21:00:08Z
he0xQ9TYuQ8,Assembling A Giant Airfix Spitfire | James May's Toy Stories | Spark,13m 24s,2019-05-04T21:00:01Z
vZlaTcWiRt4,How Do Train Drivers Learn To Drive? | The Tube | Spark,22m 35s,2019-05-01T21:00:07Z
y1ibfuRfRNI,The Scientific Proof For A Spirit | Science Of The Soul | Spark,1h 27m 28s,2019-04-29T21:00:15Z
9e9QSfVGFGk,James May Flies A Legendary Spitfire Plane | James May's Toy Stories | Spark,6m 39s,2019-04-27T21:00:00Z
TcV6geO5C-k,How Noisy Is A Wind Farm? | Windfarm Wars | Spark,58m 43s,2019-04-27T10:29:47Z
SJQ1uLh0CMU,What Happens When A Far Right Group Boards The Train | The Tube | Spark,22m 35s,2019-04-24T20:59:50Z
M3Iztt4D2UE,Understanding The Science Of Climate Change | Earth's Survival | Spark,51m 18s,2019-04-23T21:00:00Z
6kNavDFYzz4,The World's Deadliest Creature! | Real Wild Documentary,53m 2s,2019-04-21T17:00:00Z
k_5k9D5h2BY,Can You Build A Life Size Airfix Spitfire? | James May's Toy Stories | Spark,9m 13s,2019-04-20T21:00:02Z
CBYzwOTwY4E,Is Clean Energy A Win For Everyone? | Windfarm Wars | Spark,58m 43s,2019-04-19T21:00:00Z
4RjAgF_Bthc,How Do You Deal With Free Riders On The Underground? | The Tube | Spark,22m 35s,2019-04-17T20:59:56Z
WY7Jo3A07ic,Is There A Science Behind Human Kindness | Behind Kindness | Spark,1h 30m 39s,2019-04-15T21:00:01Z
NTQkxkDNEJU,Immortals Of The Arctic: The Bowhead Whale | Real Wild Channel,44m 53s,2019-04-14T16:30:00Z
em-Rd6-axms,Keeping Brixton Station Under Control During An Emergency | The Tube | Spark,22m 35s,2019-04-10T21:00:07Z
wTvpISawGhw,Saving Steam Engines From Extinction | The Golden Age Of Steam Railways | Spark,58m 45s,2019-04-08T21:00:07Z
AZmXD5bqRTY,James May Shows Teens How To Build The Tank Airfix | James May's Toy Stories | Spark,9m 32s,2019-04-06T21:00:01Z
JyJJTf2rVd4,Whale Sharks: The Gentle Giants Of The Sea | The Blue Realm | Real Wild,49m 52s,2019-04-04T17:00:00Z
l47V8nTxBRM,Emergency Services Carry Out Drills To Prepare For Disaster On The Underground | The Tube | Spark,22m 35s,2019-04-03T21:00:08Z
k4vEXQV9Q60,Reviving Train Tracks For Better Travel | Beeching's Tracks With Simon Calder | Spark,28m 54s,2019-04-01T20:59:47Z
QEFuRHFXd-o,Can Bionics Change The Way Amputees Live? | Invented In The West Country | Spark,28m 39s,2019-03-30T21:45:00Z
oV-KrpR7u74,How The London Underground Responded To A Terrorist Attack | The Tube | Spark,22m 33s,2019-03-27T22:00:04Z
wrREWMgYNQk,Is It Too Late For The Manatees? (Wildlife Documentary) | The Blue Realm | Real Wild,45m 43s,2019-03-21T18:00:04Z
S0smBFArQ6s,Remembering The 7/7 Bombings | The Tube | Spark,22m 35s,2019-03-20T22:00:02Z
by4kipGQD3s,The Science Of Chemotherapy | Curing Cancer | Spark,47m 17s,2019-03-18T22:00:01Z
PetzUvp-XPk,Airport Police Rush To Fire Near Runway | Dublin Airport | Spark,40m 46s,2019-03-13T22:00:01Z
EVBCLAaflaw,How Is NASA Contacting Aliens? | Alien Life Documentary | Spark,50m 48s,2019-03-11T22:00:00Z
svFG_hLKFvU,How Sea Creature Venom Can Help Human Sickness | The Blue Realm | Real Wild,46m 54s,2019-03-07T17:30:00Z
fh0nVsVZVY8,Emotions Run High At Departures | Dublin Airport: Life Stories | Spark,43m 25s,2019-03-06T22:00:07Z
MSo99r5Hmoc,How Astronauts Trained For The First Moon Landing | Apollo 11 | Spark,52m 10s,2019-03-01T22:00:01Z
iT93c8C1pxw,How Do Octopus And Squid Communicate? | The Blue Realm | Real Wild,46m 50s,2019-02-28T17:30:00Z
kyVDTt_UbRw,How Do Airports Help People With Autism? | Dublin Airport: Life Stories | Spark,40m 33s,2019-02-27T22:00:02Z
0QkM4D4e-q0,Could Nuclear Waste Destroy A Community? | Nuclear Hope | Spark,53m 29s,2019-02-25T22:00:01Z
p8DN2byVBn0,The Toxic Creatures Of The Deep Ocean (Wildlife Documentary) | The Blue Realm | Real Wild,44m 17s,2019-02-21T17:30:00Z
-SYauiWWlu4,These Celebrities Cause Chaos At Arrivals | Dublin Airport: Life Stories | Spark,38m 54s,2019-02-20T22:00:00Z
mkEpNOsGxKA,Airport Fire Puts Fire Brigade's Skills To The Test | Dublin Airport: Life Stories | Spark,39m 18s,2019-02-13T22:00:09Z
Xu4PT_gkCPE,Shutting Down The Whale Hunting Industry | The Blue Realm | Real Wild,45m 42s,2019-02-07T17:30:00Z
V1JeaNNYlHA,How Do Airports Operate? | Dublin Airport: Life Stories | Spark,43m 2s,2019-02-06T22:00:05Z
PmkiOBRfS1I,How To Track A Dust Storm (Meteorology Documentary) | Dust Storm | Spark,49m 43s,2019-02-04T22:00:02Z
fkyqCDcQgIw,Why Shark Baiting Is Being Banned (Shark Documentary) | The Blue Realm | Real Wild,44m 19s,2019-01-31T17:30:01Z
5pecWRQtlYc,A Musical Battle For Busking Spots In The Underground | The Tube | Spark,23m 28s,2019-01-30T22:00:02Z
PI1hUaKmbpQ,10 Reasons Not To Go To Space | Space: The Final Vacation | Spark,49m 54s,2019-01-28T22:00:03Z
DLtI75_94rs,What It Takes To Become A London Underground Driver | The Tube | Spark,22m 38s,2019-01-23T22:00:00Z
laq-7OYLrM8,How London Underground Manages A Bomb Threat | The Tube | Spark,22m 39s,2019-01-16T23:30:01Z
-IYuCz4reOo,London Underground Is At Its Breaking Point | The Tube | Spark,22m 35s,2019-01-09T23:30:00Z
tMUnAwbJVX0,Muscat: City Of The Past Moving Towards The Future | Magnificent Megacities | Spark,51m 25s,2019-01-07T22:00:08Z
QQRj78jOxWo,Does Gravity Really Affect The Passage Of Time? | Gravity And Me | Spark,8m 31s,2019-01-04T22:30:00Z
XtLeON7PfWo,How A London Tube Driver Got PTSD | The Tube | Spark,22m 53s,2019-01-02T23:30:00Z
04K6NS_GcFM,Pigs And Corpses: The Original Crash Test Dummies | The Secret Life of The Crash Test Dummy | Spark,7m 52s,2018-12-28T22:30:00Z
eF7MiElK7IA,A Train Station Assistant With A Fear Of The Underground | The Tube | Spark,22m 48s,2018-12-26T23:30:00Z
-kl8D8DNzxs,The Silver Screen Vs Reality: The Casablanca Conflict | Magnificent Megacities: Casablanca | Spark,52m 18s,2018-12-24T23:00:00Z
b33yt4qrs_w,How Light Travels Through Time | The World's First Time Machine | Spark,5m 31s,2018-12-21T22:30:02Z
Ky1fevvhIwY,How The Police Keeps London Underground Running | The Tube | Spark,22m 53s,2018-12-19T23:30:00Z
nIu63eRoRlE,Why Infections Are Getting More Dangerous | Virus VS Bacteria | Spark,51m 40s,2018-12-17T23:00:03Z
w191rJfVdYQ,Kuala Lumpur: Megacity In The Jungle | Spark,52m 14s,2018-12-10T23:00:04Z
S_Iig2GUKa4,Why It's Impossible To Cool Down London Underground | The Tube | Spark,22m 38s,2018-12-05T23:30:00Z
rY9NvJBq_iE,The Mermaids' Tears: Oceans Of Plastic (Conservation Documentary) | Spark,53m 56s,2018-12-03T22:30:00Z
oaoaQgjNEsA,The Truth about Great White Sharks (Shark Documentary) | Real Wild,48m 19s,2018-12-02T18:00:03Z
8RoisgjG_-0,A Train Drivers Error Could Cause Serious Harm | The Tube | Spark,23m 34s,2018-11-28T23:30:02Z
pKbiTi4gAZ8,Behind The Scenes of Jakarta | Magnificent Megacities | Spark,52m 12s,2018-11-26T22:00:07Z
rb0DRUdLOlY,Extreme Overcrowding On The Tube | The Tube | Spark,22m 45s,2018-11-21T23:30:02Z
CYijl2HWlPg,Clean Energy's Dirty Secrets (Nuclear Power Documentary) | Spark,52m 4s,2018-11-19T23:00:02Z
-7HR9GPAw0g,How Solar Flares Could Destroy The Earth | Solar Superstorms | Spark,6m 38s,2018-11-16T23:30:00Z
1eO93NFMsgU,Why There Are So Many Incidents On The London Underground | The Tube | Spark,23m 11s,2018-11-14T23:30:01Z
Eg4huowgMFQ,Dinosaurs: On The Trail Of Prehistory (Palaeontology Documentary) | Spark,51m 57s,2018-11-12T22:30:00Z
TdqKr8KcLW0,How Did The Soviet Union Put A Dog In Space? | The Saturn V Story | Spark,3m 34s,2018-11-09T22:00:04Z
1ujIOMlofXI,Can You Visit Every London Tube Station In 24 Hours? | The Tube | Spark,23m 9s,2018-11-07T23:30:00Z
iyrYrjKYlCs,How We Detect Molecules | The Secrets Of Quantum Physics | Spark,3m 14s,2018-11-02T16:00:10Z
8OWCCANLu84,How An Emergency Alarm Closed London's Largest Railway Station | The Tube | Spark,22m 42s,2018-10-31T23:30:00Z
3Dfy2PPIM60,Are You Working Too Much? | Chasing Sleep | Spark,22m 39s,2018-10-29T16:00:00Z
qAlgg2PAtNE,Can Venom Be Used To Treat Pain? | World's Worst Venom | Spark,8m 29s,2018-10-26T14:00:05Z
lqHoHbL8E-U,How To Stop Snoring | Chasing Sleep | Spark,22m 38s,2018-10-22T15:00:07Z
Sl11hZ_BgLI,The Most Venomous Creatures In The World | World's Wost Venom | Spark,4m 54s,2018-10-19T15:30:02Z
nsd_r6tkbyM,Why Do We Stay Awake So Late? | Chasing Sleep | Spark,22m 37s,2018-10-15T15:00:04Z
Ka1vGaw865I,Scorpion Sting Causes Heart Failure | World's Worst Venom | Spark,4m 28s,2018-10-12T15:00:03Z
XagUWWVhUQI,How Does Insomnia Ruin Your Life? | Chasing Sleep | Spark,22m 34s,2018-10-08T15:00:03Z
2ZpJkp2rBOc,Secrets of The Universe Live Stream | Spark,26 days 19h 20m 41s,2018-10-08T12:11:16Z
lVdlnOpGegM,Why Do We Sleep? | Chasing Sleep | Spark,22m 37s,2018-10-01T15:30:01Z
Vlg6nLI0DfM,Searching For Mythological Gharial Crocodile | Weird Creatures | Real Wild Documentary,46m 51s,2018-09-29T18:15:00Z
blfS5jfG-Dc,Australia's Most Poisonous Snakes | World's Worst Venom | Spark,5m 13s,2018-09-28T15:00:08Z
oxEqOnCrkxo,Beware Of Nature's Gladiators (Wildlife Documentary) | Amazing Animals | Real Wild,28m 17s,2018-09-18T18:15:00Z
yaKKhqmskAk,The Most Dangerous Spiders In The Word | World's Worst Venom | Spark,3m 55s,2018-09-17T16:00:08Z
t2TWAwyfn7Y,What Is Anti-Venom And How Does It Work? | World's Worst Venom | Spark,8m 22s,2018-09-07T14:00:06Z
4jNz5hs3m7A,Ferry Strip Down | Engineering Giants | Spark,58m 40s,2018-09-01T14:30:01Z
YtLHGRsmStc,How Does Snake Venom Work? | World's Worst Venom | Spark,10m 22s,2018-08-24T15:00:07Z
NF2UKSIPlVQ,Deconstructing The Lemur Gas Platform | Engineering Giants | Spark,58m 54s,2018-08-22T15:30:00Z
bvZO1YS24tc,The Man Who Revolutionised Molecular Biology | Unlocking Evolution | Spark,38m 9s,2018-08-18T14:30:00Z
kYQ6Xl3yuZI,How The Boeing Jumbo Jet Changed The World | Engineering Giants | Spark,58m 57s,2018-08-17T16:00:12Z
tntASk0o-0I,The Evolution Of Cosmopolitan Dubai | Magnificent Megacities: Dubai | Spark,52m 16s,2018-08-15T14:00:06Z
pNnrKmF3X20,The History Of NASA (Space Engineering Documentary) Spark,48m 14s,2018-08-13T15:30:03Z
j1Vs6dGGEvA,What Are Solar Flares And What Do They Mean For Us? | Solar Superstorms | Spark,6m 55s,2018-08-11T15:30:04Z
Xv4hMTCQplE,Inside The Largest Construction In Europe | Drones in Forbidden Zones | Spark,4m 8s,2018-08-10T13:00:05Z
m-ujJOsroog,Killer Bats Of The Amazon (Wildlife Documentary) | Austin Stevens Adventures | Real Wild,50m 1s,2018-07-21T18:30:02Z
ThORGF-R4JI,Australia's Amazing Animals (Wildlife Documentary) | Amazing Animals | Real Wild,25m 19s,2018-07-17T18:30:00Z
SjCEhdvnj6A,Does Gravity Have A Value? | Gravity And Me | Spark,7m 33s,2018-07-13T16:30:01Z
3P7B_LkSlKQ,The Science Of Smell | The Secrets of Quantum Physics | Spark,7m 53s,2018-07-06T15:30:00Z
wCUupnQXH5s,How Do Animals Evolve? | The Secrets of Quantum Physics | Spark,10m 16s,2018-07-02T16:30:00Z
eQgkaS0r2Lg,Incredible Alpha Vervet Monkey Shows It's Dominance | Real Wild,5m 20s,2018-06-29T18:15:00Z
AI20i6LTI64,Does Water On Other Planets Mean Life? | Secrets Of The Universe | Spark,9m 38s,2018-06-29T16:30:00Z
DF-EDfnhkWI,How Streamlining Changed Trains Forever | Spark,6m 55s,2018-06-25T16:30:00Z
wBOUNBUCGQ0,The Dark Side Of Space Race | The Saturn V Story | Spark,6m 31s,2018-06-22T15:30:03Z
M3MI5dHz4P4,The Demolition Of Blyth Power Station | Demolition Squaad | Spark,23m 27s,2018-06-13T18:30:00Z
TVorG6_csSA,Do Birds Navigate Using Quantum Physics? | The Secrets Of Quantum Physics | Spark,3m 57s,2018-06-11T15:30:00Z
uH-TpEtfZuk,Demolishing An Office Block | Demolition Squad | Spark,23m 27s,2018-06-02T16:30:02Z
7-tJFLhBFEI,How Are Stars Formed? | Secrets Of The Universe | Spark,3m 30s,2018-05-28T16:30:01Z
5IJYF9DHNEg,The Last People Who Will Ever Walk On The Moon | The Apollo 17 Experience | Spark,51m 46s,2018-04-25T17:00:01Z
vBziplrKt_0,How The Apollo Program Came To An End (Space Documentary) | Spark,51m 51s,2018-04-24T17:00:08Z
7stFxb7hwnA,Destorying A Crane With Explosives | Demolition Squad | Spark,23m 33s,2018-04-17T17:00:01Z
-YIE2MEa7P0,Destorying A Tower Block | Demolition Squad | Spark,23m 38s,2018-04-11T17:30:01Z
q4ONRJ1kTdA,Does Our Reality Actually Exist? | Exploring The World Of Quantum Physics (Part 2 of 2) | Spark,58m 50s,2018-03-27T16:00:04Z
ISdBAf-ysI0,The Mind Bending Story Of Quantum Physics (Part 1/2) | Spark,58m 56s,2018-03-20T17:00:01Z
6qGucb958rI,The Power Of Gravity With Jim Al-Khalili | Gravity And Me | Spark,45m 15s,2018-03-13T18:00:01Z
2_p2ELD7npw,How Gravity Shapes The Human Body With Jim Al-Khalili | Gravity And Me | Spark,44m 17s,2018-03-06T17:00:01Z
EHnJjGzp__M,The Fantastical World Of Hormones With Dr John Wass (Full Biology Documentary) | Spark,57m 22s,2018-02-27T17:00:00Z
yLh_PP8GvS0,The Incredible Armour Plated Rhino (Wildlife Documentary) | Real Wild,26m 39s,2018-01-25T18:00:08Z
O9TLtZhUrVg,The Fat Virus (Full Medical Documentary) | Spark,48m 31s,2017-12-02T00:00:02Z
3iVCm-Ot4k4,How Do Space Ships Fly? | Spark,5m 19s,2017-11-29T16:00:00Z
4vch-tc7ikE,What Causes The Northern Lights? | Spark,4m 27s,2017-11-22T12:00:00Z
H1abfNQ4X2E,Black Holes Explained | Secrets Of The Universe | Spark,4m 7s,2017-11-19T17:00:01Z
Sn807Vasc9E,Exploring The Mysterious Creatures Of The Coral Reef | Real Wild,48m 5s,2017-11-15T18:30:00Z
g6Tj-Nbxrrg,Does Antarctica Have Deserts? (Wildlife Documentary) | Journey Into The White Desert | Real Wild,52m 25s,2017-10-30T18:00:02Z
5V1ydD_OZHo,How Do We Use The Power Of Nature? | How Did They Build That? | Spark,23m 56s,2017-10-20T23:00:00Z
uFNmL0-IjOE,The First British Skyscraper | How Did They Build That? | Spark,23m 57s,2017-10-17T23:00:04Z
NK4zfHVpw3Q,Can Plasma In The Northern Lights Power Space Travel? | Ultimate Aurora | Spark,49m 39s,2017-10-13T23:00:03Z
18HB4jBx62s,From Colosseum To Stadium | How Did They Build That? | Spark,23m 50s,2017-10-10T23:00:00Z
7G0xAHnDAzs,Building The Biggest Concrete Structures | How Did They Build That? | Spark,23m 35s,2017-10-06T23:00:01Z
GYWPuQJRox0,How Are Suspension Bridges Made? | How Did They Build That? | Spark,23m 55s,2017-10-03T23:00:00Z
cGP7k20Hzeo,The Key To Perfect Design | How Did They Build That? | Spark,23m 38s,2017-09-26T16:00:07Z
RKCFCti5ge8,Engineering Marvels of the Sea | How Did They Build That? | Spark,23m 54s,2017-09-22T23:00:04Z
fHS5y2jbWfQ,The Difficulty With Building Domes | How Did They Build That? | Spark,23m 58s,2017-09-20T16:15:24Z
pWfyHuVkk5s,Building The Ultimate Defences | How Did They Build That? | Spark,23m 55s,2017-09-15T23:00:01Z
FZjo8xPHyPA,The Materials That Changed Construction Forever | How Did They Build That? | Spark,23m 52s,2017-09-12T23:00:01Z
1uFYgGrF31U,How Do Cantilevers Support Bridges? | How Did They Build That? | Spark,23m 47s,2017-09-08T16:00:00Z
KST2VtV-8eE,How Do Foundations Defy Gravity? | How Did They Build That? | Spark,23m 56s,2017-09-06T16:00:01Z
JfJt7rEKHTM,How Do Architects Use Underground Spaces? | How Did They Build That | Spark,23m 51s,2017-09-01T16:00:03Z
6-Ub_r_GFZY,The Science of Bubbles (Full Science Documentary) | Spark,58m 55s,2017-08-29T16:00:00Z
Ow4UoaCObvw,The Ships That Changed The World | Ships At War | Spark,39m 28s,2017-08-25T16:00:03Z
dVNRChcQJaE,How Do Solar Superstorms Work? | Spark,48m 24s,2017-08-22T16:00:04Z
ifGNFJOf1EA,Exploring The Limits Of Space | Secrets of the Universe | Spark,24m 32s,2017-08-18T16:00:06Z
GqPJ6jB8jpc,The Beautiful Yet Destructive Life-Cycle Of A Star | Secrets Of The Universe | Spark,24m 37s,2017-08-15T16:00:01Z
nRxiRZeGpK4,What Are Other Planets Like In Our Galaxy? | Secrets Of The Universe | Spark,24m 28s,2017-08-11T16:00:05Z
nrnB211UOpw,The Most Fearsome Living Dinosaur: The Huge Saltwater Crocodile (Crocodile Documentary) | Real Wild,46m 27s,2017-08-09T17:00:30Z
tiSES_Ml5KM,Oasis in Space | Secrets of the Universe | Spark,24m 43s,2017-08-08T16:00:07Z
vWM08AtvCnA,Super Volcanoes | Secrets Of The Universe | Spark,23m 53s,2017-08-04T16:00:32Z
dfM8aN7RDNc,How Do Birds Find Their Way Home? | Paranormal Pigeons | Real Wild,47m 36s,2017-08-02T17:00:03Z
v9CRt3-bns0,The Forces Of Nature That Shape Planet Earth | Secrets Of The Universe | Spark,23m 51s,2017-08-01T16:00:07Z
BNUi2jVzZ98,What Do We Know About Black Holes? | Secrets Of The Universe | Spark,22m 43s,2017-07-28T16:00:01Z
GY4UG_tA6dM,How The $450M Queen Elizabeth Cruise Ship Was Built | Spark,42m 1s,2017-07-14T16:00:05Z
b1ym46pnSK0,Atomic Africa: Clean Energy's Dirty Secrets (Environmental Documentary) | Spark,52m 6s,2017-06-30T16:00:06Z
88jpgxSRVZU,How These Rare Minerals Will Save Our Planet | Treasure Hunters | Spark,51m 51s,2017-06-23T16:00:00Z
0d4mtIJOI2Y,How Iron Shaped The Modern World | Men Of Iron | Spark,48m 39s,2017-06-02T16:00:00Z
c601oetvVCA,Engineering Luxury | Top Cars: Ferrari | Spark,41m 35s,2017-05-30T16:00:04Z
Yc9_ZFxMvMw,Is Mankind On The Verge Of Discovering Time Travel? | World's First Time Machine | Spark,49m 6s,2017-05-26T16:00:04Z
nMJyBg3pXeQ,How Do Black Boxes Record Plane Crashes? | Equinox: The Box | Spark,50m 2s,2017-04-25T13:29:20Z
D2jJogXjfpc,The Secret Life Of The Crash Test Dummy | Spark,48m 41s,2017-04-24T11:53:02Z