cWpLv_5rscI,A Patriotic Jeep CJ7 to Support Veterans | Fast N' Loud,10m 4s,2020-05-23T14:00:21Z
QXPcKQeG2jA,Richard Finds An Original 1968 Chevelle Malibu! | Fast N' Loud,2m 49s,2020-04-03T17:30:02Z
ixtGrlMZH7U,The '72 Buick Riviera for SEMA | Fast N' Loud,3m 4s,2019-09-27T17:30:01Z
KWOxjjrQB-M,Gas Monkey's '52 Chevy Coupe Stock Car | Fast N' Loud,3m 1s,2019-09-21T13:00:06Z
62nCwmvrkYo,Richard's '68 Shelby Mustang Gets an Upgrade | Fast N' Loud,2m 19s,2019-08-30T14:30:00Z
NaOPL2PQa_Y,Gas Monkey's '33 Ford Pickup | Fast N' Loud,3m 3s,2019-08-24T14:00:05Z
H58Xs-s4b2U,Gas Monkey's '79 International Harvester Scout | Fast N' Loud,2m 49s,2019-07-26T18:00:05Z
ryAbw7ba0UE,Richard Buys a '79 International Scout II | Fast N' Loud,3m 1s,2019-07-19T13:14:31Z
RiE4sinScTM,Gas Monkeyâ€™s Chase Scene from the Movie Bullitt | Fast N' Loud,3m 5s,2019-07-12T14:00:08Z
Lm2KbdA4GJk,Behind the Scenes: Recreating the Famous Steve McQueen Bullitt Car Chase | Fast N' Loud,1m 28s,2019-07-08T20:45:53Z
uVm8BiaTZdk,Watch The Gas Monkeys Assemble Their '34 Ford | Fast N' Loud,2m 25s,2017-11-19T23:00:04Z
kYYIgqqbpuI,The Gas Monkeys Set To Chopping This '34 Ford | Fast N' Loud,1m 32s,2017-11-11T23:00:01Z
xWygbZlZs14,How Low Can You Go In This Slammed-Down Step Van? | Fast N' Loud,1m 24s,2017-11-03T22:00:04Z
w7VgmPr8Iu4,Can Richard Sell This '65 Shelby For $600k? | Fast N' Loud,2m 11s,2017-10-29T22:00:03Z
hOm1W6PLias,Tales of Darkness: Fast N' Loud's Richard Rawlings,2m 17s,2017-08-05T22:00:05Z
BA_qGTpwdRg,See Why The Gas Monkey Build Is Skating on Thin Ice | Fast N' Loud,2m 10s,2017-03-11T17:00:01Z
H_Kug3VAJTU,Aaron's Leaving Gas Monkey: I Have to Go My Own Way | Fast N' Loud,2m 26s,2017-03-08T19:00:01Z
kaTsfSq4HXw,Take A Look At Fast N' Loud's Best Engine Swaps,2m 12s,2017-02-26T23:00:01Z
Oo8dDpHqz8c,A Professional Drift Car Racer Pays A Visit To The Gas Monkeys | Fast N' Loud,2m 55s,2017-02-18T23:00:01Z
ayr0LdSMS6k,Sometimes Mechanics Need to be Electricians Too | Fast N' Loud,3m 4s,2017-02-17T23:00:00Z
uZiOM3iW3f0,Richard Uncovers Some Car Diamonds In The Rough | Fast N' Loud,2m 51s,2017-02-13T19:00:03Z
fhVYUgW_WJ0,What's Trending In Automotive Paint Colors? | Fast N' Loud,2m 11s,2017-02-06T19:00:02Z
TpnMrkZ3RWQ,How Much Will This Sweet '55 Chevy Sell For At Auction? | Fast N' Loud,1m 57s,2017-02-05T19:00:02Z
Z387QjFZ3tg,How To Get A Great Deal On A Cool Rare Truck | Fast N' Loud,2m 34s,2017-02-04T19:00:01Z
Utz-GvGsEQc,Richard Rawlings Takes on the Trend of Hot-Rodding Trucks | Fast N' Loud,2m 11s,2017-01-30T23:00:00Z
slH_dneWR4k,What's Hiding In this Texas Car Graveyard? | Fast N' Loud,3m 2s,2017-01-29T23:00:32Z
SXebYVu7_mI,An Orange Paintjob Makes the Econoline Van Sparkle | Fast N' Loud,2m 46s,2016-12-17T19:00:01Z
AZyzIdQsj_A,Porsche vs. Porsche | Fast N' Loud,2m 52s,2016-10-31T10:00:00Z
V41BZ2mkzD0,Making Green on the Monte Carlo | Fast N' Loud,2m 38s,2016-10-25T16:00:03Z
HvMqvsi-aSs,Deconstructing the Camaro Abomination | Fast N' Loud,2m 23s,2016-10-23T16:00:02Z
3YF7dGYGPFw,Fast N' Loud Debate 2016: Time vs. Money,1m 17s,2016-10-14T20:00:00Z
p3nAY_jCVgg,Fast N' Loud Debate 2016: It Begins,2m 35s,2016-10-13T22:00:02Z
RuJFMmL0kKw,Full Speed Ahead on the C-10 | Fast N' Loud,1m 20s,2016-10-12T17:00:01Z
Ier4dQDDqOQ,Crushing a 2015 Hellcat | Fast N' Loud,2m 20s,2016-10-11T18:00:00Z
hKbQxqSe93Y,Six High-Tech Brackets | Fast N' Loud,2m 17s,2016-10-06T17:00:04Z
72-vOQBrWmI,When the Buyer Wants It Black | Fast N' Loud,1m 48s,2016-10-05T10:00:00Z
A3LoIZiyN4k,Repairing the Heat Stress on the Deck Lid | Fast N' Loud,1m 38s,2016-09-27T17:30:00Z
QTE4vrEtOcw,Front Cylinder Fiasco | Fast N' Loud,2m 8s,2016-09-25T13:00:01Z
8uDO40bYaTc,Transplanting a Twin Eco Boost V6 | Fast N' Loud,2m 16s,2016-09-22T16:00:01Z
oE6i9xR7cZw,Gas Monkey Bike Build Off | Fast N' Loud,3m 39s,2016-02-08T22:00:01Z
uFgWd-ft9yU,Holy Grail Car Event | Fast N' Loud,2m 8s,2016-02-08T18:00:01Z
tgcxSAcDyuQ,Gas Monkey Custom Chopper Build | Fast N' Loud,2m 13s,2016-02-02T00:00:00Z
-brF_ZLWj_M,Monkeys Invited to Pebble Beach Concours d'Elegance | Fast N' Loud,2m 2s,2016-02-01T18:32:58Z
mf5xxMM8NfI,Fast N' Loud Soundtrack - Available Now!,1m 1s,2016-01-30T02:00:00Z
ULLVbR5B7aY,Aaron Hits a Snag at Pike's Peak | Fast N' Loud,3m,2016-01-25T19:00:00Z
8gBck2RxVFs,Riding with Sue | Fast N' Loud,1m 58s,2016-01-22T21:00:00Z
f9D-B60PEp0,Return to Pike's Peak | Fast N' Loud,2m 13s,2016-01-20T22:00:01Z
vFv7tZEpICA,Bada** Trans Am | Fast N' Loud,2m 49s,2016-01-18T17:00:02Z
XFXZ9OxqMug,Hellcat Engine Problems | Fast N' Loud,1m 55s,2016-01-12T00:00:00Z
uuZqp06hHGQ,Prepping for the Big Race | Fast N' Loud,2m 45s,2016-01-11T17:00:04Z
algV9rjvKbY,No Computer Communication | Fast N' Loud,2m 6s,2016-01-11T14:46:43Z
z-gAulZG24o,Introducing Texas Red | Fast N' Loud,3m 30s,2016-01-05T01:00:01Z
92moDYvTStg,Richard Rawlings Finds a Car from His Childhood | Fast N' Loud,3m 53s,2016-01-04T23:00:00Z
8UcKvCo6cOI,Secret Room of Toys | Fast N' Loud,2m 16s,2015-12-22T17:00:00Z
tZe3qZK_P_Q,Fast Lane Ferrari | Fast N' Loud,5m 15s,2015-09-28T19:30:00Z
30wP8f1io_M,Motor Too Big? | Fast N' Loud,2m 1s,2015-09-25T19:30:00Z
G-UUZ5A7UWU,Fast N' Loud | New Season Mon Sep 7 9/8c on Discovery,31s,2015-08-18T17:49:59Z
PEwXRZFWW8o,Don't Mess With Sue | Fast N' Loud,2m 13s,2015-03-24T22:00:00Z
0lu3uMPJSoU,Aaron on the Edge of Sanity | Fast N' Loud,2m,2015-03-24T17:40:38Z
yai1e77g-og,Richard Running Scared | Fast N' Loud,2m 1s,2015-03-24T14:39:34Z
Ak3kVgOKwiI,The Gas Monkeys Go Extreme | Fast N' Loud,1m 10s,2015-03-20T20:12:11Z
-KM6CzaIChk,Deal on a KITT Car | Fast N' Loud,1m 55s,2014-12-19T22:46:40Z
nNWflqXgQ4Q,Knight Rider KITT Car and David Hasselhoff | Fast N' Loud,3m 47s,2014-12-19T14:00:04Z
9kUkyhDAEKg,Dragster Teardown | Fast N' Loud,1m 33s,2014-11-25T19:16:15Z
jEOkKRjKjS8,Fast N' Loud - 2-Hour Special | Mon Dec 8 9/8c,1m 1s,2014-11-19T21:00:07Z
mbj1Kg-CxM8,Aaron's 101: Bent Frame Rails | Fast N' Loud,2m 15s,2014-11-18T21:00:08Z
N8o1EksQ6TU,Chevy C-10 Reveal | Fast N' Loud,2m 39s,2014-11-10T18:00:21Z
bYnIR4pSaoc,The '65 Impala | Fast N' Loud,2m 28s,2014-10-27T13:00:05Z
nYZr4_WCDxA,'34 Ford Hot Rod | Fast N' Loud,1m 8s,2014-10-23T20:30:02Z
UIagnGNqOmU,VW Short Bus Revealed | Fast N' Loud,52s,2014-10-17T13:00:10Z
YsyDv_SaE_c,Aaron Falls for the VW Shorty | Fast N' Loud,1m 26s,2014-10-15T17:00:09Z
I-9AQl-YtZ4,Pike's Peak Qualifying Day | Fast N' Loud,2m 41s,2014-10-06T13:00:12Z
47aOa_8IO7k,Pike's Peak Pace Car | Fast N' Loud,3m 1s,2014-10-02T16:01:08Z
XOlbgjX8w54,Classic Car Jackpot | Fast N' Loud,3m 15s,2014-09-22T20:00:06Z
XF7v2pEZHrI,Pike's Peak International Hill Climb | Fast N' Loud,2m 53s,2014-09-19T13:00:16Z
3f1mSQfiGFs,The Key to Richard's Happiness | Fast N' Loud,1m 59s,2014-09-15T20:00:06Z
l1I93TedhzQ,The Sue Whisperer | Fast N' Loud,1m 56s,2014-09-15T13:00:14Z
Vj5n6gyEkWg,Lunch at Sonic | Fast N' Loud,2m 16s,2014-09-08T20:03:00Z
gI1iaLMSg_g,Sonic HQ | Fast N' Loud,3m 20s,2014-09-05T20:00:05Z
-7vwPu7F_Fw,Fitting Model A Doors | Fast N' Loud,2m 32s,2014-08-27T13:00:10Z
EobbCzP-AxI,1970s Jaguar Coupe | Fast N' Loud,2m 28s,2014-08-25T13:00:09Z
ObnUH6SzPOU,Fast N' Loud | New Season: Mon Aug 18 9/8c,31s,2014-08-06T13:03:06Z
pUWN81dFuW0,Attaching a Subframe | Fast N' Loud,1m 20s,2014-05-05T13:00:07Z
_4W-Ax90zh8,Major Engine Problems | Fast N' Loud,1m 57s,2014-04-30T21:00:03Z
gTOnPPAiOIU,Holy Grail of Cars | Fast N' Loud,2m 12s,2014-04-28T13:00:06Z
FZmR3UR5AWM,Restoring the First Two Firebirds Ever Built | Fast N' Loud,1m 32s,2014-04-23T14:00:06Z
r15TubAsWfI,Roll the Dice for a Deal | Fast N' Loud,2m 14s,2014-04-12T13:00:05Z
KtSN0fmnF6Q,Meet Mini Richard | Fast N' Loud,1m 3s,2014-04-10T15:00:04Z
wNVJNYOntqk,Epic Forklift Fail | Fast N' Loud,1m 17s,2014-03-27T19:00:03Z
hjFZqV85CLE,Firing Up the Nash | Fast N' Loud,2m 29s,2014-03-21T17:00:06Z
TKq--hFrJ50,Fast N' Loud | New Season - Mon Mar 17 9/8c,31s,2014-03-14T20:14:43Z
WyKOFodvwgY,Top 5 Rides of 2013 | Fast N' Loud,1m 26s,2013-12-31T18:00:04Z
YLh_k_ItbqU,Tricky Gold Paint | Fast N' Loud,3m 31s,2013-12-24T14:30:01Z
zqLsjtmUwYI,Brake Cable Bet | Fast N' Loud,2m 44s,2013-12-23T19:00:05Z
N4BO3x-a9AM,Burt Reynolds | Fast N' Loud,2m 21s,2013-12-23T17:04:36Z
bMrowbDMyn8,1980 Allison Negotiations | Fast N' Loud,2m 12s,2013-12-20T20:00:04Z
BRxa_GtUNgY,Dragsters 101 | Fast N' Loud,1m 4s,2013-12-17T20:00:03Z
HCCySQd4we8,Rare Makes It Cool | Fast N' Loud,2m 5s,2013-12-14T16:00:03Z
0QhJALb62iw,Smooth Chevy Bel Air | Fast N' Loud,2m 46s,2013-12-11T20:30:02Z
kzKobPoOy7U,Rock Girl from Heaven | Fast N' Loud,2m 13s,2013-11-27T22:00:02Z
8uLaRQ1xDsQ,Rusty Coupe de Ville | Fast N' Loud,2m 25s,2013-11-25T21:00:01Z
h0_zhbOUQmk,Great Deal from the Dragon Lady | Fast N' Loud,1m 52s,2013-11-25T19:00:03Z
MQoeYgp11FU,Tricky Ricky's Used Cars | Fast N' Loud,1m 39s,2013-11-21T23:00:02Z
lHGh2DpJ_4w,Are the Freakin Brakes Done Already? | Fast N' Loud,2m 10s,2013-11-04T19:30:01Z
nq5T0aRm0UY,Richard & Aaron: Bucket Lists | Fast N' Loud,2m 8s,2013-11-04T16:30:01Z
3sFepKf1LpI,Harley Sportster Overhaul | Fast N' Loud,2m 2s,2013-10-31T20:30:01Z
o28_B74LucA,Richard Builds a COPO Camaro | Fast N' Loud,1m 47s,2013-10-29T20:00:04Z
ZkShrLfQBIg,Fast N' Loud | All New Episode - Monday 9/8c,31s,2013-10-29T15:19:52Z
wT6vEfesNGI,Austin-Martin or Aston-Martin? | Fast N' Loud,2m 9s,2013-10-17T19:00:05Z
eOCaZt7uaIs,Fast N' Loud | New Season - Mon Oct 14 9/8c,30s,2013-10-01T01:00:01Z
PQIHlYX2O8c,Richard & Aaron On Failure | Fast N' Loud,2m 3s,2013-09-26T16:30:01Z
QE8L6UR8MPU,Richard & Aaron: Passion for the Business | Fast N' Loud,1m 22s,2013-09-19T19:00:24Z
DagIxFFN4ek,Dale Earnhardt Jr.'s Ultimate '56 Nomad | Fast N' Loud,3m 44s,2013-09-17T19:00:31Z
Q8nmcg6O4EM,Mark Cuban on Fast N' Loud | Monday 9/8c,31s,2013-09-12T20:03:08Z
Enm2zQkEY2s,Richard & Aaron: Best Car Collections | Fast N' Loud,1m 46s,2013-09-05T19:00:45Z
dM11x8MtpC4,Smoky Burnouts | Fast N' Loud,1m 22s,2013-08-30T14:55:31Z
8oi_pOg4m48,Fast N' Loud New Episodes | September 2 at 9/8c,11s,2013-07-23T17:24:40Z
0U-ijNrRZEU,Rare American Sports Car | Fast N' Loud,2m 5s,2013-07-22T15:00:19Z
E3lziYADtx0,Galaxie 500 with Dings | Fast N' Loud,1m 59s,2013-07-22T15:00:19Z
_AV-WWC6sDA,The Red Rabbit | Fast N' Loud,2m 27s,2013-07-11T19:00:14Z
3AGszj5br88,Fast N' Loud | Monday June 10 9|8c,31s,2013-05-20T22:08:44Z
MEx4w6KYz9A,Always With the JUNK | Fast N' Loud,1m 4s,2013-05-03T17:30:58Z
ZUUQGkr6XIk,Richard's Favorite Welder | Fast N' Loud,1m 21s,2013-05-01T15:47:23Z
qZ_Y-lGBlNg,Emmitt Smith's Mercedes | Fast N' Loud,2m 5s,2013-04-10T20:30:09Z
KOP0nFLKJ3M,Stripping a Ford | Fast N' Loud,2m 34s,2013-04-10T14:30:08Z
PVlfRYz2qqs,Surprise T-Bird | Fast N' Loud,2m 34s,2013-04-09T20:27:44Z
uk6bBDsrNxM,Model A Shopping | Fast N' Loud,2m 49s,2013-03-28T20:30:07Z
Xv-9vLuvNno,Fairlane Galaxie | Fast N' Loud,2m 36s,2013-03-28T18:19:56Z
Fvdh3pE2DBw,Chop Suey | Fast N' Loud,1m 7s,2013-03-27T21:00:50Z
fybzx3cdyfw,Bronco Business | Fast N' Loud,2m 19s,2013-03-27T19:01:37Z
qLuiBIWNiPU,Sue's Birthday Present | Fast N' Loud,2m 40s,2013-03-27T19:01:29Z
XWvCAlmLcN0,Fast N' Loud | Monday at 9/8c,31s,2013-03-27T17:29:53Z
uwU2TW_yV9o,Vette Breakdown | Fast N' Loud,2m 3s,2013-03-18T14:41:24Z
NqKJH6b-qJ0,The Stinger | Fast N' Loud,2m 44s,2013-03-18T14:41:11Z
4guAa8ldiGQ,Sue's Take | Fast N' Loud,1m 47s,2013-03-13T13:21:45Z
mcCbD0bILqM,Gas Monkey Expansion | Fast N' Loud,1m 59s,2013-03-07T15:57:25Z
GXSWr8UHYuc,Sue's Nice Side | Fast N' Loud,2m 40s,2013-03-07T15:56:01Z
nybVmE_YAEI,Tour Sue's Shop | Fast N' Loud,2m 27s,2013-02-28T21:18:53Z
nd44sWjDlZU,Lit Up | Fast N' Loud,1m 43s,2013-02-28T21:18:52Z
izCnOuwJczs,Monkey Soup | Fast N' Loud,1m 11s,2013-02-26T16:59:24Z
iVapafjx7w4,Aaron's Top 5 Rides | Fast N' Loud,2m 55s,2013-02-22T19:29:34Z
8KgbdCAIm5A,Smokin' Firebird | Fast N' Loud,1m 55s,2013-02-21T22:38:20Z
2pKpozdxcZA,Richard's Top 5 Rides | Fast N' Loud,2m 17s,2013-02-14T21:23:00Z
KYhVP49TnOY,Fast N' Loud Sneak Peek,5m 7s,2013-02-12T20:00:32Z
vSK27QOix0E,Greatest Fights | Fast N' Loud,3m 7s,2012-12-20T17:48:37Z
3mn2r-XiEzo,Gas Monkey TV | Fast N' Loud,3m 1s,2012-12-10T18:41:19Z
Bhk9WZLJqws,Sue's Monkey Business | Fast N' Loud,1m 31s,2012-10-08T14:46:10Z
Qp9OYavMFP0,Blast From the Past | Fast N' Loud,2m 3s,2012-10-02T17:35:33Z
zLcLmgPERAg,Demolition Derby | Fast N' Loud,2m 5s,2012-10-01T15:17:41Z
AaFywSr00ZQ,Fast N' Loud | Mondays at 10PM e/p on Discovery,31s,2012-09-11T14:20:42Z
JX8Ehf0-HxA,Complete Gutting | Fast N' Loud,2m 4s,2012-09-05T18:28:20Z
NUhiosUQM7s,Pioneer of Design | Fast N' Loud,2m 19s,2012-09-05T18:28:08Z
sBFZlmhUp98,Fast N' Loud | Mondays at 10PM e/p on Discovery,31s,2012-09-05T17:52:28Z
0OD_Md8V9qw,Fast N' Loud | Monday Sept 3 2012 at 10PM on Discovery*,31s,2012-08-28T17:47:26Z
GvggLBuonVc,Bruco Fire Truck | Fast N' Loud,1m 52s,2012-08-21T20:17:49Z
01FBQN4EDwY,Dolly Cadillac | Fast N' Loud,1m 23s,2012-08-21T20:17:45Z
4b-nh-XFp_s,American Chopper & Fast N' Loud Sneak Peek,1m 16s,2012-08-20T17:08:55Z
6c6hWo6jw00,Fixing Frankenstein | Fast N' Loud,1m 34s,2012-08-03T22:17:34Z
rfXxFbb8B8o,Fast N' Loud Preview | Premieres Wed June 6 2012 at 10PM e/p on Discovery,1m 31s,2012-05-30T20:32:04Z
SU3sS-x2-YE,Wheelin' N' Dealin' | Fast N' Loud - Premieres Wed June 6 at 10PM e/p on Discovery,2m 27s,2012-05-25T17:26:18Z
-2MlZqB_oM4,Fast N' Loud | Premieres Wed June 6 2012 at 10PM e/p on Discovery*,31s,2012-05-18T20:03:12Z
