AN7u3gper8s,You Won't Find Happiness In The Future,6m 33s,2022-12-02T15:00:09Z
pdP6B2puKag,Happiness and The Nature of Our Being,1h 30m 25s,2022-10-30T15:00:44Z
ECT-jpRjiEc,Rupert reads from his new book You Are the Happiness You Seek (Part 2),17m 11s,2022-07-31T15:00:08Z
ShUvbTrwPZQ,Rupert reads from his new book You Are the Happiness You Seek (Part 1),27m 9s,2022-07-22T17:27:27Z
IxmCDb0uouU,Guided Meditation: Your Own Being Is Happiness Itself,19m 1s,2022-07-17T15:00:11Z
v5Q-lQ3FB6Q,You Are the Happiness You Seek – Ramana Maharshi a Short Reading by Rupert Spira,7m 6s,2022-07-13T17:25:33Z
5HBA8AesM6o,When Thought Stops Happiness Is Revealed,11m 38s,2022-07-10T16:00:03Z
mgpACUBFfq0,Podcast Episode 46: Watkins Mind Body Spirit Magazine (You Are the Happiness You Seek),1m 1s,2022-07-06T15:00:23Z
MIZfqWAPrHg,Stop Searching for Happiness It Is Not a Feeling or Emotion,6m 36s,2022-07-01T19:09:07Z
0t8_WIlu0lU,You Are The Happiness You Seek,1m 12s,2022-04-22T16:00:00Z
W-aSBJixJ6M,The Search for Happiness - International Day of Happiness,14m 15s,2022-03-20T16:00:10Z
hIMDLsmkczE,The Direct Path to Peace and Happiness with Rupert Spira,1h 33m 4s,2022-03-08T17:05:32Z
jOISOdjrQDo,How Do I Deal with Depression and Awaken Joy and Happiness?,7m 8s,2022-02-22T16:00:17Z
IrxxmDo_VRk,Happiness Addiction and Objective Experience,9m 4s,2022-01-02T17:00:16Z
HwUICR0LN1M,Go Directly to Happiness,7m 26s,2021-10-17T16:00:08Z
l4th2CQdx1Y,Rupert Spira - Enlightenment Happiness & Non-Duality | Modern Wisdom Podcast 349,59m 11s,2021-07-24T15:00:21Z
tBoDZQm8UKE,Meditation: Awareness of Being Is Happiness Itself,46m 2s,2021-04-30T16:00:38Z
l_dPmGQ7wlc,How to Find Lasting Peace And Happiness | @rupertspira,59m 56s,2021-04-02T12:37:54Z
3IyF-JfwYms,The Happiness We Seek is the Happiness We Are,6m 57s,2021-03-20T17:00:30Z
FlJB-QRVJH0,Extending Happiness Where Communication Has Failed,7m 25s,2021-03-14T17:00:04Z
_kwLgncob9Q,The Direct Path to Peace and Happiness: Rupert Spira – Nonduality Advaita Vedanta Direct Path,1h 17m 24s,2021-02-09T08:00:07Z
4cQ3iuYwiaE,No Experience Can Bring Us Happiness,8m 17s,2020-05-01T16:00:04Z
6PPZIjT_ZLY,Peace and Happiness Are the Fragrance of Awareness,12m 57s,2018-09-28T14:30:00Z
hqtM_BkkxmM,The Urge for Happiness,17m 8s,2016-06-17T09:58:01Z
Zf8EMhT6fdE,The Potential for Happiness is Always Present,9m 3s,2015-07-03T08:10:59Z
DuQYFoRSlc4,Where to Find Happiness,5m 34s,2015-02-03T08:48:18Z
R4kR1t033gA,Grace is a Pull from Happiness,13m 20s,2014-11-25T08:06:21Z
Ny5HveqIPFo,Happiness is Only Thing We Seek for its Own Sake,13m 33s,2014-10-24T10:14:27Z
VTD1oxcKs4s,The Desire to Express Happiness,4m 55s,2014-09-02T07:30:02Z
3sKdy7ve5YE,Happiness and Freedom are Our Birthright,9m,2014-01-10T06:27:01Z
gvW-mNZXXUI,Unhappiness is Not the Opposite of Happiness,4m 41s,2013-12-10T08:12:50Z
l8iZsPh9P6A,Why Don't I Experience Happiness All the Time,12m 18s,2013-11-25T19:44:31Z
dKZRInhfe4g,Rupert Spira - 'The Art Of Peace And Happiness' - Interview by Iain McNay,1h 16m 43s,2011-07-05T10:35:33Z
