FX3QgQIbVy4,Homeless Teenagers Surviving Chicago Winter (Poverty Documentary) | Real Stories,1h 29m 53s,2021-07-15T16:00:07Z
YO7Kkvi8u4U,Homeless & In High School (Education Documentary) | Real Stories,45m 51s,2021-04-27T16:00:22Z
ldZeDnnGrNI,Radioman: The Homeless Movie Star! (Inspiring Documentary) | Real Stories,1h 6m 4s,2020-06-23T18:00:14Z
8CKLneUWZYU,Homeless Man Given iPhone to Document His Life on the Street | Real Stories Indie Doc,10m 6s,2020-02-13T18:00:01Z
B1IziIrfCp4,The Families Forced Into Homelessness: No Place To Call Home (Poverty Documentary) | Real Stories,58m 51s,2019-03-07T18:00:00Z
DRi_OCA2HiM,Objectified (Homelessness Documentary) | Real Stories,8m 46s,2018-10-10T21:00:01Z
24xUaAfW5D0,31 Days in the Ghetto: Can I Survive as a Homeless Man? (Breadline Documentary) | Real Stories,51m 54s,2018-08-26T17:00:00Z
t9dmp3H8Bj8,Homeless People Tell Their Stories (Breadline Documentary) | Real Stories,55m 44s,2018-07-01T15:00:08Z
JELjthd0kms,Hidden & Homeless (Homelessness Documentary) | Real Stories,57m 26s,2018-06-24T15:00:03Z
p_XBgGEZwpk,Evicted: The Hidden Homeless (BAFTA WINNING DOCUMENTARY) | Real Stories,58m 21s,2017-03-13T18:00:04Z
