"Video ID",Title,Length,Published,"Region Restriction Count"
VXREcuH7s_A,"In Sight of The Coast - Water Life 20/26 - Go Wild","28m 5s","2022-12-27T14:00:22Z","15 (allowed)"
Rtc6Kl34DpM,"Under the Sea - Water Life 19/26 - Go Wild","27m 10s","2022-12-26T14:00:11Z","15 (allowed)"
BrgSgyN366o,"On the Seaside - Water Life 18/26 - Go Wild","28m 11s","2022-12-25T14:00:07Z","15 (allowed)"
3H7YyKNbXHg,"A Winter's Tale - The Journey of the Snowy Owls - Go Wild","44m 32s","2022-12-24T15:00:02Z","4 (blocked)"
wt8Q4LY_AwQ,"Christmas Winter Wonderland - Go Wild","52m 12s","2022-12-23T15:00:30Z","6 (blocked)"
"iW2aYYCQ-Dc","The Frontier of the Sea - Water Life 17/26 - Go Wild",28m,"2022-12-22T14:00:31Z","15 (allowed)"
PxdkzCcNVec,"Extreme Water - Water Life 16/26 - Go Wild","26m 30s","2022-12-21T08:38:54Z","15 (allowed)"
uuku8P50W2U,"Kingdom Of Tides - Water Life 15/26 - Go Wild","26m 41s","2022-12-19T23:00:35Z","15 (allowed)"
XDb0JnI6R6M,"Salt Forests - Water Life 14/26 - Go Wild","27m 15s","2022-12-18T23:00:22Z","15 (allowed)"
zrMoYojE3Gk,"Jungle Water - Water Life 13/26 - Go Wild","25m 35s","2022-12-17T23:00:21Z","15 (allowed)"
NP0TlOURoFU,"Fleeting Water - Water Life 12/26 - Go Wild","27m 34s","2022-12-16T23:00:20Z",""
ria2KUEA3vc,"Borrowed Water - Water Life 11/26 - Go Wild","26m 45s","2022-12-15T23:00:23Z","15 (allowed)"
"FZd-B3yGjDU","Protective Water - Water Life 10/26 - Go Wild","26m 57s","2022-12-14T23:00:08Z","15 (allowed)"
6H0NApfYf2s,"Waterâ€™s Skin - Water Life 9/26 - Go Wild","25m 59s","2022-12-13T23:00:03Z","15 (allowed)"
tlgC28vLMS0,"Useful Water - Water Life 8/26 - Go Wild","27m 26s","2022-12-12T23:00:22Z","15 (allowed)"
YqZ1dHxcyiU,"Dark Water - Water Life 7/26 - Go Wild","27m 5s","2022-12-11T23:00:14Z","15 (allowed)"
mz3H6q93rlA,"Soup of Life - Water Life 6/26 - Go Wild","26m 52s","2022-12-10T23:00:17Z","15 (allowed)"
ah_Ofw40qOw,"The Quiet Flow - Water Life 5/26 - Go Wild","26m 39s","2022-12-09T23:00:02Z","15 (allowed)"
sUNAXbhknS0,"Liquid Roads - Water Life 4/26 - Go Wild","26m 21s","2022-12-08T23:00:21Z",""
HVkIVB6WkaI,"Where Water Is Born - Water Life 3/26 - Go Wild","28m 13s","2022-12-07T23:00:07Z","15 (allowed)"
hZ_zct1ATro,"The Wandering Water - Water Life 2/26 - Go Wild","26m 50s","2022-12-06T23:00:30Z","15 (allowed)"
"Z-GVRYiQTXo","Water Planet - Water Life 1/26 - Go Wild","28m 5s","2022-12-05T23:00:25Z","15 (allowed)"
"LD_lo7-W14c","King of the Seas, Sea Eagle - Go Wild","51m 58s","2022-12-05T15:00:10Z","4 (blocked)"
LwY5tITGBWE,"The Making Of Marine Mammals 9/9 - Go Wild","26m 32s","2022-12-04T05:00:12Z",""
siIIINJ0Ci0,"The Sea Elephant's Beach - Marine Mammals 8/9 - Go Wild","29m 2s","2022-12-03T07:00:16Z",""
TQmZz93lpBs,"The Leopard Seal's Share - Marine Mammals 7/9 - Go Wild","29m 51s","2022-12-02T08:00:20Z",""
sELYwp2gVd8,"The Fur Seal Nursery - Marine Mammals 6/9 - Go Wild","29m 27s","2022-12-01T08:00:15Z",""
CvPk3HDXOW0,"The Dolphin Society - Marine Mammals 5/9 - Go Wild","27m 45s","2022-11-30T08:00:05Z",""
VMYWA4Yc0Zg,"Nose No Good, the Grey Seal - Marine Mammals 4/9 - Go Wild","29m 2s","2022-11-29T11:00:24Z",""
"VgMBVYBj-mo","Kim and Roxie, the Sea Lioness - Marine Mammals 3/9","27m 53s","2022-11-28T11:00:31Z",""
ZG48NtswwjM,"Hunts of the Dolphin King - Marine Mammals 2/9 - Go Wild","27m 8s","2022-11-27T11:00:23Z",""
7YtAj0Q17kA,"White Whales and Narwhals - Marine Mammals 1/9 - Go Wild","27m 58s","2022-11-26T11:00:07Z",""
Nc9xr3Em9hI,"Swimming With Legends - Go Wild","1h 10m 17s","2022-11-25T11:00:18Z",""
"S4PkKXt-kJg","River Jaws - Go Wild","49m 2s","2022-11-24T11:00:25Z",""
8ZnXj48W4Xo,"Lioness in Exile - Go Wild","51m 10s","2022-11-23T11:00:07Z",""
dlLb3yHAHpA,"Giant Sea Serpent, Meet the Myth - Go Wild","52m 13s","2022-11-22T11:00:22Z",""
3v68y1Y79ms,"Beach Jackals - Go Wild","44m 38s","2022-11-21T11:00:02Z",""
CDjPUUghHrU,"Butterflies - Children of the Sun 2/2 - Go Wild","50m 42s","2022-11-20T05:00:06Z","4 (blocked)"
IHl_cd5afAA,"Wild Bees - Children of the Sun 1/2 - Go Wild","50m 1s","2022-11-19T05:00:13Z","4 (blocked)"
4u3mdbTy3lg,"Chiemgau , A Changing Landscape 2/2 - Go Wild","44m 1s","2022-11-18T14:00:03Z","4 (blocked)"
sPCaRXpIJUo,"Chiemgau (Upper Bavaria) 1/2 - Go Wild","44m 1s","2022-11-17T16:21:39Z","4 (blocked)"
fAEL28WIePU,"Wild River Rhine - Go Wild","52m 33s","2022-11-16T13:00:33Z","4 (blocked)"
LSmFXSMZeHw,"Poppy's Promise - Go Wild","44m 15s","2022-11-15T13:00:20Z","4 (blocked)"
"-56NmETDDGs","Masai Mara: The Big Hunt - Go Wild","50m 43s","2022-11-14T13:00:00Z","4 (blocked)"
"CLjHTXp-5Zs","King of the Mountains â€“ Golden Eagle - Go Wild","50m 3s","2022-11-13T13:00:05Z","4 (blocked)"
"-V_ftu1DWbc","Germanyâ€™s Wild Amazon - Go Wild","51m 25s","2022-11-11T23:00:00Z","4 (blocked)"
"TLyDQfq-oEU","Animal Web - Animals Like Us 11/11 - Go Wild",52m,"2022-11-11T16:00:16Z",""
sp50HbajDyU,"Animal Culture - Animals Like Us 10/11 - Go Wild","51m 16s","2022-11-10T14:00:30Z",""
"-mW_JMGRhqU","Animal Emotions - Animals Like Us 9/11 - Go Wild","49m 18s","2022-11-08T14:30:00Z",""
hWYzJzfgrow,"Animal Play - Animals Like Us 8/11 - Go Wild","49m 26s","2022-11-06T13:00:22Z",""
lu3vnQhFb5M,"Animal Business - Animals Like Us 7/11 - Go Wild","52m 51s","2022-11-04T11:00:37Z",""
h8rhRy7m25w,"Animal Tools - Animals Like Us 6/11 - Go Wild","52m 4s","2022-11-02T12:00:27Z",""
JSsh6veFHro,"Animal Adoption - Animals Like Us 5/11 - Go Wild","51m 38s","2022-10-30T23:00:15Z",""
pt6hRiAfdwg,"Animal Politics - Animals Like Us 4/11 - Go Wild","50m 19s","2022-10-29T13:00:29Z",""
koUvn59rOc8,"Animal Language - Animals Like Us 3/11 - Go Wild","51m 16s","2022-10-28T13:00:38Z",""
CYtI6Hj5hxo,"Animal Medicine - Animals Like Us 2/11 - Go Wild","51m 47s","2022-10-27T13:00:08Z",""
QCtzzfvE6v0,"Animal Homosexuality - Animals Like Us 1/11 - Go Wild","52m 11s","2022-10-26T17:58:29Z",""
pA6ZuH9MLJg,"The Last Urban Dragons - Go Wild","25m 10s","2022-10-24T22:00:32Z","1 (blocked)"
PXIHOKwrlts,"Saliega's Lineage, the Return of the Iberian Lynx - Go Wild","48m 9s","2022-10-20T22:00:12Z","13 (blocked)"
cbY3jhr8Ay8,"Mediterranean Iberia - Wild Connection 6/6 - Go Wild","52m 12s","2022-10-18T22:00:25Z","15 (allowed)"
9QfiwzViqsQ,"Iberian Europe - Wild Connection 5/6 - Go Wild","52m 37s","2022-10-17T22:00:07Z","15 (allowed)"
lzFM4a4vEGs,"The Rarest Piece of the Puzzle - Wild Connection 4/6 - Go Wild","51m 24s","2022-10-16T22:00:31Z","15 (allowed)"
gchv7lBY1ps,"Quetzalsâ€™ Land - Wild Connection 3/6 - Go Wild","51m 39s","2022-10-15T22:00:28Z","15 (allowed)"
68fFyyoAphU,"Looking South - Wild Connection 2/6 - Go Wild","50m 42s","2022-10-14T22:00:05Z","15 (allowed)"
6yGsiL8mlag,"The Oceansâ€™ Border - Wild Connection 1/6 - Go Wild","51m 45s","2022-10-14T13:30:01Z","15 (allowed)"
1090eOKya5Q,"Rome City Strikers - Wild Italy: Top Predators 6/6 - Go Wild","48m 18s","2022-10-13T14:00:01Z","42 (blocked)"
6KQE9rfXnnY,"Mantis: The Queen of the Waterless River - Wild Italy: Top Predators 5/6 - Go Wild","51m 13s","2022-10-11T15:00:10Z","42 (blocked)"
nPFtN4q7n5c,"The Predators of the River Tiber - Wild Italy: Top Predators 4/6 - Go Wild","48m 24s","2022-10-09T16:00:27Z","42 (blocked)"
"WmqIlZUkr-w","Two Eagles - Wild Italy: Top Predators 3/6 - Go Wild","48m 27s","2022-10-06T22:00:15Z","42 (blocked)"
fZzfSTyxp4c,"Italian Bears - Wild Italy: Top Predators 2/6 - Go Wild","49m 50s","2022-10-04T22:00:33Z","42 (blocked)"
zFB8Z2cy_xM,"The Wolf Pack is Back - Wild Italy Top Predators 1/6 - Go Wild","48m 6s","2022-10-02T22:00:21Z","40 (blocked)"
kC0mIcIeXtM,"Islands of Wind and Fire - Wild Italy: Living with Volcanoes 3/3 - Go Wild","47m 58s","2022-09-30T22:00:32Z","29 (blocked)"
"13aMJg-7nKQ","Ash and Lava - Wild Italy: Living with Volcanoes 2/3 - Go Wild","48m 5s","2022-09-28T22:00:02Z","30 (blocked)"
GGDKMGLeHwE,"Volcanic Waters - Wild Italy: Living with Volcanoes 1/3 - Go Wild","48m 39s","2022-09-27T13:00:10Z","30 (blocked)"
MOiP8z0hwdk,"The Unknown Snakes of Bolivia 2/2 - Go Wild","47m 45s","2022-09-24T22:00:15Z","19 (blocked)"
4Qf90zkv6OQ,"The Unknown Snakes of Bolivia 1/2 - Go Wild","49m 20s","2022-09-23T15:00:02Z","21 (blocked)"
hQh7boKGKI8,"The Magic Forest of Spain - Go Wild","50m 38s","2022-09-21T13:00:32Z","5 (blocked)"
"RBnBbr-rCpY","The Malaysian Snake Guardian - Go Wild","50m 3s","2022-09-19T15:00:29Z","41 (blocked)"
7oRrZ2UYios,"Astro-Tourism, Feeling the Universe - Go Wild","52m 28s","2022-09-17T07:00:02Z","13 (blocked)"
"8G-TMYCzCQk","The Birds of Winter - Go Wild","49m 41s","2022-09-15T16:35:58Z","22 (blocked)"
gEgdV99GSY0,"The Southern Region - Tribal Life 4/4 - Go Wild","52m 2s","2022-09-11T12:00:18Z","1 (blocked)"
"FLmW-OnAF3M","The Momase Region - Tribal Life 3/4 - Go Wild","52m 3s","2022-09-08T22:00:05Z","1 (blocked)"
UgHMOgjVeQk,"The Islands Region - Tribal Life 2/4 - Go Wild","52m 3s","2022-09-07T12:00:16Z","1 (blocked)"
fp6Zyl4x5cg,"The Highlands Region - Tribal Life 1/4 - Go Wild","52m 3s","2022-09-05T12:00:22Z","1 (blocked)"
ufVUFQTfx3Q,"Running Wild - Go Wild","47m 43s","2022-09-03T13:00:28Z","1 (blocked)"
5OU5KDlQys4,"Lebanon - Heritage (UNESCO) - Go Wild","52m 26s","2022-09-01T14:00:05Z","15 (allowed)"
"THx4ih-5FPM","Kenya - Heritage (UNESCO) - Go Wild","53m 11s","2022-08-30T14:00:12Z","15 (allowed)"
rewiIjBOjAo,"Guatemala - Heritage (UNESCO) - Go Wild","52m 6s","2022-08-28T10:14:39Z","14 (allowed)"
AU9s85Q0fhA,"The Last of the Sea Gypsies - Go Wild","50m 38s","2022-08-27T15:00:12Z","1 (blocked)"
RnOTjdz4DR4,"The Secrets of Vanuatu Water Music - Go Wild","48m 3s","2022-08-25T14:00:11Z","1 (blocked)"
dr51zgP3zLY,"Art of Tracking - Go Wild","47m 51s","2022-08-23T14:00:17Z","1 (blocked)"
o_vnyfSUBSs,"In Quest of Caribous - Go Wild","53m 9s","2022-08-21T13:00:21Z","8 (blocked)"
v9pNANHf6O0,"Time of Plenty: the Gig Rain - Go Wild","49m 17s","2022-08-18T22:00:21Z",""
2ZXI77ib58E,"Day of the Cayman - Go Wild","50m 3s","2022-08-16T22:00:01Z",""
xDTTeW9SPTs,"Eye of the Eagle - Go Wild","50m 6s","2022-08-14T22:00:18Z",""
BoVAJ_rj_Vw,"Namibias Bat Eared Foxes: Survivalists of the Desert - Go Wild","49m 21s","2022-08-12T22:00:05Z",""
ixvsr9G5b08,"Adventure Ocean Quest (feature) - Go Wild","1h 30m 24s","2022-08-11T22:00:31Z",""
h20rFiDhE9o,"Lord Howe Island: Pacific Eden - Go Wild","52m 3s","2022-08-10T22:00:14Z",""
d49ePCUSKkg,"Hyena Lady - Go Wild","48m 21s","2022-08-08T22:00:16Z",""
"CoVfNxki-m4","Wild Berlin","51m 54s","2022-08-06T22:00:09Z",""
g3GauMjW2No,"Madagascar: Land of the Chameleons - Go Wild","52m 5s","2022-08-05T13:23:59Z",""
YYIhMkMEQz0,"24 Hours on the Reef - Adventure Ocean Quest 5/5 - Go Wild","52m 17s","2022-08-04T22:00:10Z",""
"h-19g9Cn6n4","Shark Paradise of Polynesia - Adventure Ocean Quest 4/5 - Go Wild","52m 8s","2022-08-02T22:00:30Z",""
m865tgSCdTM,"The Giants of Rurutu - Adventure Ocean Quest 3/5 - Go Wild","52m 4s","2022-07-31T22:00:20Z",""
A8aTacWRq2w,"Fragile Mediterranean - Adventure Ocean Quest 2/5 - Go Wild","52m 12s","2022-07-29T22:00:07Z",""
kqIMe79f_JM,"The Great White Sharks of Guadalupe - Adventure Ocean Quest 1/5 - Go Wild","52m 16s","2022-07-28T18:14:47Z",""
E8Kz7CjNePA,"Expedition Wallacea - Go Wild","52m 1s","2022-07-24T11:23:00Z",""
Q5s1VkLLuL8,"I'm the Best Iberian Red Deer - Go Wild","48m 58s","2022-07-19T22:00:10Z","1 (blocked)"
2LubYF53Pgg,"A Southern Winter - Go Wild","52m 30s","2022-07-17T14:14:06Z","2 (blocked)"
FieGvfQlkJA,"Tales from the Vienna Woods - Go Wild","48m 10s","2022-07-11T22:00:06Z","3 (blocked)"
h1_tteZ8QAY,"Wild Nairobi - Go Wild","50m 17s","2022-07-09T22:00:21Z","3 (blocked)"
"0-F56YVTswc","Triumph of the Tomato - Go Wild","48m 46s","2022-07-07T22:00:00Z","7 (blocked)"
MPdM5JTSzZ4,"Blue Danube Black Sea - Go Wild","48m 36s","2022-07-06T16:15:12Z","3 (blocked)"
M4VyfPxqGnI,"Magic of the Mountains - Go Wild","50m 16s","2022-06-23T22:00:08Z","3 (blocked)"
4KHoLwYmXFs,"Bees - Living for the Queen - Go Wild","48m 54s","2022-06-21T22:00:03Z","3 (blocked)"
"P98pSHj-rcI","Marine Invertebrates - Animal Society 13/13 - Go Wild","24m 4s","2022-06-19T22:00:07Z",""
vxcHr5eYhvA,"Rodents - Animal Society 12/13 - Go Wild","24m 4s","2022-06-17T22:00:33Z",""
x5xVjzgklyA,"The Last Ocean - Go Wild","1h 23m 15s","2022-06-17T15:12:34Z","8 (allowed)"
ANuNLvyr1VQ,"Marsupials - Animal Society 11/13 - Go Wild","24m 4s","2022-06-15T22:00:03Z",""
KjbutCpxj5I,"Primates - Animal Society 10/13 - Go Wild","24m 4s","2022-06-13T22:00:05Z",""
"OgVcWn_eW-o","Bugs - Animal Society 9/13 - Go Wild","24m 4s","2022-06-11T22:00:12Z",""
"gLXO8-Qw7cs","Fish - Animal Society 8/13 - Go Wild","24m 4s","2022-06-09T22:00:15Z",""
s4aHL7xs5u8,"Hoofed Animals - Animal Society 7/13 - Go Wild","24m 4s","2022-06-07T22:00:32Z",""
WGw_l4A48W8,"Cats - Animal Society 6/13 - Go Wild","24m 4s","2022-06-05T22:00:11Z",""
YsBlGhyjXU4,"Reptiles - Animal Society 5/13 - Go Wild","24m 4s","2022-06-03T22:00:14Z",""
93gxXynPRic,"Predator Canids - Animal Society 4/13 - Go Wild","24m 4s","2022-06-01T22:00:07Z",""
GeD7Z3DnE20,"Birds - Animal Society 3/13 - Go Wild","24m 4s","2022-05-30T22:00:04Z",""
xpQRmSmzKqI,"Ocean mammals - Animal Society 2/13 - Go Wild","24m 4s","2022-05-28T22:00:31Z",""
pr2InMUapcQ,"Trek of the Titans - The Secrets of Nature","44m 10s","2022-05-27T14:00:31Z","1 (blocked)"
LHXwo16i5mA,"Year of the Hedgehog - Go Wild","49m 25s","2022-05-25T14:00:09Z","3 (blocked)"
jNGKiTEA8AE,"Trees of Tempting Fruit - The Secrets of Nature","49m 56s","2022-05-23T07:51:44Z","3 (blocked)"
LWAEbWq5qiY,"Australia's Deadliest Sea Creatures - Go Wild","43m 10s","2022-05-17T15:10:30Z",""
cq6vf4Sv304,"Turtles - Wild About 13/13 - Go Wild","24m 45s","2022-05-09T22:00:25Z",""
f_TqUzPBnco,"Bears - Wild About 12/13 - Go Wild","24m 35s","2022-05-07T22:00:21Z",""
LwklrY6a8JE,"Penguins - Wild About 11/13 - Go Wild","24m 35s","2022-05-05T22:00:08Z",""
_3EmzmiUmTs,"Lizards - Wild About 10/13 - Go Wild","24m 35s","2022-05-04T22:00:12Z",""
iAgVHBMFr88,"Wolves - Wild About 9/13 - Go Wild","24m 35s","2022-05-03T09:11:10Z",""
_jXhypiQYSE,"Crocodilians - Wild About 8/13 - Go Wild","24m 35s","2022-04-29T17:10:39Z",""
EKhPHVSEI3Q,"Elephants - Wild About 7/13 - Go Wild","24m 35s","2022-04-20T22:00:04Z",""
OnGUQlwlFW8,"Spiders - Wild About 6/13 - Go Wild","24m 34s","2022-04-18T22:00:10Z",""
8hWjkwR6KXY,"Apes - Wild About 5/13 - Go Wild","24m 35s","2022-04-17T20:29:58Z",""
"6RBR-rCB3Jk","A Valley Lost in Time, Ausseerland - Go Wild","51m 49s","2022-04-12T08:00:02Z","3 (blocked)"
zYUSf6daaUw,"Raptors - Wild About 4/13 - Go Wild","24m 35s","2022-04-09T22:00:30Z",""
LspwaSnYX1g,"Snakes - Wild About 3/13 - Go Wild","24m 35s","2022-04-07T22:00:10Z",""
3LIG2rpqQdg,"Sharks - Wild About 2/13 - Go Wild","24m 33s","2022-04-05T22:00:05Z",""
ZJMYElgKCBs,"Lions - Wild About 1/13 - Go Wild","24m 33s","2022-04-04T13:00:17Z",""
CYMQr6gPEHk,"African Herbivores - Animal Society 1/13 - Go Wild","24m 4s","2022-04-03T16:43:37Z",""
Yq4efzjGxa8,"Danger Down Under - Go Wild","52m 21s","2022-03-21T08:40:06Z",""
LM6_bzRgQsc,"Afghanistan - The Lost Mines of the Pharaohs - Go Wild","52m 8s","2022-03-11T14:00:13Z","3 (blocked)"
AnOAW0lampA,"Secrets of the Flooded Forest - Danube National Park - Go Wild","52m 42s","2022-03-08T14:00:05Z","3 (blocked)"
1t62SFAGVnU,"Let It Snow - Go Wild","52m 10s","2022-03-02T14:00:02Z","3 (blocked)"
"wjF-ns6a3XU","Wild Mongolia - Go Wild","50m 13s","2022-02-28T09:42:51Z","3 (blocked)"
w7Kwei1vuAE,"Discovering Animal Behaviour 3/3 - The Secrets of Nature","52m 44s","2022-02-16T14:00:27Z",""
ELr9QgiGB6U,"Discovering Animal Behaviour 2/3 - The Secrets of Nature","55m 48s","2022-02-14T13:30:05Z",""
C0sgdzBoTZQ,"Discovering Animal Behaviour 1/3 - The Secrets of Nature","56m 5s","2022-02-11T09:36:37Z",""
"kp7_f-1UTzY","Prodigious Designs, Infinite Colours - Unusual World 3/3 - Go Wild","49m 53s","2022-01-14T17:00:24Z","1 (blocked)"
eMsH88i5EBM,"Three Lives in One - Unusual World 2/3 - Go Wild","49m 27s","2022-01-10T16:00:31Z","1 (blocked)"
MAynnYu2Yo8,"A Look Stalks You - Unusual World 1/3 - Go Wild","49m 11s","2022-01-07T14:00:19Z","1 (blocked)"
3qIM9CtJL4Q,"Springtime Stories - Go Wild","52m 12s","2021-12-29T21:03:09Z","3 (blocked)"
7uf21RnjCmA,"Garden Wild - Go Wild","52m 23s","2021-12-24T10:19:58Z","5 (blocked)"
usFRjQXnvw4,"Iron Jungle - Natureâ€™s Return to the Ruhr Valley - Go Wild","49m 8s","2021-12-19T11:00:35Z","17 (blocked)"
qwdsS1LL6ic,"Band of Bears 2/2 - Go Wild","40m 55s","2021-12-17T14:00:18Z","4 (blocked)"
KqUaQ7sfvOY,"Band of Bears 1/2 - Go Wild","44m 5s","2021-12-15T21:17:51Z","4 (blocked)"
DHIbgY_gGS8,"The Saga of the White-Tailed Eagle - Go Wild",50m,"2021-12-14T17:51:18Z","3 (blocked)"
iGG_3pwpY_0,"Sahara - The English Patient's Desert - Go Wild","49m 7s","2021-12-12T19:11:23Z","3 (blocked)"
vhtVaeZgKqc,"The Voice of the Danube - Go Wild","27m 37s","2021-12-09T16:00:18Z",""
tHrDLiLYv4E,"Storks - A Village Rooftop Saga - Go Wild","51m 55s","2021-12-07T14:00:32Z","3 (blocked)"
t01BkWoYGgM,"The Isle - Go Wild","50m 24s","2021-12-06T13:52:04Z","3 (blocked)"
r96o8xZEuFQ,"From the Alps to the Polar Sea - Wild & Wide Awake: Spring Across Europe 2/2 - Go Wild","50m 33s","2021-12-05T13:00:32Z","3 (blocked)"
6cxizphG0us,"From the Mediterranean to the Alps - Wild & Wide Awake: Spring across Europe 1/2 - Go Wild","50m 6s","2021-12-04T11:00:03Z","3 (blocked)"
j7TwCaAQtm8,"Blue Whisper - Go Wild","51m 23s","2021-12-02T14:00:30Z","3 (blocked)"
"qlraM7F-Akk","Biebrza â€“ The European Amazon - Go Wild","50m 17s","2021-11-30T23:00:32Z","1 (blocked)"
vN5RUEknE1I,"Gober - On the Fate of an Orang-Utan Mother - Go Wild","52m 4s","2021-10-29T16:06:45Z","6 (blocked)"
34m4fNbt8Qk,"Sharkville - Go Wild","50m 18s","2021-10-25T18:42:33Z","5 (blocked)"
4nA8PttEu1Q,"Gentle Giant - Otterâ€™s Paradise in Capercaillie County - Go Wild","50m 53s","2021-10-22T14:00:02Z","3 (blocked)"
ZWYG94DpI8k,"Lake Constance - Wilderness on the Water - Go Wild","51m 8s","2021-10-20T16:00:14Z","8 (blocked)"
2f9Ve2qxS0I,"Lake Neusiedl - Expedition though the Reeds - Go Wild","50m 14s","2021-10-18T14:00:01Z","3 (blocked)"
taN3ail5qlM,"High Tatras - A Wilderness Frozen in Time - Go Wild","52m 23s","2021-10-16T18:14:30Z","12 (blocked)"
GdxwBFhWf7o,"Hunting Buddies - How Dogs Discovered Man - The Secrets of Nature","50m 8s","2021-09-23T18:11:14Z","3 (blocked)"
hLj_wjCLsCo,"Forest of Fantasies - Go Wild","51m 54s","2021-09-16T16:00:20Z","3 (blocked)"
TgvsNzhiu9g,"Canary Islands - Part II: The World of the Fire Mountains - Go Wild","50m 10s","2021-09-04T15:00:19Z","21 (blocked)"
uq0MIp51p2s,"Canary Islands - Part I: Life at the Limit - Go Wild","50m 11s","2021-09-02T13:00:33Z","21 (blocked)"
AiHTuNrAsrY,"Prince of the Alps - Go Wild","52m 46s","2021-08-31T08:55:12Z","3 (blocked)"
kVojFUwyUPk,"Meet creatures connected by weird ways of breathing - Barneys Barrier Reef 9/20 - Go Wild","28m 18s","2021-08-14T20:25:32Z","4 (blocked)"
Ap2GEMIxQu0,"Climate Change Bug - Go Wild","49m 17s","2021-08-10T17:00:10Z","3 (blocked)"
F_OKLOvP4u8,"Sun-Seeking Creatures - A Mediterranean World - Go Wild","50m 29s","2021-08-07T18:00:11Z","3 (blocked)"
RW4fY11LLwc,"Lake WÃ¶rthersee - Where Man and Nature Meet - Go Wild","48m 45s","2021-07-09T18:00:13Z","3 (blocked)"
_2yyLnpxFDg,"Greece - Garden of the Gods - Go Wild","52m 1s","2021-07-03T19:00:10Z","3 (blocked)"
rWCG_JiWTkA,"Alpine Meltdown â€“ Just a Few Degrees More - Go Wild","49m 38s","2021-07-01T11:46:11Z","3 (blocked)"
iabAqwj8zp0,"Extreme! - Light and Dark - Go Wild","50m 25s","2021-06-30T14:14:35Z","3 (blocked)"
RXlhkIOGGuY,"Dehesa - The Secrets of Nature","50m 13s","2021-06-22T18:00:11Z","17 (blocked)"
oIMUPPIoqPY,"The Life Power - Nature Tech 3/3 - The Secrets of Nature","51m 54s","2021-06-21T16:00:13Z","3 (blocked)"
"7f_xM-6h4Dc","The Material World - Nature Tech 2/3 - The Secrets of Nature","52m 19s","2021-06-20T14:00:13Z","3 (blocked)"
uRJuqz5TAfk,"Magic of Motion - Nature Tech 1/3 - The Secrets of Nature","49m 40s","2021-06-19T13:25:34Z","3 (blocked)"
a_pTOhhB8Q8,"A Genet's Tale - Go Wild","50m 1s","2021-06-14T19:00:12Z","15 (blocked)"
4itdFBugB6I,"Jerte, Wildlife in the Cherry Valley - The Secrets of Nature","48m 50s","2021-06-08T18:00:11Z","5 (blocked)"
"Qr79-qUoLRM","Iceland, the Newborn Island - The Secrets of Nature","52m 37s","2021-06-07T18:11:10Z","20 (blocked)"
98OhAX_bSVg,"Coral reefs are the cities of the reef - Barneys Barrier Reef 19/20 - Go Wild","28m 4s","2021-05-27T13:00:08Z","4 (blocked)"
1l7HXHMGS9U,"Reef catwalk - Barneys Barrier Reef 18/20 - Go Wild","28m 19s","2021-05-26T15:00:01Z","4 (blocked)"
wl_eRYtPKJM,"The Reefâ€™s Got Talent - Barneys Barrier Reef 15/20 - Go Wild","27m 38s","2021-05-25T18:00:13Z","4 (blocked)"
09bs5KmEAdc,"Snot-guzzling parrotfish to poo-cleaning cucumbers, - Barneys Barrier Reef 14/20 - Go Wild","28m 13s","2021-05-25T16:00:01Z","4 (blocked)"
dGDfG3k3oSw,"Family ties under the sea - Barneys Barrier Reef 13/20 - Go Wild","27m 53s","2021-05-24T15:00:15Z","4 (blocked)"
"acK2wK-aI0o","Super-sighted shrimps to multi-eyed jellyfish - Barneys Barrier Reef 8/20 - Go Wild","28m 2s","2021-05-21T13:30:01Z","4 (blocked)"
Vv9vq3x2LQg,"Super smell to incredible eyesight - Barneys Barrier Reef 12/20 - Go Wild",28m,"2021-05-18T22:00:09Z","4 (blocked)"
kFoN5gnkKIA,"How to survive in the fish-eat-fish world of the Barrier Reef - Barneys Barrier Reef 5/20 - Go Wild","28m 19s","2021-05-18T13:32:58Z","4 (blocked)"
VLPZo3eKrFc,"Veggies and meat eaters - Barneys Barrier Reef 4/20 - Go Wild","27m 56s","2021-05-18T13:29:01Z","4 (blocked)"
"QV1c808-Drk","Boxing shrimps to chomping sharks - Barneys Barrier Reef 2/20 - Go Wild","28m 18s","2021-05-18T13:27:27Z","4 (blocked)"
YMUMAqimxkw,"The sea is full of sporting talent - Barneys Barrier Reef 20/20 - Go Wild","28m 9s","2021-05-17T17:00:44Z","4 (blocked)"
8HMWefPiIXU,"Creepy critters - Barneys Barrier Reef 10/20 - Go Wild","28m 16s","2021-05-17T15:42:30Z","4 (blocked)"
1oQDnstR5IM,"Walking sharks to hitchhiking shrimps and squids - Barneys Barrier Reef 11/20 - Go Wild","27m 58s","2021-05-17T15:41:14Z","4 (blocked)"
ndUyz02SCu4,"The most beautiful, colourful and deadly animals on the planet - Barneys Barrier Reef 6/20 - Go Wild","28m 20s","2021-05-17T15:39:32Z","4 (blocked)"
E4fNAz_0m80,"Spineless - Barneys Barrier Reef 7/20 - Go Wild","28m 4s","2021-05-17T15:35:01Z","4 (blocked)"
IY9lrtgvGYo,"Decorator crab to the sneaky snake eel - Barneys Barrier Reef 1/20 - Go Wild","28m 13s","2021-05-17T15:28:18Z","4 (blocked)"
PW2Ap8oDqs0,"Urban Terror â€“ Urban Animals - Animal Antics - Go Wild","5m 13s","2020-12-08T20:38:18Z",""
yYKTOH6SJ6w,"Water looms - Rivers - Animal Antics - Go Wild","5m 13s","2020-12-08T20:34:36Z",""
_y0jOMrsbEI,"The Night Shift â€“ Nocturnal - Animal Instincts - Go Wild","5m 12s","2020-12-08T20:24:46Z",""
cXCw5qkwP5k,"Island Rhythms - Tropical islands - Animal Antics - Go Wild","5m 13s","2020-12-08T20:24:30Z",""
C4dzE_noKZY,"The Height of Life - Mountains - Animal Antics - Go Wild","5m 13s","2020-12-08T20:23:39Z",""
d_vZoBQ5ehQ,"Water â€“ Source of Life - Animal Antics - Nature's Greatest Moments - Go Wild","5m 13s","2020-12-08T20:23:30Z",""
EF83JpmYfw0,"Call of the Running Tide - Estuaries - Animal Antics - Go Wild","5m 13s","2020-12-08T20:22:31Z",""
"FFMzm8v-Smw","A Handful of Dust - Desert Life - Animal Instincts - Go Wild","5m 12s","2020-12-08T20:19:06Z",""
X7DMlZgUQNU,"Water Worlds - Ponds - Animal Instincts - Go Wild","5m 13s","2020-12-08T20:18:45Z",""
NuiGaUH5yjY,"On The Plains - Savannah Landscapes - Animal Instincts - Go Wild","5m 13s","2020-12-08T20:17:53Z",""
Sim8EgGBFRQ,"Flower Power - Fynbos - Animal Instincts - Go Wild","5m 13s","2020-12-08T20:15:55Z",""
TsJailZWBqE,"Beneath the Trees - Rain forests - Animal Instincts - Go Wild","5m 13s","2020-12-08T20:14:54Z",""
N7mbLWFZUdM,"No Mans Land - Inter-Tidal Zone - Animal Instincts - Go Wild","5m 13s","2020-12-08T20:13:45Z",""
4zStYV0nRBQ,"Birds of a Feather - Ostriches - Go Wild","5m 13s","2020-12-08T20:10:49Z",""
"vJhwl2_d-po","In The Pink - Flamingos - Animal Antics - Go Wild","5m 13s","2020-12-08T20:07:48Z",""
s3qbh1jjmHw,"Fast & Furious - Raptors - Animal Antics - Go Wild","5m 13s","2020-12-08T20:00:09Z",""
PFhfw0of8xw,"Lord of the Skies â€“ Eagles - Animal Antics - Go Wild","5m 13s","2020-12-08T19:48:50Z",""
HU1MTm5By0M,"Weaving About - Weavers - Animal Antics - Go Wild","5m 13s","2020-12-08T19:02:55Z",""
1mXYkxGlhv0,"Penguins Plight - Penguins - Animal Antics - Go Wild","5m 12s","2020-12-08T18:41:46Z",""
tKkR9XWKw3E,"Vulture Culture - Vultures - Nature's Greatest Moments - Go Wild","5m 13s","2020-12-08T18:32:06Z",""
"TxXBPd-8bD8","Torres Strait Island - Island Life 6/6 - Go Wild","50m 1s","2020-12-06T21:31:52Z","1 (blocked)"
jAWJ_2nswTQ,"Lizard Island - Island Life 5/6 - Go Wild","50m 3s","2020-12-06T21:14:28Z","1 (blocked)"
SyXdrNvkbI4,"Kangaroo Island - Island Life 4/6 - Go Wild","50m 5s","2020-12-06T21:07:25Z","1 (blocked)"
5v8ZCy1_YmY,"Christmas Island - Island Life 3/6 - Go Wild","50m 1s","2020-12-06T21:02:25Z","1 (blocked)"
ad_9W4fWvu0,"Macquarie Island - Island Life 2/6 - Go Wild","50m 13s","2020-12-06T20:53:46Z","1 (blocked)"
wr2EsghqFNk,"Barrow Island - Island Life 1/6 - Go Wild","49m 4s","2020-12-06T20:38:33Z","1 (blocked)"
B3F4MIgv4oY,"Silvertip Sharks: The Predators Of Cabo San Sebastian - Blue Reef Adventures 10/13 - Go Wild","25m 4s","2020-12-05T20:49:13Z",""
pXkmPCoOWwQ,"Sea Riders: The Bottlenose Dolphins of South Africa - Blue Reef Adventures 13/13 - Go Wild","24m 53s","2020-12-05T20:48:36Z",""
yPZ8xKVXPP8,"A Shipâ€™s Graveyard, Wrecks of The Red Sea - Blue Reef Adventures 12/13 - Go Wild","25m 16s","2020-12-05T20:46:57Z",""
E8LgXpe5DUo,"Giant Sleepy Sharks: The Shark Caves of Benguerra - Blue Reef 11/13 - Go Wild","25m 5s","2020-12-05T20:42:09Z",""
5gTM32Z73fY,"A Threat In The Ocean: The Delicate Balance of The Reefs Of Comoros - Go Wild","24m 58s","2020-12-05T20:38:41Z",""
Z0WuGx90QdU,"Gypsies of The Sea: Turtles of The Indian Ocean - Blue Reef Adventures 8/13 - Go Wild","24m 52s","2020-12-05T20:34:31Z",""
MEdPyHiAUU8,"The Great Hunter: Great White Sharks Of South Africa - Blue Reef Adventures 7/13 - Go Wild","25m 1s","2020-12-05T20:32:20Z",""
OK5BIStE_Gw,"Diamonds of The Restless Sea: Underwater Diamond Miners - Blue Reef Adventures 6/13 - Go Wild","24m 45s","2020-12-05T20:26:22Z",""
SKaXi2C_NVo,"Squadrons of The Deep: Hammerhead Sharks Of Sudan - Blue Reef Adventures 4/13 - Go Wild","25m 3s","2020-12-05T18:47:55Z",""
sgkgv22bT20,"Grinning Predators: Ragged Tooth Sharks of South America - Blue Reef Adventures 3/13 - Go Wild","25m 2s","2020-12-05T18:44:17Z",""
XflSVEUAu6Q,"Dive To The Extreme: The Worldâ€™s Deepest Scuba Dive - Blue Reef Adventures 5/13 - Go Wild","25m 48s","2020-12-05T18:35:57Z",""
bwwTgl0QfjA,"Gentle Giants: The Whale Shark - Blue Reef Adventures 2/13 - Go Wild","24m 42s","2020-12-05T18:27:27Z",""
fzm9OLADBss,"Graceful Flyers: The Ornate Eagle Ray Of Maldives - Blue Reef Adventures 1/13 - Go Wild","24m 55s","2020-12-05T18:19:29Z",""
X1ReV1DVbpU,"Baby New At the Zoo - Go Wild","25m 14s","2020-11-12T18:05:08Z","46 (allowed)"
JAOJbjh8CC8,"After Dark - Go Wild","50m 2s","2020-11-12T17:00:42Z","1 (blocked)"
"yd8z-lcoDlc","Un Viaje Africano a TravÃ©s de los Ojos de un NiÃ±o - Go Wild","43m 54s","2020-10-31T18:03:12Z",""
iejVvcHD5VQ,"Amy Meets - Eine Afrikareise aus Kindersicht - The Secrets of Nature","43m 53s","2020-10-31T17:24:41Z",""
yT6afPsW3Hw,"Amy Meets - An African Journey Through a Child's Eyes - The Secrets of Nature","43m 54s","2020-10-29T19:14:54Z",""
Fs44wtcMY6Y,"Zoo Vets: Fangs, Flippers and Tusks - Go Wild","51m 31s","2020-10-20T08:01:08Z","37 (allowed)"
J8modS_ysyo,"Snakes - The Whole Story 9/13 - Go Wild","51m 6s","2020-10-16T19:00:09Z","37 (allowed)"
JXJ9HtoPD50,"Hyenas - The Whole Story 7/13 - Go Wild","51m 4s","2020-10-15T19:00:08Z",""
6eHeytujZzs,"Beetles - The Whole Story 6/13 - Go Wild","51m 3s","2020-10-14T19:00:08Z",""
Ja34Sg9L8hE,"Polar Bears - Fantastic Creatures - Go Wild","5m 20s","2020-10-14T17:52:54Z","3 (blocked)"
HF7XhLgjsT0,"Crocodiles - The Whole Story 5/13 - Go Wild","50m 4s","2020-10-13T19:00:08Z",""
PmOAjDg87CY,"Tiger Tales - Go Wild","26m 34s","2020-10-12T10:14:22Z",""
aNuz7GNEKro,"Lions - The Whole Story 3/13 - Go Wild","51m 3s","2020-10-12T10:00:08Z",""
I5crxZNvItI,"Ungulates - The Whole Story 13/13 - Go Wild","51m 3s","2020-10-11T21:00:08Z",""
wPyOcvFuPu4,"Sea Mammals - The Whole Story 12/13 - Go Wild","50m 3s","2020-10-11T20:00:08Z",""
ucCCoFols54,"Baboons - The Whole Story 11/13 - Go Wild","51m 4s","2020-10-11T18:00:08Z",""
71bYxCVmHgQ,"Frogs - The Whole Story 10/13 - Go Wild","51m 3s","2020-10-11T16:00:01Z",""
Gi8N79g3hQE,"Eagles - The Whole Story 4/13 - Go Wild","50m 59s","2020-10-11T14:28:31Z",""
NdQB2QNsMfw,"Spiders - The Whole Story 2/13 - Go Wild","51m 4s","2020-10-11T14:17:56Z",""
vHCcbEtI4xk,"Elephants - The Whole Story 1/13 - Go Wild","51m 4s","2020-10-11T14:15:17Z",""
Lhj01hI3hs4,"Crown of Thorns Starfish - Fantastic Creatures - Go Wild","5m 21s","2020-10-11T10:16:19Z","3 (blocked)"
dVpqkR8I3SI,"Snails - Fantastic Creatures - Go Wild","5m 12s","2020-10-11T10:15:59Z","3 (blocked)"
auOUQvtxOvE,"Squids - Fantastic Creatures - Go Wild","5m 45s","2020-10-11T10:14:31Z","3 (blocked)"
NytI4HrmMfs,"Orang-utans - Fantastic Creatures - Go Wild","5m 10s","2020-10-11T10:09:00Z","3 (blocked)"
9ZBRmZXHulI,"Indian Elephants - Fantastic Creatures - Go Wild","5m 10s","2020-10-11T10:07:43Z","3 (blocked)"
7zt_FjC7uQY,"Hyenas - Fantastic Creatures - Go Wild","3m 53s","2020-10-11T10:07:04Z","3 (blocked)"
168YjxXm3AA,"The Sea Horse - Fantastic Creatures - Go Wild","5m 18s","2020-10-11T10:03:45Z","3 (blocked)"
9L2XIR4tiF8,"Meerkats - Fantastic Creatures - Go Wild","4m 12s","2020-10-11T09:56:39Z","3 (blocked)"
26b6lYlaX5E,"Hornets - Fantastic Creatures - Go Wild","4m 31s","2020-10-11T09:54:29Z","3 (blocked)"
3YC9FbPtxw0,"Elephant Seals - Fantastic Creatures - Go Wild","4m 8s","2020-10-11T09:53:07Z","3 (blocked)"
KhkGjUykykU,"Frog In Your Throat - Insects & Reptiles S1E15 - Go Wild","5m 31s","2020-10-10T17:38:01Z",""
unDJKrCHuN8,"Spider Babies - Insects & Reptiles S1E17 - Go Wild","5m 31s","2020-10-10T17:29:33Z",""
h5YQR_nhCno,"Snack Attack - Insects & Reptiles S1E16 - Go Wild","5m 32s","2020-10-10T17:27:42Z",""
DvFcdFj3_F0,"Gone Camping - Insects & Reptiles S1E14 - Go Wild","5m 31s","2020-10-10T17:24:17Z",""
K4b3heDUNrs,"Learning To Be A Crocodile - Insects & Reptiles S1E13 - Go Wild","5m 33s","2020-10-10T16:50:12Z",""
XBTwI8uUf4g,"Going For a Spin - Insects & Reptiles S1E12 - Go Wild","5m 32s","2020-10-10T16:46:34Z",""
roDDgLhHQsU,"One Animals Dung is Anotherâ€™s Treasure - InsectsReptiles S1E11 - Go Wild","5m 31s","2020-10-10T16:40:51Z",""
tOKXIwTtDS4,"Gone Fishing - Insects & Reptiles S1E10 - Go Wild","5m 32s","2020-10-10T16:39:50Z",""
aH7pF6ef3C8,"Dinning Out (Spider) - Insects & Reptiles S1E09 - Go Wild","5m 33s","2020-10-10T16:36:08Z",""
X9A0XzzLMJw,"Whatâ€™s the Buzz (Bees) - Insects & Reptiles S1E08 - Go Wild","5m 32s","2020-10-10T16:34:19Z",""
btJ2vedhIGI,"Dangerous Liaisons - Insects & Reptiles S1E07 - Go Wild","5m 33s","2020-10-10T16:30:15Z",""
cK4v8pIqdjU,"Dance Like a Butterfly Sting Like a Spider - Go Wild","5m 33s","2020-10-10T16:25:49Z",""
Erm5lwQ8yLA,"A Load Of Bull - Insects & Reptiles S1E05 - Go Wild","5m 33s","2020-10-10T16:24:27Z",""
0ROig0HKdGg,"Turtle Tales (Turtles) - Insects & Reptiles S1E04 - Go Wild","5m 33s","2020-10-10T16:22:12Z",""
vxl1yc0e8jk,"Many Hands Make Light Work - Insects Reptiles S1E03 - Go Wild","5m 33s","2020-10-10T16:20:28Z",""
QPtWxo3T2fE,"From Hunter to Hunted (Snake) - Insects & Reptiles S1E02 - Go Wild","5m 33s","2020-10-10T16:12:47Z",""
wrXTduBQylI,"Love On The Reeds - Insects & Reptiles S1E01 - Go Wild","5m 33s","2020-10-10T15:14:37Z",""
FS3HfegSccs,"Sweating Blood - Nature's Greatest Moments S03E16 - Go Wild","5m 16s","2020-10-02T16:15:04Z",""
rQCuJL2KFYI,"Fat Cat - Nature's Greatest Moments S03E15 - Go Wild","5m 16s","2020-10-02T16:13:07Z",""
WuXcaDhCpIw,"Designer Coat - Nature's Greatest Moments S03E14 - Go Wild","5m 16s","2020-10-02T16:10:09Z",""
lnURcCbnK78,"Relatively Speaking - Nature's Greatest Moments S03E12 - Go Wild","5m 16s","2020-10-02T16:07:04Z",""
"FcWN-8mPwuM","The Power Brokers - Nature's Greatest Moments S03E13 - Go Wild","5m 16s","2020-10-02T16:07:03Z",""
x81e_I4DyIY,"Long In The Neck - Nature's Greatest Moments S03E11 - Go Wild","5m 16s","2020-10-02T15:59:09Z",""
zr46Cf9TeWI,"Cobra - Nature's Greatest Moments S03E10 - Go Wild","5m 16s","2020-10-02T15:55:58Z",""
Wa1sORtHFRA,"Boomslang - Nature's Greatest Moments S03E09 - Go Wild","5m 16s","2020-10-02T15:50:38Z",""
8aCxUYD5cbY,"Whale of a Time - Nature's Greatest Moments S03E08 - Go Wild","5m 16s","2020-10-02T15:48:39Z",""
"s-B1i4iopDc","Whale Tale - Nature's Greatest Moments S03E07 - Go Wild","5m 16s","2020-10-02T15:18:03Z",""
"nr-wS5UpjO0","Cold Blood In A Hot Place - Nature's Greatest Moments S03E06 - Go Wild","5m 16s","2020-10-02T15:14:54Z",""
gP5T7zEYLxI,"Desert Ungulates - Nature's Greatest Moments S03E05 - Go Wild","5m 16s","2020-10-02T15:13:51Z",""
ZzTmtEDgyAI,"Oh Rats - Natureâ€™s Greatest Moments S03E04 - Go Wild","5m 16s","2020-10-02T15:10:27Z",""
5mRabdZNP0Y,"Ricky Ticky Tarvy - Natureâ€™s Greatest Moments S03E03 - Go Wild","5m 16s","2020-10-02T15:06:57Z",""
kjWuybc0uNU,"Run Rhino Run - Natureâ€™s Greatest Moments S03E02 - Go Wild","5m 16s","2020-10-02T15:04:59Z",""
EmnweQGJhN8,"Desert Denizens - Natureâ€™s Greatest Moments S03E01 - Go Wild","5m 16s","2020-10-02T14:40:09Z",""
QGNgTxFnHbs,"Deliverance - Monkey Thieves S2 13/13 - Go Wild","25m 4s","2020-10-02T12:00:10Z",""
b4ikUgbcgWQ,"An Unlikely Hero - Monkey Thieves S2 12/13 - Go Wild","25m 3s","2020-10-02T09:52:55Z",""
b1rB4tsFbks,"Colour & Calamity - Monkey Thieves S2 11/13 - Go Wild","25m 3s","2020-10-02T09:51:09Z",""
CoySiL4t9mU,"Raid - Monkey Thieves S2 10/13 - Go Wild","25m 3s","2020-10-02T09:46:05Z",""
"2rWe-YfoYO8","Cops & Robbers - Monkey Thieves S2 8/13 - Go Wild","25m 3s","2020-10-02T09:01:13Z",""
"N-F60TKkSxk","Missing in Action - Monkey Thieves S2 9/13 - Go Wild","25m 3s","2020-10-02T09:00:49Z",""
NlX_9cvd5YM,"Beggarâ€™s Banquet - Monkey Thieves S2 7/13 - Go Wild","25m 3s","2020-10-02T09:00:08Z",""
"o-HqmKzvfkc","Home Hunters - Monkey Thieves S2 6/13 - Go Wild","25m 3s","2020-10-02T08:47:18Z",""
nEjkibv6KFQ,"Street Life - Monkey Thieves S2 5/13 - Go Wild","25m 4s","2020-10-01T22:00:09Z",""
PSEMwZMGons,"Urban Exile - Monkey Thieves S2 4/13 - Go Wild","25m 3s","2020-10-01T19:15:09Z",""
HLP7JACBql4,"Monkey Thieves S2 2/13 - Go Wild","25m 3s","2020-10-01T18:48:00Z",""
PLoD5wmK1lE,"Monkey Thieves S2 3/13 - Go Wild","25m 3s","2020-10-01T18:33:49Z",""
_SPOsteJGo0,"Divided We Stand - Monkey Thieves S2 1/13 - Go Wild","25m 3s","2020-10-01T17:49:34Z",""
Okq8zMZww_Y,"Fishzilla: Snakefish Invasion - Go Wild","50m 33s","2020-09-07T22:07:09Z","2 (blocked)"
Qw_6J4g_7VM,"Borneos Pygmy Elephants - Go Wild","53m 14s","2020-09-07T21:30:41Z",""
Pvy1aLGbjIo,"ZooVets Claws Paws and Fins - Go Wild","1h 12m 34s","2020-09-07T20:14:13Z","43 (allowed)"
ajjBxfRn_WY,"Biggest Nose in Borneo - Go Wild","52m 3s","2020-09-07T19:34:17Z",""
fuSeZkG5iJQ,"Bat Woman of Panama - Go Wild","50m 3s","2020-09-07T18:35:00Z",""
3f8ymeWp3PA,"Unlikely Animal Friends - Go Wild","50m 3s","2020-09-07T18:25:45Z","4 (blocked)"
QwL6Aa4yj28,"Unbelievable Beasts 1/2 - Go Wild","50m 34s","2020-08-28T21:13:23Z","2 (blocked)"
chblJZU2uGY,"Unbelievable Beasts 2/2 - Go Wild","50m 34s","2020-08-28T21:12:04Z","2 (blocked)"
bBuj_DstTOI,"The Trapper and The Amazon - Go Wild","49m 20s","2020-08-28T20:00:53Z","5 (blocked)"
cXrARgkJ5Kg,"Secret Shark Pits - Go Wild","50m 37s","2020-08-28T12:15:39Z","4 (blocked)"
RzbbKEFzggg,"Ocean Rescue Australia - Go Wild","50m 3s","2020-08-26T18:40:56Z","1 (blocked)"
OxWdtCq6e4M,"Oldies But Goldies - Go Wild","58m 31s","2020-08-26T18:37:46Z","3 (blocked)"
cE0MBwxK7kk,"Running With Wolves - Go Wild","50m 5s","2020-08-26T18:26:39Z",""
CZBm42K4YrM,"How To Catch A Crocodile - Go Wild","24m 56s","2020-08-26T13:43:18Z",""
rx4_vv1Atbo,"Locust Invasion - Go Wild","52m 34s","2020-08-19T17:32:05Z","1 (blocked)"
"1MZsEbiE6-o","Moving Africas Ark - Go Wild","52m 26s","2020-08-19T17:31:43Z",""
xDocR0h2kuA,"Golfing With Animals - Go Wild","58m 2s","2020-08-19T15:33:55Z","3 (blocked)"
O9KsoIAUWHw,"Flight of the Elephants - Go Wild","52m 3s","2020-08-19T14:34:24Z","1 (blocked)"
h8E7pxN_3NI,"Flight For Survival - Go Wild","52m 48s","2020-08-19T13:03:01Z",""
omHK86Ct2GA,"Elephant Orphans - Go Wild",52m,"2020-08-19T12:47:41Z",""
4DuIRW9WdPk,"Caught Barehanded - Go Wild","50m 34s","2020-08-19T11:57:45Z","2 (blocked)"
7ck9O_KYWP8,"Cane Toads - Go Wild","1h 23m 40s","2020-08-13T15:05:57Z","7 (blocked)"
WmJNTh5uHGs,"Big Fish Tales - Go Wild","50m 34s","2020-08-13T14:08:00Z","4 (blocked)"
fxUW1kseJq0,"Big Cat Doctor - Go Wild","52m 14s","2020-08-13T13:37:56Z",""
Y4L9CmZn2iU,"Umbria From Wreck to Reef - The Secrets of Nature","51m 16s","2019-08-20T14:00:08Z","8 (blocked)"
aAOew8Hm5RM,"The Incredible Hulik and His Beavers - The Secrets of Nature","49m 15s","2019-08-16T18:00:23Z","7 (allowed)"
bzvyjriNEdo,"Night of the Salamander - The Secrets of Nature","50m 35s","2019-08-15T19:00:07Z","7 (allowed)"
xm47coWDtb0,"Spring - The Return of Life - The Secrets of Nature","48m 56s","2019-06-21T18:16:20Z","6 (blocked)"
dqeAi5AxyyM,"Sirga the Huntress - Saving Sirga: Journey Into the Heart of a Lion 6/6 - Go Wild","51m 57s","2019-03-23T21:11:06Z","12 (allowed)"
ySgwAeZ1hZ4,"Death of a Lion - Saving Sirga: Journey Into the Heart of a Lion 5/6 - Go Wild","51m 58s","2019-03-23T21:10:02Z","12 (allowed)"
"P-GentA6uUI","Uncertain Times - Saving Sirga: Journey Into the Heart of a Lion 4/6 - Go Wild","51m 58s","2019-03-23T21:08:53Z","12 (allowed)"
g7s9bu1nNLM,"The Desert Lives - Saving Sirga: Journey Into the Heart of a Lion 3/6 - Go Wild",52m,"2019-03-23T21:07:45Z","12 (allowed)"
eDDELJ9mygs,"The Deadly Season - Saving Sirga: Journey Into the Heart of a Lion 2/6 - Go Wild","51m 56s","2019-03-23T21:06:47Z","12 (allowed)"
cIwgkuI_w3k,"Dead Lion Walking - Saving Sirga: Journey Into the Heart of a Lion 1/6 - Go Wild","51m 57s","2019-02-21T11:23:17Z","12 (allowed)"
4TjkesP7SuE,"ðŸ”´ The Secrets of Nature Live Stream",livestream,"2018-09-16T18:35:21Z",""
Xu6Cp7NerzI,"Giraffe - Africa's Wild Wonders - Go Wild",5m,"2018-06-30T15:09:43Z",""
e54lsD7RSQs,"Kudus - Africa's Wild Wonders - Go Wild",5m,"2018-06-24T15:30:01Z",""
gURyha2ZBWU,"Vultures - Africa's Wild Wonders - Go Wild","5m 3s","2018-06-23T15:30:00Z",""
8qxGqQEj7p8,"Creatures of the Night - Africa's Wild Wonders - Go Wild","5m 3s","2018-06-22T15:30:00Z",""
"1-UF6bN0ew4","Penguins - Africa's Wild Wonders - Go Wild","5m 3s","2018-06-21T15:30:00Z",""
9EO8zAi61KI,"Mangrove Crabs - Africa's Wild Wonders - Go Wild","5m 3s","2018-06-20T15:00:01Z",""
"EtZjgA-rbRY","Whales - Africa's Wild Wonders - Go Wild","5m 3s","2018-06-19T15:00:01Z",""
Y5HFfhlvGoU,"The Magnificent Seven - Africa's Wild Wonders - Go Wild","5m 3s","2018-06-18T15:00:06Z",""
JsImLTlJHjg,"Rivers - Africa's Wild Wonders - Go Wild","5m 3s","2018-06-17T15:00:02Z",""
ck5e_z_7Qtk,"Namaqualand Flowers - Africa's Wild Wonders - Go Wild","5m 3s","2018-06-16T15:00:08Z",""
kZdVUp5p3k0,"Babies of the Wild - Africa's Wild Wonders - Go Wild","5m 3s","2018-06-15T15:00:05Z",""
"A-K_R6-x-2M","Territories - Africa's Wild Wonders - Go Wild","5m 3s","2018-06-14T14:30:00Z",""
MCuAAKYfrSE,"Leopard - Africa's Wild Wonders - Go Wild","5m 3s","2018-06-13T14:30:00Z",""
Affco31jgK4,"Sunrise Sunset - Africa's Wild Wonders - Go Wild","5m 3s","2018-06-12T14:30:01Z",""
ryL3AR_qo9Q,"Contrasting Landscapes - Africa's Wild Wonders - Go Wild","5m 3s","2018-06-11T14:49:41Z",""
PnhuEHdIp74,"Tree Dwellers - Africa's Wild Wonders - Go Wild","5m 3s","2018-06-08T12:00:02Z",""
k75ZYOSt0iU,"Warthogs - Africa's Wild Wonders - Go Wild","5m 3s","2018-06-07T12:00:07Z",""
wDHH7T6KKdQ,"Hippos - Africa's Wild Wonders - Go Wild","5m 3s","2018-06-06T17:30:04Z",""
3n2csWB7W8s,"Buffalo - Africa's Wild Wonders - Go Wild","5m 3s","2018-06-05T12:00:00Z",""
"QJeYK-ABH2Q","Rhinos - Africa's Wild Wonders - Go Wild","5m 3s","2018-06-04T17:30:00Z",""
bLEhFFQrNDQ,"Zebra - Africa's Wild Wonders - Go Wild","5m 3s","2018-06-03T12:00:04Z",""
"I1-bMBjpZyI","Antelope - Impala - Africa's Wild Wonders - Go Wild","5m 3s","2018-06-02T12:00:03Z",""
btoZS5SHbns,"Birds of the Ocean - Africa's Wild Wonders - Go Wild","5m 3s","2018-06-01T12:00:03Z",""
u_WSJVorf7Y,"Bushveld Birds - Africa's Wild Wonders - Go Wild","5m 3s","2018-05-31T12:00:05Z",""
wDeB0KiNBOo,"Lions - Africa's Wild Wonders - Go Wild","5m 3s","2018-05-30T12:00:05Z",""
45hQfqavEgk,"Wild Dogs - Africa's Wild Wonders - Go Wild","5m 3s","2018-05-29T12:00:00Z",""
NPDx4Xayf0I,"Elephants - Africa's Wild Wonders - Go Wild","5m 3s","2018-05-28T17:19:22Z",""
4d4jb4Cb1fg,"Hyenas - Africa's Wild Wonders - Go Wild","5m 3s","2018-05-28T10:34:04Z",""
ivkro6AhA0E,"Sumatras Last Tigers - Go Wild","44m 46s","2018-05-24T16:34:29Z",""
pPP6ha8VXSs,"Changing Seasons - Africa's Wild Wonders - Go Wild","5m 3s","2018-05-23T15:41:52Z",""
pJ_ETWDo6dA,"Baboons - Africa's Wild Wonders - Go Wild",5m,"2018-05-21T16:18:57Z",""
TIxgpuvDEfQ,"Wingbeats to the Amazon - Go Wild","51m 40s","2016-12-19T17:00:02Z",""
Ewd1lL7zpSk,"Wildest Australia - Go Wild","53m 3s","2016-12-18T17:00:07Z",""
8IL2O0S_DCc,"Wildest Asia - Go Wild","49m 49s","2016-12-17T17:00:00Z",""
wml1Jk0_w2M,"Wildest Arctic - Go Wild","50m 3s","2016-12-16T17:00:07Z",""
xLs28Clmz6Q,"Wildest Africa - Go Wild","52m 3s","2016-12-15T20:19:08Z",""
kreIMXaI1hA,"Wildest Antarctica - Go Wild","55m 22s","2016-12-14T08:03:41Z",""
VVHnhFpfMcY,"Triumph and Tragedy on the World's Greatest Reef - Go Wild","48m 29s","2016-12-13T07:35:01Z",""
A9KwkCraBGE,"Miracles from the Wildside - Go Wild","51m 50s","2016-12-11T07:34:35Z",""
1bJphhF1k0I,"Living with Polar Bears - Go Wild","50m 22s","2016-12-09T09:13:00Z",""
fiOPFI1ianA,"Vienna's Water - Go Wild","49m 2s","2016-10-25T20:44:28Z","3 (blocked)"
u_hHZsa6B_g,"Fabulous Foals - Go Wild","51m 50s","2016-10-24T07:52:10Z",""
2phNPYtTOGs,"Australia's Greatest Islands - Go Wild","43m 32s","2016-10-21T07:23:11Z",""
"W7FtVCH-Gfk","Polar Bears vs Climate Change - Go Wild","53m 17s","2016-09-29T08:34:06Z",""
kCgoPa9JCPw,"Prater - The Green Stadium - Go Wild","50m 23s","2016-04-01T09:44:47Z","3 (blocked)"
f2qfAlXi6rA,"The Roaring Mountains - Go Wild","49m 33s","2016-01-18T14:54:29Z","3 (blocked)"
n4wPy9eUX80,"Wild Balkans - Go Wild","51m 8s","2016-01-11T15:12:05Z","3 (blocked)"
bekvC2qMdQY,"Wasteland Warriors - Go Wild","50m 34s","2016-01-07T12:34:11Z","3 (blocked)"
mKMWE_CS508,"Weinviertel - Land of a Thousand Vineyards - Go Wild","49m 47s","2015-12-15T15:01:08Z","3 (blocked)"
gUF73_f3a8U,"Return of the Bald Ibis - Go Wild","50m 56s","2015-11-12T09:06:56Z","3 (blocked)"
z3NUFtjKDW8,"Ships of the Desert - Go Wild","50m 14s","2015-10-27T08:23:13Z",""
e6knB_c8Kxk,"The Carnic Alps - Natureâ€™s Treasure Trove - Go Wild","50m 1s","2015-10-16T09:07:38Z","3 (blocked)"
M7v670G45bI,"Land of Crystal Waters - Go Wild","52m 14s","2015-10-09T07:13:07Z","3 (blocked)"
bUq24YqmW9k,"The Valley of the Ravens - Go Wild","50m 23s","2015-09-10T16:31:26Z","3 (blocked)"
0GHifWdnHC4,"The Valley at the Border - Go Wild","48m 52s","2015-08-25T19:36:50Z","3 (blocked)"
eZLntuBSMzA,"Mountains in the Sun - Go Wild","49m 9s","2015-07-16T07:12:23Z","3 (blocked)"
7RyNz3ByVSQ,"Fu Long - Little Panda Happy Dragon - The Secrets of Nature","48m 2s","2015-06-23T07:49:38Z","3 (blocked)"
JkgmO_3m09I,"Silverado - Go Wild","52m 3s","2015-06-16T14:15:27Z",""
83RuTFzo6dI,"Sea of Creepy Monsters - Go Wild","51m 6s","2015-06-08T20:54:40Z","3 (blocked)"
Ilus2hxUjw4,"Keepers of the Ark - A Life for Animals - Go Wild","50m 2s","2015-05-26T12:59:06Z","3 (blocked)"
8hDE1k4TP9E,"SchÃ¶nbrunn - Well of Beauty - Go Wild","52m 9s","2015-05-10T12:38:36Z","3 (blocked)"
DXbo5ubYS9I,"Termites - The Inner Sanctum - Go Wild","51m 39s","2015-04-12T22:08:41Z","3 (blocked)"
VKzKSP6Tx0c,"Hallstatt - Living Between Rock and Lake - Go Wild","50m 22s","2015-03-26T14:41:38Z","3 (blocked)"
fcmyhdm8k_E,"Kamp - A River for All Senses - Go Wild","49m 12s","2015-03-23T15:26:32Z","3 (blocked)"
8oXoAJQVBPw,"River Without Frontiers - Go Wild",52m,"2015-03-16T17:13:25Z","3 (blocked)"
ghUD4ABTM3o,"The Flight of the Bald Ibis - Go Wild","50m 45s","2015-03-09T20:57:28Z","3 (blocked)"
pTQDCzOd524,"Gene Pools of the Alps (Alpine Zoo Innsbruck) - Go Wild","49m 51s","2015-03-03T16:40:49Z","3 (blocked)"
SCKdPcIToRA,"Carnuntum - Metropolis in the Land of the Barbarians - The Secrets of Nature","49m 6s","2015-02-27T09:03:07Z","3 (blocked)"
lTNC0WS2D5g,"Jackals Out of Africa - Go Wild","49m 35s","2015-02-25T09:40:02Z","3 (blocked)"
2vt63ewZA6Q,"Vampire Princess - Go Wild","52m 24s","2015-02-10T15:08:39Z","3 (blocked)"
YUYYojooGdo,"Bohemian Forest - Wilderness in the Heart of Europe - Go Wild","49m 17s","2015-02-09T12:53:22Z","3 (blocked)"
Gwk71FP19K4,"Bohemia - A Year in the Wetlands - Go Wild","50m 4s","2015-02-06T09:03:51Z","3 (blocked)"
QiiHyfualuo,"The Black Mountain - Go Wild","49m 37s","2015-02-03T18:08:22Z","3 (blocked)"
ziV_OBwu3E4,"The Iron Forest - Go Wild","49m 9s","2015-01-30T18:45:06Z","3 (blocked)"
oO9eIcnol_o,"Puszta - Land of Salt and Sand - Go Wild","49m 6s","2015-01-26T12:35:56Z","3 (blocked)"
ePHACMNQVt0,"Drava - River of Peace River of World - Go Wild","49m 29s","2015-01-12T17:51:37Z","3 (blocked)"
cZsNbVgKLSY,"The Living Graveyard - Go Wild","51m 37s","2015-01-07T12:50:09Z","3 (blocked)"
xRcG6b3630A,"The Otter's Trail - Go Wild","49m 45s","2014-12-27T10:31:07Z","3 (blocked)"
knlXTU1R_rE,"Sky Hunters, The World of the Dragonfly - Go Wild","49m 49s","2014-12-02T08:55:48Z","3 (blocked)"
rfUDNPcoTX8,"Schladming Magic Mountains - Land of Champions - Go Wild","50m 8s","2014-11-08T16:45:13Z","3 (blocked)"
nOFS5YNmpi8,"The Four Alps - Go Wild","52m 37s","2014-10-29T17:57:40Z","3 (blocked)"
fPv48a_xY0c,"It's round in the pack - In Bed With Wolves 3/3 - Go Wild","51m 35s","2014-10-18T12:42:10Z","3 (blocked)"
sm6isdh6OXI,"Six puppies and one death - In Bed With Wolves 2/3 - Go Wild","50m 28s","2014-10-17T07:34:57Z",""
0kMkEKiwzg0,"From Austria to Montana and Back - In Bed With Wolves 1/3 - Go Wild","50m 12s","2014-10-06T08:18:48Z","3 (blocked)"
_SQej8At9Jk,"Flight of the Stork - Go Wild","49m 47s","2014-09-28T09:04:19Z","3 (blocked)"
Qm3KcY2kjl4,"City of Steel, City of Life - Go Wild","47m 24s","2014-09-13T09:24:37Z","3 (blocked)"
IQ0wh5Yr0KQ,"Appalachia - The Endless Forest - Go Wild","52m 11s","2014-09-06T09:40:28Z",""
ypKNsk00QHQ,"Arlberg - The Hidden Paradise - Go Wild","50m 9s","2014-09-03T07:38:13Z","3 (blocked)"
iI5cz6wBa90,"Ol Man River - Mighty Mississippi 2/2 - Go Wild","50m 10s","2014-08-25T18:26:21Z","3 (blocked)"
Ztcxprr6ASM,"Ol Man River - Mighty Mississippi 1/2 - Go Wild","50m 35s","2014-08-22T10:14:33Z","3 (blocked)"
hMj_VmVX5dg,"Wild and the West - Go Wild","52m 7s","2014-08-04T13:15:49Z","3 (blocked)"
U1pc5EvPNeQ,"Little Monsters - Hide & Cheat - Go Wild","51m 7s","2014-07-15T20:10:32Z","3 (blocked)"
RntmHDFjMZs,"Viennas Forests, Jewels of Green - Go Wild","50m 3s","2014-06-19T12:41:26Z","3 (blocked)"
klEbsOt1jKQ,"The Dragons of the Canaries - Go Wild","51m 30s","2014-06-17T07:35:35Z","3 (blocked)"
bGZAeHbg3XI,"Power of the Rainbow - Go Wild","49m 32s","2014-06-11T07:13:22Z","3 (blocked)"
"cW-DIAtbuHo","Genghis Khan - Rider of the Apocalypse - Go Wild","52m 45s","2014-06-04T14:11:04Z","3 (blocked)"
dBZNMsmNNZc,"Sudan The Nubian Caravans - Go Wild","50m 1s","2014-05-27T13:06:34Z","3 (blocked)"
2VNyo9AoA8I,"Mystery of the Fairy Circles - Go Wild","49m 55s","2014-05-14T06:57:04Z","3 (blocked)"
awGN5NApDy4,"The Voynich Code - The Worlds Most Mysterious Manuscript - Go Wild","50m 21s","2014-05-09T17:53:42Z","3 (blocked)"
Fv8OtKa8dUw,"Almendro Tree of Life - Go Wild","51m 54s","2014-05-05T07:24:11Z","3 (blocked)"
jnGTCaiZqOE,"Limits of Light - Go Wild","50m 13s","2014-05-02T08:56:44Z","3 (blocked)"
mfo7yXSNDXA,"Time Limits - Go Wild","49m 43s","2014-04-30T07:57:48Z","3 (blocked)"
1nLMa8FrNfs,"Limits of Perception - Go Wild","51m 28s","2014-04-28T07:26:44Z","3 (blocked)"
"uGEX-SxxyYg","Tough at the Top - Go Wild","48m 28s","2014-04-25T08:59:58Z","3 (blocked)"
LMya8C22AyU,"Tasmania - Paradise at the End of the World - Go Wild","49m 44s","2014-04-23T08:24:43Z","3 (blocked)"
"lP0RR_J-wg0","Green Island in a Sea of Stone - Go Wild","44m 44s","2014-04-21T16:05:52Z","3 (blocked)"
"-C6C5CteutE","Poisoned - The Secrets of Nature","53m 33s","2014-04-15T08:30:26Z","3 (blocked)"
mCccOpV4esg,"Trinidad Carnival - Caribbean Moments - The Secrets of Nature",24m,"2014-04-09T15:52:00Z","3 (blocked)"
RuUt_dw3B_A,"Drakensberg - Africas Dragon Mountains - Go Wild","48m 34s","2014-04-06T17:21:31Z","3 (blocked)"
"bqa3LNU1H-4","Trinidad - Caribbean Moments - The Secrets of Nature","24m 1s","2014-04-03T20:17:59Z","4 (blocked)"
aNB9IjMBpJU,"Tobago - Caribbean Moments - The Secrets of Nature","24m 1s","2014-03-31T10:57:08Z","4 (blocked)"
wOf69GGfQR8,"St.Vincent and the Grenadines, and Dominica - Caribbean Moments - The Secrets of Nature",24m,"2014-03-26T09:22:45Z","4 (blocked)"
zTRksIjilT8,"Link with the Lynx - Go Wild","51m 13s","2014-03-24T10:13:00Z","4 (blocked)"
wQNJX9w7IA8,"Guadeloupe - Caribbean Moments - The Secrets of Nature",24m,"2014-03-21T08:43:51Z","4 (blocked)"
wYQzHNlvC10,"Alpine Lakes Quiet Beauty - Go Wild","48m 34s","2014-03-20T07:47:19Z","4 (blocked)"
tE_ApwwsCAA,"Grenada - Caribbean Moments - The Secrets of Nature",24m,"2014-03-18T11:20:00Z","4 (blocked)"
"-Gx-aCsURq0","Namaqualand - Africa's Desert Garden - Go Wild","51m 8s","2014-03-07T10:33:50Z","4 (blocked)"
oVH9hf4213o,"Cuba, Isla Salvaje del Caribe - Los Secretos de la Naturaleza","53m 38s","2014-02-21T10:01:21Z","4 (blocked)"
xRrY_BE6CEM,"Rose - Queen of Flowers - Go Wild","51m 33s","2014-02-14T08:48:15Z","4 (blocked)"
VDFhR0nxUnk,"The Tiger and the Monk - The Secrets of Nature","50m 24s","2014-02-14T08:30:01Z","7 (blocked)"
b5dx7jQF1WQ,"Libyan Sahara Water from the Desert - Go Wild","43m 59s","2014-02-13T14:20:40Z","4 (blocked)"
o384Ezk3HrY,"Laos Wonderland (full documentary) - Go Wild","52m 3s","2014-02-13T13:50:07Z","4 (blocked)"
FYQGC9URoKk,"Cuba Wild Island of the Caribbean - Go Wild","53m 38s","2014-02-11T10:31:30Z","4 (blocked)"
OriE86yzsns,"Salt, Tears of the Earth - Go Wild","50m 7s","2014-01-24T15:00:13Z","4 (blocked)"