Video ID,Title,Length,Published
GklSjaG2JvM,Mozambique - Land of treasures and turmoil | DW Documentary,42m 26s,2023-03-16T17:00:15Z
OwvhyVKcY8A,How to go from finance to funny | DW Documentary,16m 51s,2023-03-15T19:00:11Z
7b0ApApAqbg,Climate change in the Netherlands - Pioneering coastal management | DW Documentary,28m 26s,2023-03-14T17:00:04Z
R7HsDKAa-CI,China's helping hand in Laos | DW Documentary,12m 26s,2023-03-13T17:00:13Z
5Vq03gYWiXE,The world of meat substitutes | DW Documentary,32m 21s,2023-03-12T17:00:03Z
pTAfxHGUp1o,Gen Z and social media - An unexpected coronavirus chronicle | DW Documentary,51m 56s,2023-03-11T17:00:24Z
jNUbroQ2XZ4,Copper and the dark side of the energy transition | DW Documentary,42m 26s,2023-03-10T17:00:26Z
9UYnv0c744k,Human traffickers conducting a lucrative business in Mauritania | DW Documentary,42m 26s,2023-03-09T17:00:08Z
TTlOz6XoOVU,Destined for space - Germany's first female astronaut | DW Documentary,42m 26s,2023-03-08T17:00:22Z
C9UUKTZUh1U,Lifelong love - Sex and age | DW Documentary,12m 26s,2023-03-06T17:00:12Z
vSRojFkPNyI,The shady business of pesticides - Europe's poisonous export | DW Documentary,51m 56s,2023-03-05T17:00:38Z
j7oymuz5mRw,The workings of Mossad | DW Documentary,42m 26s,2023-03-04T17:00:24Z
s4SjFZXegoU,The Future of Aging: How Long Do You Want to Live? - An online discussion by DW Documentary,1h 27m 37s,2023-03-03T18:10:40Z
c5GLJ5SlwwQ,El Salvador’s extreme anti-abortion laws | DW Documentary,42m 26s,2023-03-02T17:00:22Z
J66WzcITH9g,Tablets for depression - Do antidepressants help? | DW Documentary,42m 26s,2023-03-01T17:00:24Z
l2b4cdAnmIo,Queer art in Berlin | DW Documentary,12m 32s,2023-02-27T17:00:37Z
eF9sqj6CfG4,Ethics and meat consumption | DW Documentary,32m 15s,2023-02-26T17:00:26Z
Kzo6wNPkDSk,Growing up in Mongolia | DW Documentary,42m 26s,2023-02-25T17:00:13Z
g2FwjYIHJak,Children caught up in the Ukraine War | DW Documentary,28m 26s,2023-02-25T12:00:31Z
4ifShcUcfbU,The propaganda war for Ukraine | DW Documentary,1h 29m 44s,2023-02-24T17:00:05Z
5ZoBzUQCjq4,Russia at war - What do Russians say? | DW Documentary,43m 46s,2023-02-24T14:00:03Z
UNliPGgv_fA,Conflict in Ukraine - A European war in 10 voices | DW Documentary,42m 26s,2023-02-23T17:00:29Z
9zHLU4Vgcu0,The murky myths behind antisemitism | DW Documentary,12m 32s,2023-02-22T20:00:03Z
IpvKwDunPUo,The Turkey-Syria earthquakes and their aftermath | DW Documentary,28m 26s,2023-02-21T17:00:10Z
L3ZfAvJqSl8,Rwanda: The price of success | DW Documentary,42m 26s,2023-02-20T17:00:19Z
DN3un29o9Hs,Unleashing the potential of a young population - Founders Valley (3/3) | DW Documentary,26m 2s,2023-02-19T19:00:08Z
hKs7fidCWMA,Do we need to eat meat? | DW Documentary,32m 6s,2023-02-19T16:00:31Z
qluRXH5AcB8,Police violence in Nigeria | DW Documentary,42m 27s,2023-02-18T17:00:28Z
WbcR6O_wVug,Challenging Lukashenko - Sviatlana Tsikhanouskaya's fight for Belarus | DW Documentary,52m 1s,2023-02-17T17:00:30Z
9hxzkssuxpo,Mariupol in the first month of the Russian invasion | DW Documentary,42m 26s,2023-02-16T17:00:09Z
-tZiRjLbJlw,From smartphones to e-cars - How important is the lithium-ion battery? | DW Documentary,42m 26s,2023-02-15T17:00:00Z
ExMPLBu5Ptw,Italy and the illegal red coral trade | DW Documentary,12m 26s,2023-02-13T17:00:09Z
6VOqNVt_cmM,Factory farming animal welfare and the future of modern agriculture | DW Documentary,32m 15s,2023-02-12T17:00:03Z
UIyjRwZf1LE,How healthcare technology saves lives in Rwanda - Founders Valley (2/3) | DW Documentary,26m 2s,2023-02-11T17:00:16Z
-h8sMEXj_1g,Racism in Germany | DW Documentary,42m 26s,2023-02-10T17:30:00Z
Uix59ojUmOw,Istanbul earthquake - Risk and early warning | DW Documentary,42m 27s,2023-02-10T14:30:06Z
dLXtWqJTI88,Sahel: The fight against terrorism | DW Documentary,42m 32s,2023-02-09T17:00:26Z
W8PsoYCZZF4,Oligarchs and millionaires: The business of luxury yachts | DW Documentary,42m 26s,2023-02-08T17:00:19Z
p7yAk5iYm_k,Climate change and the rich | DW Documentary,27m 11s,2023-02-07T17:00:37Z
rEvBbGynDCs,Digital solutions for decent lives - Founders Valley (1/3) | DW Documentary,26m 2s,2023-02-05T17:00:27Z
md5dgkDnZ9k,Superfoods and the environment - Avocados and blueberries from South America | DW Documentary,42m 26s,2023-02-03T17:00:42Z
sp0hEkN-_24,How to become a respected ballet dancer | DW Documentary,20m 35s,2023-02-01T17:00:42Z
OBXz-cafkRM,India: Anti-Muslim hate music | DW Documentary,12m 26s,2023-01-30T17:00:23Z
u1sB4G3mB6o,How can near-death experiences be explained? | DW Documentary,25m 56s,2023-01-29T17:00:36Z
Dm1EdeoIZ94,The global rise of afro house music | DW Documentary,51m 59s,2023-01-28T17:00:08Z
eAIKvD_gLJo,The dirty business of beauty | DW Documentary,42m 26s,2023-01-25T17:00:32Z
PEf3jLqoI3w,Scotland: Is the desire for independence growing? | DW Documentary,28m 26s,2023-01-24T17:00:14Z
-iu5BC3cBe0,Jobs for employees with disabilities | DW Documentary,12m 27s,2023-01-23T17:00:01Z
gPwu-mhPdqk,Farming of the future - From green genetic engineering to vertical farms | DW Documentary,25m 56s,2023-01-22T17:00:22Z
RgZfrYcaG4k,Rich and poor - The growing wealth gap in Germany | DW Documentary,36m 35s,2023-01-19T18:05:00Z
ioe6YQYYFeA,Chinese fishing threatens the livelihoods of Sierra Leone’s fishermen | DW Documentary,42m 26s,2023-01-18T17:00:24Z
jnoqOFMRMN0,Can Lapland’s primeval forests be saved? | DW Documentary,28m 26s,2023-01-17T17:00:34Z
FC0bl2PObW4,Rave in Riyadh - Women and the bassline | DW Documentary,12m 26s,2023-01-16T17:00:16Z
s8TM_RD3qrI,Are we getting dumber and dumber? | DW Documentary,25m 56s,2023-01-15T17:00:24Z
EJIxtD1n6to,How did humans come to be? | DW Documentary,42m 26s,2023-01-14T17:00:08Z
gIYaSEwoblY,Globalization: Profits over people (2/2) | DW Documentary,42m 26s,2023-01-13T17:00:24Z
8DSXkbPUF0g,Lula's return - A Brazil divided | DW Documentary,28m 27s,2023-01-12T16:57:12Z
mPXdhghxe9s,Honduras: Escaping violence and poverty | DW Documentary,42m 26s,2023-01-11T17:00:28Z
DtAaXfZDCSI,Poland: Threat lurking in the Baltic | DW Documentary,12m 26s,2023-01-10T17:00:07Z
IVHqDYh7JJo,How to know if egg freezing is right for you | DW Documentary,14m 47s,2023-01-08T17:00:14Z
yoZiTCz_wYA,Globalization: Winners and losers in world trade (1/2) | DW Documentary,42m 26s,2023-01-06T17:00:37Z
TuLosPeHPSo,Russia’s forests under threat | DW Documentary,42m 26s,2023-01-05T17:00:24Z
P7UQfORDW2Y,The threat of avalanches - Making Austria’s slopes safe | DW Documentary,28m 26s,2023-01-04T17:00:13Z
tLcYnH6O_Zo,Afghanistan - A new hand for Abdul | DW Documentary,12m 26s,2023-01-02T17:00:34Z
LqZJ25ohvEc,How are movie sounds produced for blockbusters? | DW Documentary,25m 56s,2023-01-01T17:00:17Z
Hz6xkR4mNlo,The melting ice of the Arctic (2/2) | DW Documentary,42m 26s,2022-12-30T17:00:08Z
lphMcjwqTBg,Parenting while blind | DW Documentary,12m 26s,2022-12-27T19:00:15Z
MKeIx4wVjIg,The remote archipelago of Svalbard | DW Documentary,28m 26s,2022-12-27T16:00:14Z
GystZIxWQ3o,The melting ice of the Arctic (1/2) | DW Documentary,42m 26s,2022-12-25T17:00:06Z
cwHzOOE2tNE,Africa GMOs and Western interests | DW Documentary,42m 26s,2022-12-21T17:00:33Z
8GH0TcmTQ6Q,Why zoos sometimes kill animals? | DW Documentary,28m 26s,2022-12-20T17:00:05Z
c_mJMFg4mOE,Rebels in Myanmar | DW Documentary,12m 26s,2022-12-19T17:00:31Z
PkBQi62J_k4,Coffee: The future of coffee growing and production | DW Documentary,25m 56s,2022-12-18T17:00:12Z
aK3lhinHd_8,Humans and multitasking - How much can we do simultaneously? | DW Documentary,42m 26s,2022-12-16T17:00:00Z
vyit-1zKsZ4,Doctors apps and artificial intelligence - The future of medicine | DW Documentary,28m 26s,2022-12-13T17:00:35Z
js4BKXIPcw0,Devastating drought and famine in Somalia | DW Documentary,12m 26s,2022-12-12T17:00:33Z
uXBOrxvFJqc,War on Ukraine - Life in Kherson under Russian occupation | DW Documentary,42m 26s,2022-12-09T17:00:36Z
NWBYCdurOYY,Sustainable silk fashion | DW Documentary,28m 26s,2022-12-06T17:00:12Z
orX0DCjL0yI,German football fans in Qatar | DW Documentary,12m 25s,2022-12-05T17:00:35Z
UGAo334jrC8,How to decide if you are a city dweller or ready for nature | DW Documentary,19m 49s,2022-12-04T17:00:14Z
B930rHvtaKE,Grain and the war in Ukraine - Is Russia using wheat as leverage? | DW Documentary,28m 26s,2022-11-29T17:00:09Z
Mk10LIbEcI0,Russian deserters in Georgia | DW Documentary,12m 26s,2022-11-28T16:00:18Z
ONWW02pNvFk,War crimes in Ukraine | DW Documentary,42m 26s,2022-11-26T17:00:14Z
YoFfw-xoijI,Jewish life in Istanbul - Freitagnacht Jews | DW Documentary,46m 41s,2022-11-25T17:00:32Z
SxMc6uK3_fQ,Fighting for women's rights - Latin America’s feminist movement | DW Documentary,42m 26s,2022-11-24T17:00:30Z
3DhW2feGqyA,Qatar: Between tradition and modernity | DW Documentary,42m 26s,2022-11-23T17:00:02Z
ejd7Zmz1r64,Qatar - In the spotlight of the World Cup | DW Documentary,28m 26s,2022-11-22T17:00:25Z
7ot-Z-Tg1RE,Deadly superstitions - Nigeria's witch children | DW Documentary,12m 26s,2022-11-21T17:00:05Z
ufuilQjDJUc,Fighting to preserve ugly species | DW Documentary,25m 56s,2022-11-20T17:00:39Z
O2pD_y61jx4,The first modern financial crisis in the globalized world | DW Documentary,42m 27s,2022-11-16T17:00:31Z
0zfUSoWC4Eg,China's New Silk Road in Europe | DW Documentary,28m 26s,2022-11-15T17:00:02Z
0xyZosz2Yks,Art thieves and ransoms - The murky world of stolen art | DW Documentary,42m 26s,2022-11-14T20:00:01Z
TVQm5lTRMO0,Climate change or politics? - Why Madagascar is going hungry | DW Documentary,12m 26s,2022-11-14T17:00:18Z
HBMlQZeXMiA,Future cities: Urban planners get creative | DW Documentary,25m 56s,2022-11-13T17:00:12Z
3uFFPTV8P-o,Jewish identity in Tel Aviv - Freitagnacht Jews | DW Documentary,45m 24s,2022-11-11T17:00:03Z
yKNmqI7H3cA,The last mountain gorillas need more space | DW Documentary,42m 26s,2022-11-10T17:00:52Z
gvoT8QANp8I,Music in Nazi Germany - The maestro and the cellist of Auschwitz | DW Documentary,1h 26m,2022-11-09T20:00:24Z
hx6wFq9B-BM,What does climate neutral mean? | DW Documentary,27m 31s,2022-11-08T17:00:36Z
q4syhqpFzfM,Soccer World Cup: Migrant laborers in Qatar | DW Documentary,12m 26s,2022-11-07T17:00:38Z
KbqrglVsCtI,Jewish life in Buenos Aires - Freitagnacht Jews | DW Documentary,45m 16s,2022-11-04T17:00:17Z
seggUWNVRh8,Body positivity and self-love: Embracing your own beauty | DW Documentary,15m 39s,2022-11-02T17:00:42Z
1PlK9oGQvzA,How dangerous are microplastics? | DW Documentary,28m 26s,2022-11-01T17:00:02Z
3LFMg8hOVXk,What does the EU do to help tackle poverty in Latin America? | DW Documentary,12m 26s,2022-10-31T17:00:02Z
yOoxQT0m5LQ,Morocco: Sights set on progress - Mediterranean journey | DW Documentary,25m 56s,2022-10-30T17:00:42Z
oHSDDHLDGaQ,Environmentalists in danger | DW Documentary,51m 55s,2022-10-29T16:00:25Z
7a-XNgPWcXE,Jewish identity in London - Freitagnacht Jews | DW Documentary,43m 30s,2022-10-28T16:00:05Z
3K7bWTSnxU8,Putin's craving for power | DW Documentary,42m 26s,2022-10-27T16:00:03Z
XOfeqRgaF1A,How our brain judges people in a split second | DW Documentary,42m 26s,2022-10-26T15:00:32Z
wu7PjKawjwI,Food security - A growing dilemma | DW Documentary,28m 26s,2022-10-25T16:00:44Z
JhNrMgT90lA,The battle for Milwaukee’s black vote | DW Documentary,12m 26s,2022-10-24T16:00:10Z
JOvZT76k1Cs,Visiting Andalusia Spain - Mediterranean journey | DW Documentary,25m 56s,2022-10-23T16:00:17Z
Ya46bmRa0os,Cuba: High prices lines and shortages | DW Documentary,51m 56s,2022-10-22T16:00:32Z
q3KdGOcnMqw,Jordan: The mysterious Stone Age village | DW Documentary,42m 26s,2022-10-20T16:00:35Z
SgNCM8K6gfY,The Galapagos Islands - Plastic in the Pacific | DW Documentary,28m 26s,2022-10-18T16:00:14Z
anjq43EhoP8,From Mount Etna to Palermo: Exploring Sicily Italy - Mediterranean journey | DW Documentary,25m 56s,2022-10-16T16:00:02Z
j1Pb8YU8wQo,Travels in Israel - Mediterranean journey | DW Documentary,25m 55s,2022-10-13T16:00:24Z
e4TPVMYkF0k,Bangladesh's struggle with flooding | DW Documentary,42m 26s,2022-10-12T16:00:23Z
nDRuXWj2QBI,Mountain traditions: Costumed cattle parade in the Alps | DW Documentary,12m 26s,2022-10-10T16:00:26Z
aAhoIdFDv0Q,Traveling Tunisia - Mediterranean journey | DW Documentary,25m 55s,2022-10-09T19:00:00Z
Ugxw0gLCWLE,Ludovic - Imam and gay | DW Documentary,12m 25s,2022-10-07T20:00:17Z
TcqAu8VyjZA,Uzbekistan - The Silk Road by train | DW Documentary,42m 26s,2022-10-05T16:00:21Z
A9uhf1iSvN8,The Documenta art exhibition and the debate over antisemitism | DW Documentary,28m 26s,2022-10-04T16:00:04Z
j3YBVc9dgMo,How to wrestle with gender norms and win | DW Documentary,19m 21s,2022-10-02T16:00:34Z
qySBQjSXbfw,Wind and climate change | DW Documentary,51m 56s,2022-10-01T16:00:37Z
jFAxt-a6b_M,Architecture: Insights into a male-dominated industry | DW Documentary,58m 49s,2022-09-30T16:00:25Z
u4SIlJE0Qs0,Manipulating our emotions | DW Documentary,42m 26s,2022-09-29T16:00:38Z
4BxPNNI2wO8,The science of explosives | DW Documentary,42m 26s,2022-09-28T16:00:04Z
aDVDM157JOI,Patriotism reinvented - The battle over national identity | DW Documentary,28m 26s,2022-09-27T16:45:00Z
VoPyuD6flUk,Bangladesh: Fear among Hindus as religious festival starts | DW Documentary,12m 26s,2022-09-26T16:00:17Z
RdPfgBc3YXo,Exploring Crete: Greece's largest island - Mediterranean journey | DW Documentary,25m 55s,2022-09-25T16:00:31Z
F1ma0rjK1hc,Leaving the Islamic State - Life back in Germany | DW Documentary,42m 26s,2022-09-22T16:00:07Z
arn9njF5WgA,Asexual people speak out | DW Documentary,12m 29s,2022-09-19T16:00:01Z
ZQhXZoW-FPU,Malta: Exploring one of Europe's smallest countries - Mediterranean journey | DW Documentary,25m 55s,2022-09-18T16:00:16Z
5fY8BVwsLMA,Iran from above - In the mountains | DW Documentary,42m 26s,2022-09-17T16:00:03Z
6gX2woPNPew,Taiwan conflict - Facing the threat from China | DW Documentary,42m 26s,2022-09-16T16:00:08Z
VPRBxXWfBtU,The crisis in Mali | DW Documentary,42m 26s,2022-09-14T16:00:22Z
Ne1bb5xhkC8,Love and sex - Taboos in Mexico | DW Documentary,28m 26s,2022-09-13T16:00:12Z
9o5lqEzz3Bo,The hidden cost of orange juice | DW Documentary,42m 26s,2022-09-12T16:00:09Z
Dmfm_0oBmeE,Trip through Cyprus - Mediterranean journey | DW Documentary,25m 55s,2022-09-11T16:00:13Z
kRpPu6OoP00,Afghanistan under the Taliban | DW Documentary,18m 11s,2022-09-09T16:00:33Z
JUiSuldik4s,Queen Elizabeth II and Britain's leaders - Britain's longest reigning monarch | DW Documentary,42m 26s,2022-09-08T18:23:04Z
z5TP1k9z4ak,The greatest expeditions of mankind - Magellan and the space race | DW Documentary,42m 26s,2022-09-08T16:00:39Z
FVRwkJ_rGOA,Ukraine war - Finland joins NATO | DW Documentary,28m 26s,2022-09-06T16:00:13Z
GNErKZwTvKI,Greece: Dental care for refugees | DW Documentary,12m 26s,2022-09-05T16:00:10Z
8egCYw40gWg,The 1972 Munich Olympics massacre | DW Documentary,51m 55s,2022-09-04T16:00:07Z
3Rv6jBhv7JE,Mozambique's rubies: A blessing or a curse? | DW Documentary,12m 26s,2022-08-29T16:00:02Z
oa8ZtELbCRM,Egypt: Land of the Pharaohs - Mediterranean journey | DW Documentary,25m 55s,2022-08-28T16:00:34Z
TXZDR10xXy8,Why African Americans are taking up arms ? | DW Documentary,12m 26s,2022-08-25T16:00:14Z
9edWX7TTsLw,Who owns water? | DW Documentary,42m 27s,2022-08-24T16:00:06Z
ZmjK_4Ci4OQ,Nature's response to urban sprawl | DW Documentary,42m 26s,2022-08-19T16:00:31Z
pWTg-Gpb2Tw,What happens when our water dries up? | DW Documentary,42m 26s,2022-08-17T16:00:37Z
D9pDnFWR2r8,Child trafficking in Afghanistan | DW Documentary,12m 26s,2022-08-15T16:00:07Z
VguZi8tDif4,Lebanon: A cultural melting pot - Mediterranean journey | DW Documentary,25m 56s,2022-08-14T16:00:18Z
Z8S9VSlvAOI,India: An emerging superpower - Climate equality space (2/2) | DW Documentary,51m 54s,2022-08-12T16:15:01Z
fO-bgE1pkyQ,India: An emerging superpower - Democracy development displacement (1/2) | DW Documentary,51m 54s,2022-08-12T16:00:24Z
fRksIesMgww,The mysterious Vermeer - The secret behind a 350-year-old painting | DW Documentary,42m 27s,2022-08-11T16:00:19Z
1MZFrJPPIQ8,The fight for water | DW Documentary,42m 26s,2022-08-10T16:00:00Z
nTq1Sd9N7E8,Climate change: Europe's first heat officer | DW Documentary,12m 20s,2022-08-08T16:00:22Z
RZuKyIYMSEw,Lebanon: An economic crisis and the aftermath of the Beirut port explosion | DW Documentary,54m 51s,2022-08-04T16:00:14Z
0uYCkW5r9SY,Ukraine: Back in the war - The homecoming of photographer Yuri Kosin | DW Documentary,28m 26s,2022-08-02T16:00:02Z
yRV4JTA3-5c,Traditions roots and independence / HER - Women in Asia (Season 2) | DW Documentary,12m 32s,2022-07-31T16:00:36Z
-DKIQpu4hhQ,The world of China’s President Xi Jinping | DW Documentary,1h 25m 56s,2022-07-30T16:00:00Z
LdsHHs5QyR8,Hunting down IS fighters in Europe | DW Documentary,42m 26s,2022-07-29T16:05:46Z
C_0XEIFGK5o,The Big Four - Accounting firms under scrutiny | DW Documentary,42m 25s,2022-07-28T16:00:16Z
pfdC8jUV4HY,Germany's Sinti and Roma: A history of discrimination | DW Documentary,42m 26s,2022-07-27T16:00:38Z
9Fuumv8xfK4,How big companies cash in on indigenous knowledge and biological resources | DW Documentary,28m 6s,2022-07-26T16:20:00Z
NyYrioVAEy4,Russians in Georgia | DW Documentary,28m 27s,2022-07-25T16:30:07Z
g4V32eDYUPY,Spain: The end of 'dwarf bullfighting'? | DW Documentary,12m 26s,2022-07-25T16:05:16Z
9HPdYBKh-0k,The meaning of money and financial independence / HER - Women in Asia (Season 2) | DW Documentary,12m 32s,2022-07-24T16:00:05Z
Gx-ljHZsSRU,Killing for Assad - How one video revealed a mass murder | DW Documentary,28m 26s,2022-07-22T16:00:10Z
J7JCEzWAItU,Digitization and the power of technology / HER - Women in Asia (Season 2) | DW Documentary,12m 32s,2022-07-22T14:30:07Z
KKcbuR84KdM,India's hysterectomy scandal | DW Documentary,42m 26s,2022-07-21T16:00:10Z
CABpffhtJao,Women in business - Being my own boss / HER - Women in Asia (Season 2) | DW Documentary,12m 32s,2022-07-20T16:00:06Z
_LRsZ6TUCCA,Preppers: Sweden bracing for the worst | DW Documentary,28m 27s,2022-07-19T16:00:18Z
a4eg-FNv4LQ,Swimming the length of the Danube | DW Documentary,12m 26s,2022-07-18T16:00:00Z
HHf8t982RWY,Meltdown in the Himalayas - The politics of climate change | DW Documentary,25m 56s,2022-07-17T16:00:18Z
228zX56NCNk,Floods drought and the consequences of extreme weather | DW Documentary,42m 26s,2022-07-16T16:00:01Z
22_IFGdNoTg,Germany's flood catastrophe one year on | DW Documentary,42m 26s,2022-07-15T16:00:02Z
BhsgyOGMs6o,Turkey: Erdoğan's political prisoners | DW Documentary,42m 26s,2022-07-14T16:00:15Z
SQ8SwwAVA0c,Art and freedom - Finding creative expression / HER - Women in Asia (Season 2) | DW Documentary,12m 32s,2022-07-13T16:00:13Z
jvRbFT56xB8,Preppers in the USA - Emergency supplies survival kits and bunkers | DW Documentary,12m 26s,2022-07-11T16:00:33Z
LQvQ9FAJVYc,Stories of motherhood / HER - Women in Asia (Season 2) | DW Documentary,12m 32s,2022-07-10T16:00:08Z
_K3NtHCdGwc,Leonardo da Vinci’s mysterious masterpiece | DW Documentary,42m 26s,2022-07-08T16:00:31Z
rVH9J9uuySc,Diabetes - A lucrative disease | DW Documentary,42m 26s,2022-07-07T16:00:27Z
MgXmSaRdQOc,A notorious cult - The fight for justice against Colonia Dignidad | DW Documentary,42m 26s,2022-07-06T16:00:13Z
5L8ZkwePFZ8,Zero-Covid strategy in China | DW Documentary,12m 27s,2022-07-04T16:00:06Z
6Zi4hp8hJRM,Faith power manipulation - The secrets of the Opus Dei sect | DW Documentary,42m 26s,2022-06-30T16:00:08Z
RTzIQ0BRO8c,Sex drugs and death - A journey with a tragic end | DW Documentary,42m 26s,2022-06-29T16:00:15Z
sbskYQ1v7Ao,Hong Kong: Keeping free press alive despite fear and pressure | DW Documentary,12m 26s,2022-06-27T16:00:23Z
XXA1GiQ-UeY,Brexit and British fishermen | DW Documentary,28m 26s,2022-06-21T16:00:15Z
iTRUeSQsAl4,Uvalde and gun control | DW Documentary,12m 26s,2022-06-20T16:00:32Z
pIt9aLmzk4E,The rise of a global company - From the microscope to the moon landing | DW Documentary,25m 55s,2022-06-19T16:00:19Z
4Iuyo0leZQg,Working the land for our climate - Healthy soil healthy world | DW Documentary,28m 25s,2022-06-14T16:00:06Z
xr-mAK-bhm8,The last of their kind: Turkey's nomads | DW Documentary,12m 27s,2022-06-13T16:00:29Z
Fv7VXipiVl0,Noise makes you sick - How can we deal with noise pollution? | DW Documentary,25m 57s,2022-06-12T16:00:06Z
apxtznjBasU,Yemen's dirty war | DW Documentary,51m 56s,2022-06-11T16:00:01Z
13wBOPOLWqU,Snowdrops from Georgia | DW Documentary,12m 26s,2022-06-10T16:00:01Z
gWVQP8uTpPM,How dangerous are volcanoes in Germany? | DW Documentary,42m 27s,2022-06-08T16:00:36Z
gANQyV0W03E,Marine climate change - Can our sealife survive? | DW Documentary,28m 27s,2022-06-07T16:00:21Z
X0DqsflQbk0,What leads mothers to kill their children? | DW Documentary (True crime documentary),51m 56s,2022-06-05T16:00:24Z
I9arI2e5bkw,Biofuel instead of coal and oil - How promising are these renewable resources? | DW Documentary,42m 26s,2022-06-04T16:00:17Z
QicSkPNx4Ho,Fast fashion - Dumped in the desert | DW Documentary,28m 26s,2022-05-31T16:00:27Z
us9FdlP59Ro,A Ukrainian family in Berlin | DW Documentary,12m 26s,2022-05-30T16:00:40Z
nCLysRGCIFU,Intimacy despite disabilities | DW Documentary,24m 27s,2022-05-29T16:00:23Z
y-5VLHcTDSQ,More life - Decoding the secret of aging | DW Documentary,51m 41s,2022-05-28T16:00:34Z
DboTyNu-FLk,Obesity and corporate greed | DW Documentary,42m 26s,2022-05-26T16:00:07Z
ET20WZxm2kk,Serbia Russia and the war in Ukraine | DW Documentary,28m 18s,2022-05-24T16:00:13Z
rq_v0flJiEQ,Saint Helena: Breathtaking nature in one of the most remote places on earth | DW Documentary,42m 26s,2022-05-20T16:00:23Z
Dy8ogOaKk4Y,Google Facebook Amazon - The rise of the mega-corporations | DW Documentary,42m 27s,2022-05-19T16:00:12Z
ZcWyD4LYLmg,Dancing drugs and death - The excesses of Berlin’s club culture | DW Documentary,42m 26s,2022-05-18T16:00:13Z
OhM-Aeyqp6c,The battle against the sea - Coastal erosion in Portugal | DW Documentary,28m 26s,2022-05-17T16:00:15Z
zjW_6ArOQ1w,Russians in Germany clash over the war in Ukraine | DW Documentary,12m 26s,2022-05-16T16:00:37Z
QpeWTkVmUcY,The healing power of music - How does music impact us? | DW Documentary,40m 56s,2022-05-15T16:00:11Z
wRurT3T6fj8,Ukraine: Risking his life to help | DW Documentary,12m 27s,2022-05-12T17:30:09Z
csyGP2taOtE,Foreigners fighting for Ukraine | DW Documentary,12m 26s,2022-05-09T16:00:31Z
VX6xMrTJRCo,Spies informants and new enemies - Today’s intelligence agencies | DW Documentary,42m 27s,2022-05-08T16:00:24Z
HRFAuIKkP7o,The new Cold War - More nuclear weapons in Europe? | DW Documentary,52m 23s,2022-05-07T16:00:07Z
NSB6oCza2k8,Abortion in Europe | DW Documentary,42m 27s,2022-05-06T16:00:23Z
HYm7aJqXK8A,Uncovering crime and corruption - Anabel Hernández takes on Mexico's drug cartels | DW Documentary,51m 55s,2022-05-03T17:00:13Z
1jhN9fJ09mk,Young and old tackle climate change | DW Documentary,12m 26s,2022-05-02T16:00:02Z
BqCOMGopJNs,Italy's rescue dogs - How man's best friend saves lives | DW Documentary,25m 56s,2022-05-01T16:00:08Z
3pT9xE9pJ1A,Seychelles - Paradise under threat | DW Documentary,28m 26s,2022-04-26T16:00:03Z
oQ6gUbIE-kw,From Kabul to Berlin: The founder of Afghanistan's first modeling agency | DW Documentary,12m 26s,2022-04-25T16:00:21Z
gYo-icA2848,Can the global criminal network be destroyed? | DW Documentary,42m 27s,2022-04-24T16:00:31Z
HDtFpGfORpE,Fake news propaganda and conspiracy theories - The fight against disinformation | DW Documentary,42m 26s,2022-04-21T16:00:14Z
wHWc31B24Rw,Likes selfies and self-promotion - The hidden dangers of social media | DW Documentary,42m 28s,2022-04-20T16:00:24Z
icXNWOHsU1Q,A threat to human rights - The legal battle to stop climate change | DW Documentary,28m 7s,2022-04-19T16:00:30Z
XN0vnUI_Vps,France: Painting for the homeless | DW Documentary,12m 27s,2022-04-18T16:00:21Z
XuENzXlm1R0,Tea: New ideas for the world‘s second most popular drink | DW Documentary,25m 5s,2022-04-16T16:00:15Z
MZ60UDys_ZE,Drones hackers and mercenaries - The future of war | DW Documentary,42m 27s,2022-04-14T16:00:09Z
4itF-rsJKt0,The power of the drugs mafia - Cocaine and the Netherlands | DW Documentary,28m 26s,2022-04-12T16:00:02Z
VWRcjEbcNVQ,Oil or wind? - Energy transition in the U.S. | DW Documentary,12m 26s,2022-04-11T16:00:26Z
9j5-Ld2sOsw,Floods and drought in Nepal: The cost of climate change | DW Documentary,51m 55s,2022-04-09T16:00:03Z
YH1wn3D9HNg,The mysterious disease that affects millions of people worldwide | DW Documentary,42m 27s,2022-04-07T16:00:17Z
n6EOShlvbqM,Fleeing war in Ukraine - Tanya’s story | DW Documentary,28m 32s,2022-04-05T16:21:07Z
qAKeJSoT5No,Syrians in Sinzig: Refugees help Germans rebuild after devastating floods | DW Documentary,12m 26s,2022-04-04T16:00:26Z
NOazEIijXTo,How does touch affect our mental and physical health? | DW Documentary,51m 55s,2022-04-02T16:00:08Z
Lm9k6xrnLNU,How halal products affect the economy | DW Documentary,42m 26s,2022-04-01T16:00:14Z
lvTbqh0sS58,A man with the memories of a woman - I was born in Berlin | DW Documentary,51m 55s,2022-03-30T16:00:23Z
roeBgx3M5Eo,War in Ukraine - Fight or flight? | DW Documentary,28m 27s,2022-03-29T16:00:34Z
48DaLYiO-yk,Russia: A small town clings to its Soviet past | DW Documentary,53m 10s,2022-03-29T13:30:01Z
uMpsoFGXAJM,German aid for Ukraine | DW Documentary,12m 27s,2022-03-28T16:00:48Z
JhmWSQ_WpDU,Ukrainians flee Putin’s troops | DW Documentary,28m 27s,2022-03-27T15:00:06Z
oKQMzgkPdoQ,Russian exiles and the war in Ukraine | DW Documentary,12m 26s,2022-03-22T18:00:30Z
y4VqbURh_-0,A war unfolding - The struggle for Ukraine | DW Documentary,28m 26s,2022-03-22T14:00:31Z
_t6sg2C-jqw,Our drinking water - Is the world drying up? | DW Documentary,42m 27s,2022-03-20T17:00:18Z
R-0NsJ6RgJ0,America's Black upper class - Rich successful and empowered | DW Documentary,42m 26s,2022-03-18T17:00:28Z
1pCjX2-JCm0,Fighting female genital mutilation | DW Documentary,28m 27s,2022-03-15T17:00:01Z
kbQI51B1jmM,Germany divided over coronavirus | DW Documentary,12m 27s,2022-03-14T17:00:25Z
s1WXIwrW3aQ,The Amazon in danger - Indigenous peoples and their struggle for the rainforest | DW Documentary,1h 24m 2s,2022-03-10T17:00:39Z
IZshARHEKiY,Ukraine: The first days of the war | DW Documentary,12m 27s,2022-03-04T17:30:04Z
JsPHKDuP-Hk,The end of a superpower - The collapse of the Soviet Union | DW Documentary,53m 25s,2022-03-03T20:00:04Z
o3MsINzAN30,The fight for Africa's rhinos | DW Documentary,28m 27s,2022-03-02T17:15:44Z
uLCT6m10A-0,Mountaintop mailbox: Réunion mail carriers | DW Documentary,12m 26s,2022-02-28T17:00:46Z
tFQ9BXkm0LI,New forests for greater climate protection? | DW Documentary,25m 57s,2022-02-27T17:00:26Z
r8c3_T9QfnY,By train from St. Moritz to the Matterhorn - The Glacier Express | DW Documentary,42m 27s,2022-02-24T17:00:35Z
nvjf1CCyB9M,Moving to Chernobyl - Embracing radiation to escape war | DW Documentary,28m 28s,2022-02-22T17:00:34Z
TyBkLqdK4is,Varosha: A glimmer of hope for Cyprus | DW Documentary,12m 27s,2022-02-21T17:00:30Z
wpg3lclTXTY,Argentina: Return of the jaguars | DW Documentary [Nature Documentary],42m 31s,2022-02-16T17:00:41Z
RAmHDM6VYs8,The billion-dollar waste business | DW Documentary,12m 26s,2022-02-14T17:00:27Z
YhPPP_w3kNo,Fast fashion - The shady world of cheap clothing | DW Documentary,42m 27s,2022-02-11T17:00:20Z
S33bTCrv-vE,Evangelical Christians in the USA | DW Documentary,42m 10s,2022-02-09T17:00:14Z
IG5PUtMy29Y,Berlin's Cold Bus: Helping the homeless | DW Documentary,12m 27s,2022-02-07T17:00:21Z
sdHEpsuKYZg,The new cancer drugs - Helpful or harmful? | DW Documentary,42m 24s,2022-02-03T17:00:37Z
ik5SAOQQRDA,Homelessness in Germany - What if you can’t afford a home? | DW Documentary,28m 27s,2022-02-01T17:00:34Z
v46tdSYtxS0,Man against machine - Coal climate and the future | DW Documentary,12m 26s,2022-01-31T17:00:27Z
8UbKpTwGuSs,Megacity Mumbai - From slums to skyscrapers | DW Documentary,41m 57s,2022-01-29T17:00:11Z
sUQVITjD22E,On the spectrum and on the Seven Seas | DW Documentary,12m 32s,2022-01-28T17:00:27Z
S0ux4vT1bQ4,Motor racing - Going for the record | DW Documentary,42m 26s,2022-01-26T17:00:55Z
LkmdfxMQrkI,Surviving the Holocaust - Uncovering secret hideouts | DW Documentary,28m 27s,2022-01-25T22:00:06Z
8xOUm8BtALU,The stolen children from La Réunion | DW Documentary,12m 27s,2022-01-24T17:00:10Z
QEyMRUvLF7Y,Controversy over reintroducing the lynx in Europe | DW Documentary,25m 57s,2022-01-21T17:00:15Z
cJR8NVjzlGc,Postcolonial Europe: The significance of memory | DW Documentary,26m 2s,2022-01-19T17:00:29Z
fUG9B5rjV0I,Melting mountains - Rising temperatures in Lapland | DW Documentary,28m 33s,2022-01-18T17:00:28Z
T9QOrjxgHFw,30 years after the collapse of the USSR - Spring of hope or winter of despair? | DW Documentary,12m 28s,2022-01-17T17:00:20Z
2pwZ6_VgxB4,Deadly ocean trash - The impact of ghost nets | DW Documentary,28m 27s,2022-01-04T17:00:02Z
_HTdyorjL0E,Girls for Future and their fight against the global climate crisis | DW Documentary,1h 28m 11s,2021-12-23T17:00:18Z
Chkro9-ITYM,Socotra - The treasure island between Yemen and Somalia | DW Documentary,28m 26s,2021-12-21T17:00:06Z
_hpYBBiE184,Germany: Flood-hit areas brace for winter | DW Documentary,12m 27s,2021-12-20T17:00:34Z
jIyOi4aVXMU,Is totalitarianism making a comeback? | DW Documentary,42m 27s,2021-12-19T17:00:29Z
ITS4dP5a8LY,Pope Francis and the gentle revolution | DW Documentary,25m 50s,2021-12-17T17:00:23Z
87rP26EIK70,The future of education - Virtual learning | DW Documentary,42m 26s,2021-12-16T17:00:11Z
TBCzVxFcaKg,Dark secrets of German museums | DW Documentary,25m 57s,2021-12-15T17:00:18Z
Mf1ds46ibn4,Syria: Animal rescue in times of war | DW Documentary,12m 27s,2021-12-13T17:00:12Z
otmp2NqDDX8,Taiwan vs. China - The rocky road to democracy | DW Documentary,42m 26s,2021-12-12T17:00:36Z
1akcYVlAvjE,Organized crime in Montenegro: Sweeping up corruption | DW Documentary,12m 27s,2021-12-06T17:00:04Z
5UT889YeCuo,Eroticism death and the devil - How Gothic art captivates us | DW Documentary,42m 26s,2021-12-05T17:00:03Z
mnVKhYRPHag,Achieving the impossible: Top athletes overcome boundaries | DW Documentary,42m 27s,2021-12-02T17:00:28Z
QQ8cmVR56iI,Care worker shortage in Germany and the business of private recruitment agencies | DW Documentary,28m 26s,2021-11-30T17:00:13Z
S5lpR5hpCx0,Fresh faces in the German parliament: What do the youngsters want? | DW Documentary,12m 27s,2021-11-29T17:00:14Z
UavrCMXP2H0,Toxic chemicals - A menace to bees and farmland | DW Documentary,42m 26s,2021-11-24T17:00:32Z
bToc8nfNhxo,Portugal - Modern slavery for an EU passport | DW Documentary,28m 33s,2021-11-23T17:00:19Z
Tmy77e_vn0k,Kenya's fight against Corona and the stalled vaccination campaign | DW Documentary,12m 27s,2021-11-22T17:00:15Z
VMZtG0O9sbU,Revolution in medicine - BioNTech mRNA and the Covid-19 vaccine | DW Documentary,42m 27s,2021-11-21T17:00:29Z
lhcI_63VHdE,Saving abused animals - Dog rescue in Turkey | DW Documentary,12m 27s,2021-11-15T17:00:23Z
1gBwyk4MGG8,Can indigenous knowledge save the world? | DW Documentary,25m 59s,2021-11-10T17:00:01Z
1iuQjyMP8_c,Disappearing beaches - The trouble with sand | DW Documentary,28m 27s,2021-11-09T17:00:01Z
ZBluaccS4j4,Spain: Eruption on the island of La Palma | DW Documentary,12m 27s,2021-11-08T17:00:33Z
jWOlugUj4Qk,Why are autocrats popular? - Assault on democracy | DW Documentary,42m 27s,2021-11-06T17:00:20Z
4sn0ecqZgog,Is green hydrogen the answer to the climate crisis? | DW Documentary,28m 26s,2021-11-02T17:00:07Z
ILF4q-1Clwc,Afghanistan: Kabul under the Taliban | DW Documentary,12m 27s,2021-11-01T17:00:10Z
AxIRCHWL-HM,A state prosecutor hunts the tax mafia | DW Documentary,42m 27s,2021-10-27T16:00:11Z
SZbl99x_kV8,The EU climate deal | DW Documentary,28m 25s,2021-10-26T16:00:19Z
Qp4Cp7cMt0Q,A lawyer fights for rights in India-administered Kashmir | DW Documentary,12m 27s,2021-10-25T16:00:12Z
23vUvQN-R1Y,The truth behind fast fashion - Are fashion retailers honest with their customers? | DW Documentary,28m 27s,2021-10-19T16:00:00Z
saEboNpsFy8,Rescued: From Afghanistan to the US | DW Documentary,12m 27s,2021-10-18T16:00:34Z
7gSU_Xes3GQ,China - Surveillance state or way of the future? | DW Documentary,42m 27s,2021-10-17T16:00:04Z
BEMl5nHbKLo,Afrobeats - Nigeria's groove goes global | DW Documentary,25m 57s,2021-10-16T16:00:03Z
FHK7x0hL64E,Hidden Mafia in Germany’s former East | DW Documentary,42m 27s,2021-10-14T16:00:11Z
VQJqZCQj3SQ,Young Germans visit Auschwitz | DW Documentary,12m 27s,2021-10-11T16:00:28Z
M9ZJJmEO91M,Can games make our lives better? - Gamification | DW Documentary,25m 56s,2021-10-09T16:00:08Z
cmXzmzp1wQI,Turkish fashion: From hijabs to streetwear | DW Documentary,25m 53s,2021-10-08T16:00:31Z
iQuwhR99YdA,Extreme weather rising sea levels devastating floods - The global climate crisis | DW Documentary,28m 27s,2021-10-05T16:00:20Z
3T9toOZYs0s,Business fights climate change | DW Documentary,12m 27s,2021-10-04T16:00:02Z
IyFa8Kxs0kI,Germany votes - The winners and the losers | DW Documentary,28m 26s,2021-09-28T16:00:15Z
6Fwj92W3BXs,Farewell Frau Merkel - Foreign correspondents and the German Chancellor | DW Documentary,12m 27s,2021-09-27T16:00:03Z
6i2sJwxw5Uc,Is Parkinson's disease related to pesticide use? | DW Documentary,42m 24s,2021-09-26T16:00:09Z
p5-sUflP8Ek,Germans at the end of Merkel's grand coalition | DW Documentary,42m 27s,2021-09-23T16:00:18Z
Jv9Rhi_hw70,Germany before the election | DW Documentary,28m 27s,2021-09-21T16:00:08Z
WYD7P6CLbNA,German election: Rejuvenating politics | DW Documentary,12m 27s,2021-09-20T16:00:31Z
q1adV0O7JmA,Dogs & us - The secrets of an unbreakable friendship | DW Documentary,42m 27s,2021-09-19T16:00:34Z
YJLzd8EK__g,Angela Merkel - Navigating a world in crisis | DW Documentary,1h 26m 46s,2021-09-17T16:00:10Z
sqTT4d21I4s,The child slaves of Myanmar | DW Documentary,42m 27s,2021-09-16T16:00:36Z
hRkfFYvOLr8,Profit vs. ethics: Saving livestock from the slaughterhouse | DW Documentary,28m 28s,2021-09-14T16:00:18Z
-z_W3yRA9I8,Big Pharma - How much power do drug companies have? | DW Documentary,42m 27s,2021-09-12T16:00:01Z
cFyGUs1eQGA,The children of 9/11 - Growing up in the shadow of terror | DW Documentary,42m 27s,2021-09-11T16:00:18Z
PXgqUaw4_ZM,9/11: The forgotten heroes of Ground Zero | DW Documentary,12m 27s,2021-09-10T18:00:07Z
9Ma1gNXKjxM,Help after the earthquake in Haiti | DW Documentary,12m 27s,2021-09-06T16:00:08Z
b5vM1jZJ60E,Families from Israel and Gaza fight together for peace | DW Documentary,42m 27s,2021-09-02T16:00:32Z
x5SH5ozR0E8,German politicians aid the Aliyev regime in Azerbaijan | DW Documentary,28m 27s,2021-08-31T16:00:23Z
Ny_X4ZSbuKA,Refugees on EU’s doorstep | DW Documentary,12m 27s,2021-08-30T16:00:10Z
mkeCUFpIDFc,Cambodia: The forgotten temple of Banteay Chhmar | DW Documentary,42m 27s,2021-08-28T16:00:20Z
09k4jOxPuz0,Why aren’t more women in politics? | DW Documentary,28m 27s,2021-08-24T16:00:00Z
lUuhpwgyZsA,The world’s oldest virus research lab | DW Documentary,42m 27s,2021-08-21T16:00:34Z
3b64-1vz1FM,Beats 'n' Bibles - The clerical rebels | DW Documentary,12m 27s,2021-08-16T16:00:01Z
haxkWC6MgcQ,The Stasi and the Berlin Wall | DW Documentary,42m 27s,2021-08-11T16:00:17Z
7M59_BV2rOA,Portugal's avocados: Green gold or ecological nightmare? | DW Documentary,28m 27s,2021-08-10T16:00:03Z
GvHIz2V5gAQ,No fish no future – the disappearing lake | DW Documentary,12m 27s,2021-08-09T16:00:07Z
n4wvXBOfXv8,Will roots save the world? | DW Documentary,42m 27s,2021-08-05T16:00:33Z
PgvqNz4J_2k,A year after Beirut's deadly blast | DW Documentary,28m 27s,2021-08-03T16:00:10Z
kZ2XKJ4hnyY,Trafficking women in Europe – the Nigerian Mafia in Italy | DW Documentary,12m 27s,2021-08-02T16:00:20Z
OEY0Qc_AOMc,Europe after the rain | DW Documentary,42m 27s,2021-07-30T16:00:25Z
WPcoTAwJyTQ,Can nature itself save us from the effects of climate change? | DW Documentary,28m 27s,2021-07-27T16:00:25Z
8yilkiOfSWo,Germany and the impact of extreme weather | DW Documentary,26m 2s,2021-07-25T18:00:05Z
78VKNhaN7v0,Dictating virginity | DW Documentary,42m 24s,2021-07-24T16:00:03Z
9c_gHVimTjY,Disastrous floods in western Germany - The Eifel disaster | DW Documentary,28m 27s,2021-07-23T16:00:15Z
CPIpFU3JEl0,Germany after the flooding | DW Documentary,12m 27s,2021-07-22T17:00:05Z
xXXZZfiT0T0,Tokyo 2021: Countdown during lockdown | DW Documentary,42m 33s,2021-07-18T16:00:20Z
_Ojj7NtjvfA,Conservation vs. economy – the marble quarries of Carrara | DW Documentary,25m 55s,2021-07-17T16:00:32Z
0BMdQPBLPcM,Syria: The mysterious kidnapping of human rights lawyer Razan Zaitouneh | DW Documentary,12m 27s,2021-07-17T07:00:00Z
tVI_Zxolevw,The world's biggest family - An anonymous sperm donor's legacy | DW Documentary,41m 22s,2021-07-16T16:00:27Z
EJi3Vxdyqv0,How technology makes life easier – and what’s still up to you / UNSEEN (5/5) | DW Documentary,12m 20s,2021-07-14T16:00:05Z
E-QcTTngCeo,George W. Bush reflects on Angela Merkel's legacy (Exclusive interview) | DW Documentary,26m 53s,2021-07-14T08:00:06Z
VWQAduzSq2k,Hong Kong: Free press in peril | DW Documentary,12m 27s,2021-07-12T16:00:13Z
3YZIObdGr_A,Women mental health and equality / HER - Women in Asia (Season 1) | DW Documentary,31m 54s,2021-07-10T16:00:06Z
Hh1Do3PQCWA,How to cope with traffic jams (without going crazy) / UNSEEN (4/5) | DW Documentary,15m 5s,2021-07-07T16:00:06Z
VeWeF9yh_JM,Brazil: How humans are destroying paradise | DW Documentary,28m 22s,2021-07-06T16:00:10Z
NiSStDkawcE,Moutai – China's communist spirit | DW Documentary,12m 27s,2021-07-05T16:00:18Z
CCtJ4Ta_1-c,Beauty body and mind / HER - Women in Asia (Season 1) | DW Documentary,31m 20s,2021-07-04T16:00:11Z
4_Ct8VsYnPM,Finding Mr. Right and the meaning of marriage / HER - Women in Asia (Season 1) | DW Documentary,28m 12s,2021-07-02T16:00:02Z
P392ewvC_w4,A palace for Berlin and the world? | DW Documentary,42m 26s,2021-07-01T16:00:10Z
9BTrzAGhy8U,Fighting the floods: how not to lose your city / UNSEEN (3/5) | DW Documentary,12m 59s,2021-06-30T16:00:04Z
Lb_dBYkVVCI,Hunting down the mafia in Italy | DW Documentary,28m 27s,2021-06-29T16:00:08Z
7DbbjT2cRSs,Lesbos: Football coach gives refugees hope | DW Documentary,12m 32s,2021-06-28T16:00:04Z
b8F1jp05vsA,Italy tackles rural exodus | DW Documentary,25m 55s,2021-06-26T16:00:30Z
acMYHAmNLlE,How to avoid microplastics in your food / UNSEEN (2/5) | DW Documentary,12m 58s,2021-06-23T16:00:00Z
vySk5UUh-gY,Orlando five years after the massacre | DW Documentary,12m 27s,2021-06-21T17:00:24Z
LZjiEggYglM,Lithium – new gold rush in the Andes | DW Documentary,28m 27s,2021-06-20T16:00:07Z
KrsGQpSv5Co,Keeping your kids safe from air pollution / UNSEEN (1/5) | DW Documentary,14m 5s,2021-06-16T16:00:09Z
Z6VOnI2H95Q,Spain: Pilgrims back on the way of St. James | DW Documentary,12m 27s,2021-06-14T16:00:16Z
1oJhQSjkYsU,Afghanistan: Helping drug addicts | DW Documentary,12m 27s,2021-06-07T16:00:01Z
Mp-HhTucfhE,Chemical weapons in Germany | DW Documentary,42m 27s,2021-06-06T16:00:09Z
4kbLFBcBB4A,Do whales and humans speak the same language? | DW Documentary,42m 27s,2021-06-05T16:00:02Z
fITLj7jEuVM,The pandemic and young people – their hopes dreams and fears | DW Documentary,28m 27s,2021-06-01T16:00:31Z
Fl2I1Vi-y9U,Russia's environmental issues | DW Documentary,12m 27s,2021-05-31T16:00:14Z
C6wY2b9amnA,China's competition for living space | DW Documentary,42m 27s,2021-05-30T16:00:12Z
Vl2DMciDYDE,Naples new blood and the Mafia | DW Documentary,12m 27s,2021-05-27T16:00:25Z
ib9Z7lublQE,How does North Korea finance a nuclear weapons program? | DW Documentary,42m 26s,2021-05-26T16:00:31Z
7nJkKOODqlI,The business of fertility – egg donation and surrogacy in Europe | DW Documentary,28m 26s,2021-05-25T16:00:06Z
3TSi1qi67VQ,Abu Dhabi's refuge for endangered species | DW Documentary,42m 27s,2021-05-22T16:00:02Z
d153K8aEjmw,Living with learning disabilities – training as teachers | DW Documentary,28m 25s,2021-05-18T16:00:15Z
P9vg9KcQTmg,Poor in New York – survival and the city | DW Documentary,12m 27s,2021-05-17T16:00:08Z
_BUSiO3d9Zg,The dark side of social media – how can we protect children? | DW Documentary,25m 57s,2021-05-15T16:00:30Z
8FKR35OidyU,The limits of learning – kids in crisis | DW Documentary,12m 27s,2021-05-10T16:00:03Z
rp6cqaRZ-oQ,Rethinking capitalism | DW Documentary,25m 57s,2021-05-08T16:00:38Z
cGZ78J6AqVc,The German car industry's political muscle | DW Documentary,42m 26s,2021-05-07T16:00:16Z
5-fUi8UX_Hs,Scotland: A future outside of the United Kingdom? | DW Documentary,28m 27s,2021-05-04T16:00:04Z
JE0e61q8x9E,Vaccinating against COVID-19 in Alaska | DW Documentary,12m 27s,2021-05-03T16:00:17Z
kBH_x7rkU2o,The Congo: Militias and violence | DW Documentary,12m 32s,2021-04-27T16:00:17Z
D9k0RHOF0NU,Amen with a difference and an online blessing | DW Documentary,12m 28s,2021-04-19T16:00:05Z
4eGWHxbTSO8,Contest of the cathedrals – the Gothic period | DW Documentary,42m 27s,2021-04-18T16:00:03Z
WcIFvzSC9KY,How is COVID-19 changing the way we die? | DW Documentary,28m 26s,2021-04-13T16:00:11Z
9Ps8AdM1opc,Germany: Syrian torture on trial | DW Documentary,12m 27s,2021-04-12T16:00:10Z
6_UvBLmdBMU,Contest of the cathedrals – the Romanesque period | DW Documentary,42m 27s,2021-04-11T16:00:02Z
X36vOYlh6AQ,Transylvania's Gábor – between tradition and modernity | DW Documentary,42m 27s,2021-04-09T16:00:15Z
DNUB2KKJDjQ,A Berlin pastor takes a stand | DW Documentary,12m 27s,2021-04-06T16:00:03Z
KaPLylJk89w,The life of the super-rich in Central Africa | DW Documentary,42m 27s,2021-04-03T16:00:20Z
SkmpgUDIwI0,Sex as a cultural battleground – Poland and the fight over sexual morality | DW Documentary,28m 27s,2021-03-30T16:00:11Z
tVPi_LEFpJk,Colombia: An airlift against COVID-19 | DW Documentary,12m 27s,2021-03-29T16:00:16Z
7_jvCwNVp68,Maldives: Fighting back the tides of trash | DW Documentary,25m 55s,2021-03-26T17:00:07Z
zRRbVdmlrrk,The consequences of injustice | DW Documentary,42m 26s,2021-03-24T17:00:32Z
UX_AMuNv1zs,Funerals in times of Covid-19 | DW Documentary,12m 32s,2021-03-22T17:00:08Z
j1z-gVc6HZg,Corona's consequences – how the pandemic is changing globalization | DW Documentary,42m 27s,2021-03-17T17:04:30Z
lnfZ-z-Ib7A,Battle to hunt in Sweden’s Arctic | DW Documentary,28m 27s,2021-03-16T17:00:14Z
2GwLpaqgF5A,Paris: Helping out in the coronavirus pandemic – Lulu dans ma rue | DW Documentary,12m 32s,2021-03-15T17:00:01Z
-tm_CzYQfis,Young Albanians defy poverty | DW Documentary,25m 57s,2021-03-13T17:00:01Z
ZoDGbSFJ3oI,Istanbul's only woman façade cleaner | DW Documentary,12m 32s,2021-03-12T17:00:28Z
u7bSW99yMIY,Exploiting the poor – sex slavery in Europe | DW Documentary,28m 26s,2021-03-09T17:00:32Z
h4yFRO-m0y0,Escape from Hong Kong to Britain – a life in exile | DW Documentary,28m 25s,2021-03-02T17:00:32Z
CThhxwDYcsY,Pay up or get out! Nairobi’s slumlords | DW Documentary,12m 32s,2021-03-01T17:00:11Z
InfpJFbMR1o,From an African refugee camp to the US | DW Documentary,42m 26s,2021-02-28T17:00:06Z
iDEn0qnjN9o,Everyday life in Kenya's capital Nairobi | DW Documentary,28m 25s,2021-02-23T17:00:18Z
6-CPA4uX9UQ,Russia: Petrovich hero of the taiga | DW Documentary,12m 32s,2021-02-22T17:00:01Z
dE4mBjQ_s84,Young German and Jewish | DW Documentary,42m 24s,2021-02-21T17:00:29Z
ir4DgZFTbuY,Climate change in Romania | DW Documentary,25m 55s,2021-02-20T17:00:14Z
V2C0sMXyD80,China's gateway to Europe – the New Silk Road (2/2) | DW Documentary,42m 27s,2021-02-19T17:00:11Z
gVhb_PaatOg,Leaving the ultra-orthodox – Jews seeking a new life in Germany | DW Documentary,28m 25s,2021-02-16T17:00:12Z
XZP93IEudag,Xinjiang: China's Muslim minorities | DW Documentary,12m 32s,2021-02-15T17:00:23Z
ExcB9ISbccg,Does a vaccine spell the end of the coronavirus pandemic? | DW Documentary,28m 23s,2021-02-09T17:30:01Z
EyA__2HRdOw,Cameroon: A priest and the fight for more education | DW Documentary,12m 32s,2021-02-08T17:00:05Z
swYmpcljNU8,Witnesses of the Shoah: Faces and memories | DW Documentary,12m 32s,2021-02-01T17:05:43Z
JvugagwgWfI,Moria: The EU's failed refugee policy | DW Documentary,42m 25s,2021-01-31T17:00:07Z
VKluES_mt8U,When antibiotics are outsmarted | DW Documentary,25m 55s,2021-01-30T17:00:24Z
V8QmqHfy-EI,The Warsaw Ghetto | DW Documentary,42m 26s,2021-01-27T17:00:12Z
o_nBovjt2fo,Onwards to New Delhi – a farmer's protest | DW Documentary,12m 32s,2021-01-26T19:00:17Z
5dfbW8FfHbQ,Egyptian women and the Arab Spring (2/2) | DW Documentary,28m 26s,2021-01-26T16:30:01Z
fbCSYJDeoCI,Egyptian women and the Arab Spring (1/2) | DW Documentary,28m 27s,2021-01-25T19:00:09Z
8p8tFcIQ8K4,Who were the Neanderthals? | DW Documentary,42m 26s,2021-01-23T17:00:03Z
npGwq_ZxVKk,A train ride into Japan's past | DW Documentary,42m 26s,2021-01-20T17:00:21Z
2YicDtJHpew,The USA divided: America after Trump | DW Documentary,12m 32s,2021-01-18T17:00:01Z
1lKOQpz9wg0,Can green investment change the world? | DW Documentary,25m 55s,2021-01-15T17:00:01Z
L_sXUOGXaMg,Battling coronavirus in Germany – doctors on the frontline | DW Documental,28m 27s,2021-01-12T17:00:08Z
VnlYM6_x2yo,Belarusian activists find refuge in Lithuania | DW Documentary,12m 32s,2021-01-11T18:00:07Z
J26kgGn5TdQ,Nazi prejudice and propaganda – the racist crimes against the children of shame | DW Documentary,42m 26s,2021-01-10T17:00:11Z
cvjV9Flt5zE,The cruelty of animal transports | DW Documentary,42m 26s,2021-01-09T17:00:27Z
TfXbzbJQHuw,New York City rich and poor — the inequality crisis | DW Documentary,42m 25s,2021-01-07T17:00:31Z
lqKjGCJfpnQ,The last nomads of Borneo | DW Documentary,42m 25s,2021-01-06T17:00:32Z
Cqkd3DN5rcc,Europe’s toughest dogsled race | DW Documentary,28m 26s,2021-01-05T17:00:04Z
9fuUpZeC4Lo,Opera during the pandemic | DW Documentary,12m 32s,2021-01-04T17:00:09Z
EzJqbR2rPwY,Antarctica: A message from another planet | DW Documentary,42m 26s,2021-01-02T17:00:03Z
c6xtnE-wurM,Millionaire life — not as easy as it sounds | DW Documentary,42m 26s,2021-01-01T17:00:10Z
mn4oanrNQV0,A Siberian skater’s 80 years on the ice | DW Documentary,12m 32s,2020-12-28T17:00:32Z
sdB0_oVInuk,Tour of the Arctic (2/2) – from Greenland to Alaska | DW Documentary,42m 26s,2020-12-27T17:15:03Z
gD89hfPh4vY,Tour of the Arctic (1/2) – from Svalbard to Siberia | DW Documentary,42m 26s,2020-12-27T17:00:12Z
VGzxmxhVJ9w,Coronavirus complications | DW Documentary,28m 25s,2020-12-22T17:00:11Z
xJDwBjpOIEc,Jerusalem's Father Christmas | DW Documentary,12m 32s,2020-12-21T17:00:24Z
8yoRWxfGxTw,Italian fishermen in Libyan custody | DW Documentary,12m 32s,2020-12-14T17:00:03Z
uA2QQnpaOPk,Beirut's cultural decline | DW Documentary,12m 34s,2020-12-12T17:00:19Z
kc4EDmdePQ4,Can Africa's forests help save the world? (Director's cut -- reupload) | DW Documentary,29m 25s,2020-12-11T17:00:15Z
fBnT0tsLqGQ,China's gateway to Europe – the New Silk Road (1/2) | DW Documentary,42m 30s,2020-12-07T17:00:13Z
b58b-BvWEpo,Oil promises – how oil changed a country | DW Documentary,1h 24m 53s,2020-12-03T17:00:13Z
gqJo6kC5q_M,The marriage market for Indian HIV patients | DW Documentary,42m 26s,2020-12-02T17:30:02Z
D0X7KSQ46SE,Overcoming coronavirus | DW Documentary,12m 32s,2020-11-30T17:00:04Z
KIEOuKD9KX8,When food becomes scarce – high-tech farms of the future | DW Documentary,25m 57s,2020-11-28T17:00:11Z
-rZkdPXP6H4,What happened to Otto Warmbier in North Korea? | DW Documentary,42m 26s,2020-11-27T17:00:00Z
Wqpa5s8FEds,Fighting sexual violence in the Congo | DW Documentary,42m 26s,2020-11-26T17:00:17Z
I4KpZ2MeSE0,Cash or card – will COVID-19 kill cash? | DW Documentary,28m 27s,2020-11-24T19:00:02Z
3IpZko0EPXo,Curaçao and climate change | DW Documentary,12m 32s,2020-11-23T17:00:01Z
p6EzF5HpzBo,Norway and CO2 emissions | DW Documentary,25m 57s,2020-11-21T17:00:13Z
yKg_JP3z1o4,Street children in the Philippines | DW Documentary,42m 25s,2020-11-19T17:00:14Z
IhmT7ceSH7w,Love and sex in the internet age | DW Documentary,42m 26s,2020-11-18T17:00:04Z
3Yu-0NqC_uw,On stage with Down syndrome | DW Documentary,12m 32s,2020-11-16T17:00:01Z
KqM9O6vs9nY,Lehmann - the last cultural diplomat | DW Documentary,41m 25s,2020-11-15T17:00:08Z
qMbaY8dCfUM,Nazis on trial | DW Documentary,12m 32s,2020-11-09T17:00:12Z
FGAZeLGEYIY,Will the next pandemic start in Brazil? | DW Documentary,28m 26s,2020-11-03T17:00:08Z
Z-PY_m5MObY,The man who makes wishes come true | DW Documentary,12m 34s,2020-11-02T17:00:07Z
PdYcJldzOdw,Boeing – what caused the 737 Max to crash? | DW Documentary,42m 25s,2020-11-01T17:00:05Z
2LelUHLl-xM,The power of the pharmaceutical companies | DW Documentary,42m 27s,2020-10-28T17:30:01Z
6YS7zPJT06Q,The radical states of America | DW Documentary,28m 26s,2020-10-27T17:00:01Z
LuWYdSBJLNM,Coronavirus – making ends meet in New York | DW Documentary,12m 32s,2020-10-26T17:00:11Z
KR62f4KtLdo,Trump's America | DW Documentary,42m 26s,2020-10-25T16:00:07Z
IsqSwMsI_mc,Internet from space | DW Documentary,42m 26s,2020-10-23T16:15:01Z
-QxuqC6hN60,The Evictors: In the name of the law? | DW Documentary,12m 32s,2020-10-19T16:00:01Z
g82OtWou3tI,Healthy eyes – new therapies maintain sight | DW Documentary,42m 27s,2020-10-16T16:00:09Z
b1Enrzgrl1w,Fine-tuning the climate | DW Documentary,42m 26s,2020-10-14T16:15:05Z
SBPe8qZBgVc,A COVID-19 survivor versus corona skeptics | DW Documentary,12m 32s,2020-10-13T16:00:06Z
vrbyyIKariE,The risks from Covid-19 | DW Documentary,12m 32s,2020-10-06T16:00:14Z
Y4Z2u0jACcs,Back to school at 63 | DW Documentary,12m 32s,2020-10-03T16:00:08Z
4DVah3bZlV8,The murder of Jamal Khashoggi | DW Documentary,42m 26s,2020-10-01T18:00:00Z
VPEOcjrWkCQ,Turning the tide in the Caribbean | DW Documentary,28m 27s,2020-09-29T16:00:14Z
hNymiNCGjQs,A nurse moves to Germany | DW Documentary,12m 32s,2020-09-21T16:30:01Z
bybyUTIU-qo,Life as Jewish settler in the West Bank | DW Documentary,12m 32s,2020-09-16T16:00:08Z
BPRM8cjilbk,Radical Militias in the US | DW Documentary,12m 32s,2020-09-14T16:00:03Z
D9-0N_awrCs,World champion athlete and Holocaust survivor Shaul Ladany | DW Documentary,42m 27s,2020-09-12T16:00:03Z
4aWHEMvy46Y,How contract workers are exploited | DW Documentary,28m 27s,2020-09-08T18:00:01Z
sIQypOBMqZo,China meets Germany - in the kitchen | DW Documentary,12m 31s,2020-09-07T16:00:25Z
L-i5zj4u7fs,Images of the refugee crisis | DW Documentary,42m 26s,2020-09-04T18:30:01Z
E3wSR_o9lAY,Syrian refugees after 5 years in Germany | DW Documentary,12m 32s,2020-09-03T16:30:00Z
3RXlVr_15JY,Africa's looted art | DW Documentary,42m 27s,2020-09-02T18:30:00Z
UrcDLopNPV8,How coronavirus is changing the world | DW Documentary,46m 50s,2020-09-01T16:00:15Z
vW1QWG3xSNg,Thai berry pickers in Sweden | DW Documentary,25m 57s,2020-08-29T16:00:12Z
tTLGzpAYf54,Brazil's President Bolsonaro and coronavirus | DW Documentary,12m 33s,2020-08-24T16:30:08Z
lAjruwb-yms,Generation Putin | DW Documentary,42m 27s,2020-08-23T16:00:12Z
tRRoYeKztbY,Superfoods – is healthy eating just hype? | DW Documentary,25m 55s,2020-08-22T16:00:14Z
dtNixlubgSo,Sex trafficking in Nigeria | DW Documentary,42m 26s,2020-08-21T16:00:22Z
SeQ7CDkr9SY,Coronavirus in Spain | DW Documentary,28m 26s,2020-08-18T16:15:01Z
0p71mAZRDR8,Lebanon after the explosion in Beirut | DW Documentary,12m 32s,2020-08-17T16:00:01Z
TIr0xKk2YJ0,The world's largest mammal migration | DW Documentary,25m 57s,2020-08-15T16:00:06Z
wlqckvL8MSA,Preserving Gaza's photographic history | DW Documentary,42m 25s,2020-08-12T16:00:18Z
Qr5PEAK1t3U,Wind power getting headwind in Germany | DW Documentary,28m 27s,2020-08-11T16:00:07Z
300xF8SxWyM,Trump and Putin (2/2) | DW Documentary,42m 26s,2020-08-08T16:15:00Z
455vMrEm958,Trump and Putin (1/2) | DW Documentary,42m 25s,2020-08-08T16:00:03Z
U1-LCixbumI,Looking for love ❤️ on the Faroe Islands | DW Documentary,25m 56s,2020-08-03T16:00:06Z
v8zedDYspqw,Channel trailer | DW Documentary,54s,2020-07-29T16:00:14Z
y756hWJOA78,Cheap meat cheap work in Germany | DW Documentary,12m 32s,2020-07-27T16:00:19Z
2Zm3siNdKSI,Japan's super volunteer | DW Documentary,12m 32s,2020-07-20T18:00:00Z
vbNBj9Kxs6w,China: The dissident's wife | DW Documentary,12m 32s,2020-07-13T18:00:11Z
3zzPk-k4Xaw,Traveling through North Korea | DW Documentary,42m 27s,2020-07-10T18:00:02Z
OP0U62oiBlM,Forgotten wrecks are a time bomb | DW Documentary,42m 26s,2020-07-09T18:00:05Z
vy3gMVGwjuc,Climate change – living on the water | DW Documentary,42m 27s,2020-07-08T18:00:11Z
XeEr3rQxfdw,The right-wing extremists plot to overthrow the German government | DW Documentary,28m 29s,2020-07-07T18:00:07Z
sI607wWfMSw,Racism in the UK | DW Documentary,12m 32s,2020-07-06T18:00:09Z
-Aw8qj3lz0Y,Climate change in the desert | DW Documentary,28m 17s,2020-06-30T18:00:00Z
dMk-XpjK98M,Racism in Germany | DW Documentary,12m 32s,2020-06-29T18:00:05Z
run-X1es2FA,The Plague and COVID-19 | DW Documentary,26m 2s,2020-06-27T18:00:17Z
Pt_XU4W4DBA,The Mennonites - A trip back in time | DW Documentary,42m 26s,2020-06-25T18:00:12Z
_CaVAgP-mE0,Mallorca island - German tourists are coming! | DW Documentary,12m 32s,2020-06-22T18:00:10Z
z35dX3EEGko,The Russians – An intimate journey through Russia (2/2) | DW Documentary,42m 28s,2020-06-19T18:15:02Z
qfuDZEQjro8,The Russians – An intimate journey through Russia (1/2) | DW Documentary,42m 28s,2020-06-19T18:00:18Z
UaNSByf4sLA,Bayer and the bees | DW Documentary,28m 26s,2020-06-16T18:00:10Z
1xGF30q8g4s,Tarchi becomes a woman | DW Documentary,12m 32s,2020-06-15T18:00:00Z
J4TIlid8-zI,A football club for grieving fathers | DW Documentary,12m 32s,2020-06-08T18:00:05Z
WdwCVCPBX5Y,Katja's corona diary | DW Documentary,12m 31s,2020-06-04T18:00:12Z
pD58Dj648gM,Indonesia: Diversity under threat | DW Documentary,42m 26s,2020-05-27T18:00:13Z
gjbmsAkiY9Q,A gangster delivering groceries - Corona in South Africa | DW Documentary,12m 32s,2020-05-25T18:00:18Z
k0poVtBhIsQ,The 3D printing revolution | DW Documentary,25m 56s,2020-05-23T17:00:31Z
kL8ULRjUBlI,A modern Catholic church in Spain | DW Documentary,26m 2s,2020-05-21T18:00:12Z
zL_QwtXyIJk,Two months in lockdown - Berlin's new 'corona' normal | DW Documentary,12m 32s,2020-05-20T18:00:31Z
Kqk2wLlgyvw,Shooting a species to save it | DW Documentary,28m 27s,2020-05-19T18:00:04Z
cNdiPqExPKs,Corona diaries | DW Documentary,42m 32s,2020-05-17T18:00:16Z
idYkObkb9C8,Coal is dividing Greece | DW Documentary,25m 55s,2020-05-15T18:00:12Z
cQuunzZqDuQ,Return to Auschwitz | DW Documentary,12m 35s,2020-05-11T18:00:11Z
psWarhwc4eY,Jewish life in Poland | DW Documentary,42m 26s,2020-05-05T18:00:25Z
Fr9L27V337E,Have you ever heard of the Emoji Commission? | DW Documentary,49m 53s,2020-05-04T18:00:03Z
tT0ob3cHPmE,Hürtgen forest and the end of World War II | DW Documentary,42m 27s,2020-05-02T18:00:27Z
sO_a0VIxejw,The coronavirus pandemic and family life | DW Documentary,18m 10s,2020-05-01T18:00:24Z
2QSXKDCFh7o,The death of Adolf Hitler | DW Documentary,42m 26s,2020-04-30T18:00:02Z
IikNXSEL0Pw,Born poor die poor? How to tackle poverty - Founders Valley (3/3) | DW Documentary,26m 1s,2020-04-27T18:00:06Z
-io2xhUATlQ,Coronavirus in closed worlds in Israel Iran Greece | DW Documentary,13m 51s,2020-04-24T18:00:00Z
b0wZIB_oYWo,Fighting the migration challenge in Malaysia - Founders Valley (2/3) | DW Documentary,26m 1s,2020-04-20T18:00:10Z
-ePZ7OdY-Dw,How artificial intelligence is changing our society | DW Documentary,42m 26s,2020-04-18T18:00:01Z
KIiHfOEG60Q,Corona – heroes in crisis mode | DW Documentary,15m 42s,2020-04-17T18:00:14Z
DQzYnxN3tE4,Corona in Italy | DW Documentary,28m 16s,2020-04-14T18:00:07Z
bQN420LIwrc,Living in Russia: Death (6/6) | Free Full DW Documentary,22m 39s,2020-04-11T18:30:12Z
SAnWF6yTaWQ,Living in Russia: Old age (5/6) | Free Full DW Documentary,25m 57s,2020-04-10T18:30:08Z
O1OGRa_U4XQ,Being creative in times of the coronavirus pandemic | DW Documentary,14m 28s,2020-04-10T18:00:17Z
he8FGw9e-pc,Living in Russia: Adulthood (4/6) | Free Full DW Documentary,25m 29s,2020-04-09T18:30:13Z
sRIiTk1nR78,Living in Russia: Youth (3/6) | Free Full DW Documentary,25m 10s,2020-04-08T18:30:05Z
4IG4eVdhbxI,Living in Russia: Childhood (2/6) | Free Full DW Documentary,23m 53s,2020-04-07T18:30:00Z
vbaI4pEHPR8,Coronavirus in Berlin | DW Documentary,28m 31s,2020-04-07T18:00:16Z
3cO58tL1CUw,Living in Russia: Birth (1/6) | Free Full DW Documentary,21m 51s,2020-04-06T18:30:00Z
VjJYIU3ZgLM,How healthcare professionals are coping with coronavirus | DW Documentary,10m 15s,2020-04-03T18:00:14Z
fQ5m0Gv-xKM,The story of a German conman | DW Documentary,26m 2s,2020-04-02T18:00:21Z
bLfriUWYlQE,Coronavirus in Germany I DW Documentary,12m 32s,2020-03-23T19:00:24Z
oHwwvocAQzk,Ocean Viking rescue ship: Lifesavers at sea | DW Documentary,12m 32s,2020-03-16T19:00:22Z
2GLsM169izM,The kidnapping campaign of Nazi Germany | DW Documentary,42m 32s,2020-03-11T19:00:00Z
DTZw8OK0WdU,No snow no skiing? | DW Documentary,12m 31s,2020-03-06T19:00:02Z
-64wZkdPRew,The clothes we wear | DW Documentary,28m 26s,2020-03-03T19:00:00Z
LK1GoGFCfZ8,Sustainable business rethinking growth - Founders Valley (1/3) | DW Documentary,26m 2s,2020-02-28T19:00:02Z
zOtshu8Fr9c,Kenya's million dollar garbage business | DW Documentary,12m 32s,2020-02-24T19:00:08Z
Z8DRRkNRYW0,Deadly waste from raw materials | DW Documentary,42m 31s,2020-02-23T19:00:03Z
feRMWoJYE80,Northern lights – adventures in winter | DW Documentary,42m 31s,2020-02-22T19:00:09Z
NShW769p3Ik,Attack on a night club in Germany | DW Documentary,12m 32s,2020-02-17T19:00:03Z
sfNFMcSiFQI,Germany's role in NATO and the world | DW Documentary,42m 31s,2020-02-13T19:00:08Z
xz729FOOk94,Nepal: A doctor helps the blind see | DW Documentary,12m 32s,2020-02-11T19:00:07Z
VNooOoJyCWI,Looted art in the Third Reich | DW Documentary,42m 32s,2020-02-10T19:00:03Z
noo8-_LYIpA,Saving kids from the Mafia in Italy | DW Documentary,26m 1s,2020-02-08T19:00:05Z
PjyX5dnhaMw,Drought and floods — the climate exodus | DW Documentary,53m 31s,2020-01-29T19:00:05Z
AvZjFKzQ_WA,Being a foster mother | DW Documentary,12m 32s,2020-01-27T19:00:03Z
GEHOlmcJAEk,The world’s most polluted river | DW Documentary,42m 31s,2020-01-25T19:00:04Z
rlPZ0Bev99s,Tomatoes and greed – the exodus of Ghana's farmers | DW Documentary,52m 52s,2020-01-22T19:00:13Z
22Npts6_T9k,The Sikhs - Between India and Pakistan | DW Documentary,27m 16s,2020-01-21T19:00:00Z
7CMp1gU5PXM,South Africa's female park rangers | DW Documentary,12m 32s,2020-01-20T19:00:00Z
KyhUqTQsh6I,Living with an extreme disability | DW Documentary,12m 31s,2020-01-13T19:00:02Z
iG0o_duevlA,A train ride to the Czech Republic | DW Documentary,26m 1s,2020-01-11T19:00:04Z
iLGgILUqbcc,Climate change in the Antarctic | DW Documentary,28m 31s,2020-01-07T19:00:09Z
U8fmlEMtGd0,O Christmas tree | DW Documentary,12m 31s,2019-12-23T19:00:07Z
co9UD89J_1g,A future for Taiwan's indigenous people | DW Documentary,12m 32s,2019-12-21T19:00:04Z
ZKomTQQ2Ij4,Chancellor Helmut Kohl's speech and German reunification | DW Documentary,42m 31s,2019-12-19T19:00:05Z
DsP5oP62fU8,Assassination in Minsk — a witness speaks out | DW Documentary (investigative documentary),28m 25s,2019-12-16T12:30:01Z
9qHceCMkoxY,It happens only in Pakistan | DW Documentary,24m 36s,2019-12-11T19:00:01Z
JusaSwAg48c,Haute couture on Colombia’s mean streets | DW Documentary,12m 31s,2019-12-09T19:00:05Z
qydjOM4yi5Q,LSD - Microdosing LSD in the name of self-improvement | DW Documentary,42m 31s,2019-12-04T19:00:09Z
ySzzjut3c9A,Protests in Lebanon: Christina has had enough | DW Documentary (Arab world documentary),12m 32s,2019-12-02T19:00:10Z
xO6AnTc0OE8,Colombia: The long road to peace after the civil war | DW Documentary,42m 26s,2019-12-01T19:00:12Z
JHDkALRz5Rk,How poor people survive in the USA | DW Documentary,42m 32s,2019-11-27T19:00:03Z
e9SsnK6t-z8,The school for role-play in Denmark | DW Documentary,12m 41s,2019-11-25T19:00:07Z
-AqF-2Htv-I,Indian dream wedding in Kerala | DW Documentary,12m 33s,2019-11-19T19:00:01Z
W6gyEbprEiQ,From a Nazi childhood to living with a Syrian refugee | DW Documentary,26m 6s,2019-11-12T19:00:02Z
o4ah2I8YjkQ,The apostle comes from Africa — a contemporary passion story | DW Documentary,12m 32s,2019-11-11T19:00:06Z
0mfgjLttbcA,How Bollywood Normalised Rape Culture | BuzzFeed India,7m 43s,2019-11-08T07:00:01Z
rHrdFc9kC7M,The GDR defector and the Bulgarian border guard | DW Documentary,40m 40s,2019-11-07T19:00:03Z
b3U8eH8LTp0,Udo Lindenberg: The Godfather of German Rock and the Fall of the Berlin Wall | DW Documentary,25m 50s,2019-11-06T19:00:06Z
bArtnedm3eQ,Targeted by the Stasi: revisiting the past | DW Documentary,12m 31s,2019-11-04T19:00:02Z
TWpCj8jIxkY,The Berlin Wall our family and us | DW Documentary,42m 31s,2019-11-01T19:00:02Z
KSwqdl0Q9F8,Living with bipolar disorder: Maarten opens up | DW Documentary,12m 32s,2019-10-28T19:00:00Z
xIBf48PP9hI,Bosnia's invisible children: Living in dignity | DW Documentary,26m 1s,2019-10-26T18:00:07Z
4a0-WnFA1wA,From taxi driver to opera star — a transformation | DW Documentary,12m 32s,2019-10-21T18:00:00Z
8FLXf-mW5QI,The dinosaur village | DW Documentary,26m 2s,2019-10-19T18:00:01Z
CidaOP7PA-o,The great death of insects | DW Documentary,42m 31s,2019-10-17T18:00:01Z
x6sM5sShTSs,The snake catchers of Bangkok | DW Documentary,12m 4s,2019-10-14T18:00:05Z
peOvrU4WVbs,Mission on the Amazon | DW Documentary,26m 2s,2019-10-12T16:00:08Z
HKQoRg0dZg4,Human trafficking in Libya | DW Documentary,12m 31s,2019-09-30T18:00:01Z
s0dMTAQM4cw,Artificial intelligence and algorithms: pros and cons | DW Documentary (AI documentary),42m 26s,2019-09-26T18:00:05Z
H0k31FURJPg,Intersex — redefining gender | DW Documentary,12m 3s,2019-09-23T18:00:01Z
oCZr4j24dsg,No more fish — empty net syndrome in Greece | DW Documentary,26m 2s,2019-09-22T16:45:01Z
rcCu3Yia6WU,What neo-Nazis have inherited from original Nazism | DW Documentary,42m 31s,2019-09-21T16:00:12Z
vTgMIivWu8o,Black market for dogs | DW Documentary,12m 34s,2019-09-18T18:15:00Z
-fusUxEPwsw,Rubber tires — a dirty business | DW Documentary,28m 26s,2019-09-17T18:00:01Z
oJP4g88Im5c,In Humboldt's footsteps: Volcanic visions in Ecuador — Part 2 | DW Documentary,7m 48s,2019-09-14T16:00:11Z
TySxK0GyBsM,A. v. Humboldt: Everything is interaction — Part 7 | DW Documentary,10m 55s,2019-09-14T16:00:08Z
IecNzgdILic,In Humboldt's footsteps — Part 3 | DW Documentary,8m 59s,2019-09-14T16:00:07Z
K2-mQ4UJpJ8,The Humboldt Current — Part 4 | DW Documentary,8m 33s,2019-09-14T16:00:05Z
Kap1dQnkKPw,Tracing Humboldt's tracks — Part 6 | DW Documentary,8m 59s,2019-09-14T16:00:05Z
QcXWCSyXMBM,Humboldt discovers biodiversity in the Orinoco basin — Part 5 | DW Documentary,10m 22s,2019-09-14T16:00:02Z
5q4D7apcQ80,Alexander von Humboldt in the Americas — Part 1 | DW Documentary,8m 32s,2019-09-14T16:00:00Z
G0Iq45Nbevk,Testosterone — new discoveries about the male hormone | DW Documentary,42m 31s,2019-09-12T18:00:03Z
BAdvwQKyYkM,German police — on patrol with bodycams | DW Documentary,12m 31s,2019-09-09T18:00:00Z
QAdw7N9l1tM,Can farmers grow money? | DW Documentary,42m 31s,2019-09-09T13:04:28Z
3LsqaJrKiPI,My daughter and the caliphate | DW Documentary,59m 7s,2019-09-05T18:00:01Z
y-Rsf5fYQ4I,Peter Lindbergh — the supermodel photographer | DW Documentary,42m 26s,2019-09-04T17:03:29Z
hcXjVxaKzv4,Will Germany's car industry survive? | DW Documentary,28m 31s,2019-09-03T18:00:11Z
qrvkHyYIUyE,The future of Europe | DW Documentary,42m 31s,2019-09-02T18:00:05Z
kBZdsMb9upI,Taiwan for food lovers | DW Documentary,26m 1s,2019-08-30T16:00:10Z
P0hhJYPNsSo,Right-wing populists ahead of state elections | DW Documentary,12m 32s,2019-08-26T16:00:05Z
SaGIKIMZzTQ,Anti-Semitism in France | DW Documentary,26m 1s,2019-08-24T16:00:05Z
CVBcRIGYyPE,From a mini-island to the big city | DW Documentary,12m 31s,2019-08-19T16:00:05Z
Izd2qOgOGQI,Artificial intelligence and its ethics | DW Documentary,42m 31s,2019-08-14T16:00:04Z
AJE-Iz9bBPE,Germany's volunteer exchange | DW Documentary,12m 32s,2019-08-12T16:00:04Z
OsKD_D-__5I,The Basque Country and ETA | DW Documentary,26m 1s,2019-08-09T16:00:04Z
5PBs7RqPTrI,The social media beauty cult | DW Documentary,42m 31s,2019-08-08T18:00:01Z
y6wuQyJZILI,Fighting poverty with fish | DW Documentary,12m 32s,2019-08-05T16:00:10Z
K9MaGf-Su9I,Climate change: Europe's melting glaciers | DW Documentary,42m 31s,2019-07-31T18:00:00Z
UPSgV0bVrcY,The daily life of gay parents | DW Documentary,12m 32s,2019-07-29T18:00:05Z
zYJhMpWSNhc,The Guča Trumpet Festival | DW Documentary,26m 1s,2019-07-25T18:00:06Z
YQUQG8WaRMI,A women's Tour de France | DW Documentary,12m 31s,2019-07-22T17:58:47Z
QyeBxcvUJIU,The New Silk Road Part 2: From Kyrgyzstan to Duisburg | DW Documentary,42m 31s,2019-07-20T16:30:00Z
cUxw9Re-Z-E,The New Silk Road Part 1: From China to Pakistan | DW Documentary,42m 31s,2019-07-20T16:00:07Z
HYKzUGd47fE,Moon mission: A long journey into space | DW Documentary,12m 32s,2019-07-15T16:00:05Z
aJYS6Gf3hgY,Visiting Gaza Strip as a Palestinian | DW Documentary,26m 1s,2019-07-13T14:00:00Z
PUgotwc8HwI,The motorsport with no gas - Formula E in Switzerland | DW Documentary,16m 41s,2019-07-11T18:00:02Z
ckSrlCmX_Cg,Slaves in Italy? | DW Documentary,28m 31s,2019-07-09T18:00:08Z
Hdp8bU-rEXA,Görlitz woos residents | DW Documentary,12m 31s,2019-07-08T18:00:04Z
qae2UTsAKBc,Abuse in the Catholic Church | DW Documentary,42m 31s,2019-07-02T18:00:03Z
0udeF84VjrY,Deported from the USA | DW Documentary,12m 32s,2019-07-01T18:00:02Z
VUAf_e9Y6XA,Silicone sex - When men love dolls | DW Documentary,25m 56s,2019-06-29T18:00:03Z
60B_a3eHetA,Hong Kong's youth rises up | DW Documentary,12m 33s,2019-06-24T18:00:00Z
Ga5Uc9X6dIA,From Nefertiti to Beuys — Berlin’s museums (2/2) | DW Documentary,52m,2019-06-22T15:04:31Z
c3hh-AGsKAg,From Nefertiti to Beuys — Berlin’s museums (1/2) | DW Documentary,52m,2019-06-22T15:00:06Z
wMPf231zDdw,On route 7 into the heart of Patagonia | DW Documentary,42m 31s,2019-06-21T18:00:11Z
dTHhSTwLy-g,Violence against paramedics | DW Documentary,12m 31s,2019-06-17T18:00:10Z
wLOmZCUr7BQ,What to do about rising rents? | DW Documentary,28m 31s,2019-06-11T18:00:05Z
AYUFTyPY1SY,Soccer kids kicking off their careers | DW Documentary,12m 31s,2019-06-11T15:00:00Z
NXaVLXSZdEw,Germany: The discreet lives of the super rich | DW Documentary,42m 31s,2019-06-09T15:00:04Z
S7Ck8_deK9c,„RACE for Future“ – Formula E in Berlin | DW Documentary,16m 1s,2019-06-08T15:00:02Z
78xdMXOx7Rw,Thailand and the fallout from mass tourism | DW Documentary,42m 31s,2019-06-05T15:41:21Z
Xaj1Gj7oXFM,Along the Amazon in Peru | DW Documentary,28m 26s,2019-06-04T18:00:02Z
znBosY3ooSw,US: Trump's vigilantes against migrants | DW Documentary,12m 31s,2019-06-03T18:00:07Z
cHjMT8PquA0,Mexico's journalists at risk | DW Documentary,12m 32s,2019-05-27T18:00:05Z
dMVq4jj1QtE,1949 - One year two Germanies | DW Documentary,42m 31s,2019-05-27T10:02:18Z
uo0dFWOMaDM,Right-wing populists and the EU | DW Documentary,42m 31s,2019-05-20T18:00:06Z
Of9hKnf3Obs,Russia's support for EU opponents | DW Documentary,12m 31s,2019-05-20T13:06:13Z
NxXl2xE52PI,Elephant rides in Thailand: Fun or cruel? | DW Documentary,12m 38s,2019-05-13T18:00:03Z
4LAe_pMn4dA,Refugees stranded in Greece | DW Documentary,26m 1s,2019-05-11T15:00:01Z
O90PShJVu58,Amazon Jeff Bezos and collecting data | DW Documentary,42m 31s,2019-05-10T18:00:02Z
Y9qSsCzIVJU,Midwives in crisis in Germany | DW Documentary,12m 31s,2019-05-06T18:00:03Z
cl4Uv9_7KJE,Fleeing climate change — the real environmental disaster | DW Documentary,42m 31s,2019-05-01T18:00:04Z
g3NhYj5IcPc,Using roadkill for fashion | DW Documentary,12m 38s,2019-04-29T18:00:04Z
_LMUWV1Tacs,The Renaissance - The Age of Michelangelo and Leonardo da Vinci (2/2) | DW Documentary,42m 26s,2019-04-28T15:15:01Z
BmHTQsxxkPk,The Renaissance - The Age of Michelangelo and Leonardo da Vinci (1/2) | DW Documentary,42m 26s,2019-04-28T15:00:02Z
NjvC8pl1diY,The Paralympics: the only female athelete of the Gambia | DW Documentary,12m 32s,2019-04-23T11:01:23Z
2pJD5HtlKwg,What did Leonardo da Vinci's Last Supper really look like? | DW Documentary,42m 26s,2019-04-18T18:00:00Z
TfIcEHj2kj4,Russian TV talent shows for kids | DW Documentary,12m 31s,2019-04-16T18:00:04Z
rw1bz_hi9kY,Georgia between Europe and Stalin | DW Documentary,26m 1s,2019-04-13T18:00:02Z
5sNFveHpkwI,The Akha tribe in Laos: Between tradition and modernity | DW Documentary,42m 6s,2019-04-12T18:00:00Z
5GVxz5U-qV0,Formula racing: A female driver chases the dream | DW Documentary,12m 31s,2019-04-09T18:00:00Z
85RqiMMNmUI,IS targets the Philippines | DW Documentary,42m 26s,2019-04-08T18:00:02Z
jkoCS5puBeU,Turning junk heaps into vintage beauties | DW Documentary,12m 31s,2019-04-01T18:00:04Z
U3KUi_1vJsE,Growing greens in the Arctic | DW Documentary,12m 31s,2019-03-25T19:00:02Z
wEufTD39xrw,Money and power – how much influence do the super rich have? (3/3) | DW Documentary,42m 26s,2019-03-24T16:00:06Z
Kw6aFdlsVt0,Cinema as resistance - filmmakers who want to change the world | DW Documentary,25m 42s,2019-03-21T19:00:05Z
co5uywe-1Z8,Climate refugees in Bangladesh | DW Documentary,42m 31s,2019-03-20T19:00:06Z
-knTMU1_3C8,Venezuela: Humanitarian crisis and the fight for power | DW Documentary,28m 31s,2019-03-19T10:27:13Z
YhxJ4hLth64,Flight MH370: Five years of uncertainty | DW Documentary,12m 32s,2019-03-11T19:00:03Z
RTZdzFCmIgs,Tesla and Elon Musk - the future of electric cars | DW Documentary,42m 31s,2019-03-10T16:00:03Z
CF0nQXrEJ30,Making cheese in the Alps - a story of integration | DW Documentary,26m 1s,2019-03-08T17:15:00Z
Amfrm2V_KO0,Meet Germany's first robot lecturer | DW Documentary,12m 32s,2019-02-25T19:00:00Z
9aUbSHbSi-k,Money luxury and fame – the new super-rich of India | DW Documentary,42m 26s,2019-02-20T19:00:00Z
6uNcGyKQcsY,When love knows no bounds | DW Documentary,12m 1s,2019-02-18T19:00:01Z
mJBH2IFWsGA,Illegal car races in Germany | DW Documentary,12m 2s,2019-02-13T19:00:04Z
iXGtx-hroKE,Working online and traveling the world - digital nomads | DW Documentary,25m 56s,2019-02-09T17:30:00Z
qwNVNE83Udo,Drones robots and super sperm – the future of farming | DW Documentary (Farming documentary),42m 26s,2019-02-07T19:00:03Z
qx46iJsEm70,A school for Russia's young offenders | DW Documentary,12m 31s,2019-02-04T19:00:06Z
2uVWAS6Q6AY,Architecture art and design - 100 years of the Bauhaus (3/3) | DW Documentary,42m 31s,2019-01-27T16:00:00Z
BCnfRCVpxFI,Snow chaos in the Alps | DW Documentary,12m 1s,2019-01-21T19:00:00Z
LW1415Ddf8c,Architecture art and design - 100 years of the Bauhaus (2/3) | DW Documentary,42m 31s,2019-01-20T16:00:01Z
nA4_HGE29pI,Safe cities for women - Founders Valley (5/5) | DW Documentary,26m 2s,2019-01-18T19:00:05Z
KYSWEq70YYk,Release the killer whales! | DW Documentary,12m 1s,2019-01-14T19:00:01Z
rg3X1vZN5TA,Architecture art and design - 100 years of the Bauhaus (1/3) | DW Documentary,42m 31s,2019-01-13T16:00:03Z
7bxEU5Jb9vI,Life with autism | DW Documentary,42m 31s,2019-01-11T19:00:00Z
LtiwXTxp6DE,Imprisoned children in Turkey | DW Documentary (Prison documentary),12m 1s,2019-01-07T19:00:04Z
Igk5NHH-qJ0,The dark side of agriculture in Ethiopia (2/2) | DW Documentary (Farming documentary),42m 31s,2019-01-05T16:15:00Z
isiYYVmvn2U,The dark side of agriculture in Ethiopia (1/2) | DW Documentary (Farming documentary),42m 31s,2019-01-05T16:00:05Z
pGZIc0Pokhs,A German Christmas market in Dresden | DW Documentary,12m 1s,2018-12-28T19:00:03Z
0G4xMWmbGtw,Female power & digital empowerment - Founders Valley (4/5) | DW Documentary,26m 2s,2018-12-22T16:00:01Z
TjWZehM-2Ew,Women take the reins in Kyrgyz villages | DW Documentary,12m 1s,2018-12-17T19:00:02Z
3-u31NgfDbQ,The war on my phone - Lifeline to Syria (2/2) | DW Documentary,42m 31s,2018-12-15T16:15:00Z
JcXNO7_nlsM,The war on my phone - Lifeline to Syria (1/2) | DW Documentary,42m 31s,2018-12-15T16:00:02Z
-Jn41vwZd94,The poor the banks & digital money - Founders Valley (3/5) | DW Documentary,26m 2s,2018-12-14T19:00:00Z
Xw9Zsc9A924,Open borders and elderly care | DW Documentary,12m 1s,2018-12-13T16:00:04Z
cYP_wMJsgyg,Rich and poor – the inequality gap (2/3) | DW Documentary,42m 31s,2018-12-12T19:00:03Z
frTz5hL3z2U,Data social media & privacy - Founders Valley (2/5) | DW Documentary,26m 2s,2018-12-08T16:00:04Z
L42QCTOfNgA,Cuba - building a catholic church | DW Documentary (Religion documentary),26m 1s,2018-12-06T19:00:00Z
tkUv2R97I-Y,Yemen and the global arms trade | DW Documentary (Arms documentary),26m 36s,2018-12-04T19:00:04Z
73npEw0Amhk,Climate heroes - carbon neutral living | DW Documentary (Environment documentary),12m 1s,2018-12-03T19:00:00Z
3ijJb3Upg_k,The first female mayor of Tunis | DW Documentary (Arab world documentary),12m 1s,2018-11-26T19:00:00Z
zBQWhOSDykk,School pressure & innovative education - Founders Valley (1/5) | DW Documentary,26m 2s,2018-11-24T16:00:09Z
GbECT1J9bXg,How cash is becoming a thing of the past | DW Documentary (Banking documentary),42m 31s,2018-11-21T19:00:01Z
z7CIO-YrOzA,Women social media and the revolution - Digital warriors | DW Documentary,53m 3s,2018-11-20T17:58:40Z
FG1hCPijyj4,Canada: Why Many Aboriginals Grow into Crime | DW Documentary (Crime documentary),12m 1s,2018-11-20T09:30:00Z
BY0RbbmHPdk,100 years after World War I | DW Documentary,12m 1s,2018-11-12T19:00:00Z
CD1LuZtBAZo,Antisemitism in Europe | DW Documentary,42m 31s,2018-11-08T19:00:00Z
j_i_NOepqAc,USA - Trump and the midterms | DW Documentary (Trump documentary),28m 31s,2018-11-06T16:00:05Z
cBXMt8cYJYQ,Mother searches for son in China | DW Documentary,12m 1s,2018-11-05T11:51:13Z
zbvhQn2uAn8,Gold! Bangkok's treasure hunters | DW Documentary,12m 1s,2018-10-29T19:00:05Z
6bWw3eA4L3g,Brazil’s indigenous population fights back | DW Documentary (Environment documentary),12m 5s,2018-10-22T18:00:01Z
1MaQs3AjhdI,Clandestine employment of Indians in Italy | DW Documentary (Migrant documentary),12m 2s,2018-10-15T18:00:00Z
kJuNcOf_kfE,Saving Spain's largest saltwater lagoon | DW Documentary (Environment documentary),26m 1s,2018-10-13T15:00:05Z
0g9R-eBW7T0,Bavaria: tradition in danger | DW Documentary,12m 1s,2018-10-08T18:00:01Z
VpK8fpqPJT0,Archeology – exploring the past with modern technology | DW History Documentary,42m 32s,2018-10-07T15:00:06Z
VtIQrP6FvOo,Terror at the Moria refugee camp | DW Documentary,12m 1s,2018-10-01T18:00:03Z
ivbbsJRztwg,Hambach forest stays! - Germany and coal | DW Documentary,12m 1s,2018-09-24T18:00:05Z
8P-iPXsylrk,Traveling Ecuador by train | DW Documentary,42m 32s,2018-09-20T18:00:00Z
VPyKErEF9f0,China's harassment of Muslims | DW human rights Documentary,12m 1s,2018-09-17T18:00:03Z
tSDG6HI8ebw,Learning German: integration by language | DW Documentary,12m 2s,2018-09-10T18:00:04Z
XPt1dAwHM_o,Karl Lagerfeld - German fashion designer and icon | DW Documentary,42m 32s,2018-09-09T15:00:05Z
A2kb1EGx8bk,Welcome to the 'Nazi village'! | DW Documentary,12m 1s,2018-09-03T18:00:00Z
Bx7KpO32TNE,Hocus pocus? Testing miracles | DW Documentary,12m 1s,2018-08-27T18:00:01Z
jPiz_y1dG3o,Women's football in India | DW Documentary,26m 2s,2018-08-24T18:00:03Z
ppTdtPfN17Y,Iraq's first Dandie's Club | DW Documentary,12m 1s,2018-08-20T18:00:05Z
AFIxi7BiScI,Inequality – how wealth becomes power (1/3) | DW Documentary,41m 56s,2018-08-18T15:00:00Z
W9MZCXFqFig,Return to Kabul - Afghan deportees one year on | DW Documentary,28m 31s,2018-08-14T18:00:02Z
M8rcz14hDak,Native American woman runs for Congress | DW Documentary,12m 1s,2018-08-13T18:00:00Z
y6JJt2i28zs,Kosovo: End of mission for German armed forces | DW Documentary,12m 1s,2018-08-08T10:59:22Z
zFdvBWKIcbU,Perilous trip to reach dream destination US - DW Documentary,12m 1s,2018-07-30T11:05:53Z
z8LCsV6JWc8,Protestants and Catholics in Northern Ireland | DW Documentary,12m 1s,2018-07-24T18:00:05Z
9NJ_FEiW380,A court interpreter in South Africa | DW Documentary,12m 1s,2018-07-23T18:00:00Z
wpdZZF8t9x0,Yemen - kids and the war | DW Documentary,42m 32s,2018-07-20T18:00:05Z
XSGRd5Ve1zI,Secrets of the Stone Age (2/2) | DW Documentary,42m 31s,2018-07-12T18:15:00Z
I2vYr6gx56o,Secrets of the Stone Age (1/2) | DW Documentary,42m 31s,2018-07-12T18:00:01Z
Ltrvm1r6KMo,One German pub owner is still serving at 87 | DW Documentary,12m 1s,2018-07-11T18:00:03Z
vea33I4PfSo,Tough play: China's pro gamers | DW Documentary,12m 1s,2018-07-04T18:00:03Z
aHNWZ018ln8,Is tourism harming Venice? | DW Documentary,42m 31s,2018-07-02T18:00:00Z
hDJrEtl5suk,Schools for Afghanistan - a project in peril | DW Documentary,26m 1s,2018-06-30T15:00:04Z
8sxaz0LdBW8,Aftermath of a genocide: Yazidis of Sinjar | DW Documentary,12m 1s,2018-06-27T18:00:00Z
zPXdF3NdTIw,Talíria takes on the military in Rio | DW Documentary,12m 2s,2018-06-21T18:00:03Z
c4B7U1QG1i8,Trash into cash - plastic waste in Haiti | DW Documentary,12m 1s,2018-06-14T18:00:06Z
G_e7eFSkEjw,The rich the poor and the trash | DW Documentary (Inequality documentary),28m 31s,2018-06-08T18:32:05Z
DnW9ZQtI1_E,The deceptive promise of free trade | DW Documentary,42m 31s,2018-06-06T20:00:43Z
03vWwqYPf60,Organic food - hype or hope? | DW Documentary,42m 38s,2018-05-30T18:00:00Z
em7aVh9vcIs,Sarah emigrates to Israel | DW Documentary,12m 2s,2018-05-26T15:00:02Z
kUMYT6tozEg,Who owns Jerusalem? | DW Documentary,28m 31s,2018-05-14T18:00:02Z
R8j123slEMU,A bunker for books: bibliophilia in Belgrade | DW Documentary,12m 2s,2018-05-07T18:00:02Z
AcvNuQ3AFEs,Children of war: life after Aleppo,12m 2s,2018-04-30T18:00:00Z
0kaZ5jeuMa0,Germans in Israel. Israelis in Germany | DW Documentary,42m 37s,2018-04-20T18:00:00Z
J6DxXI6wD8U,Bangladesh - Dawn of Islamism | DW Documentary,42m 31s,2018-04-17T16:31:47Z
BwcAaL-ajpY,Survival act - life under the Big Top | DW Documentary,12m 2s,2018-04-16T10:00:08Z
xkbL0eaIfBM,EU president Juncker on tour in the Balkans | DW Documentary,12m 2s,2018-04-09T10:11:58Z
ionHlck2PgI,One congregation and Germany's far-right | DW Documentary,12m 2s,2018-04-03T10:48:46Z
WoFouzeYy0o,An encounter with artist Shirin Neshat | DW Documentary,25m 51s,2018-04-01T15:00:02Z
KM9urQRlJdc,The fight against Russia's growing garbage | DW Documentary,12m 2s,2018-03-27T10:29:15Z
4xgPBb1xHYI,German food banks under pressure | DW Documentary,12m 2s,2018-03-20T16:31:13Z
eTBRe2FtvC8,Hell on earth: Eastern Ghouta | DW Documentary,12m 4s,2018-03-15T17:00:06Z
SPVQQqUu4-M,Berlinale Talents: female filmmakers struggle for success | DW Documentary,25m 45s,2018-03-14T16:01:47Z
1ReFNdkQ5Y8,Brides for sale - Bulgaria's Roma marriage market | DW Documentary,26m 16s,2018-03-10T16:00:00Z
7nFI1Bamg2c,Deforestation in Peru and other world stories | DW Documentary,12m 1s,2018-03-01T18:00:00Z
985xnRfA2VE,India: Exploring Delhi | DW Documentary,42m 41s,2018-02-22T09:38:12Z
IbjMs8V3YBo,How to survive in Los Angeles - without a home? | DW Documentary,12m 2s,2018-02-19T11:36:53Z
sM8Z2sbou0k,Everyone's welcome! A hotel run by people with disabilities | DW Documentary,12m 1s,2018-02-12T11:10:43Z
5TYtKSiv2kk,Gold mining endangering Ecuadorian town and other world stories | DW Documentary,12m 3s,2018-02-07T17:35:59Z
khXGMcX59YE,The Berlin Wall - How it worked | DW Documentary,10m 27s,2018-02-05T16:23:22Z
Jh7Owgvlu0Y,Police brutality in Nairobi‘s slums | DW Documentary,12m 7s,2018-02-05T11:16:27Z
iDo1vIBqi10,Traveling by train in Panama | DW Documentary,42m 31s,2018-02-01T17:01:12Z
hpZwCRInrgo,Mahatma Gandhi – dying for freedom | DW Documentary,42m 32s,2018-01-31T20:00:03Z
-yPbLerhRCQ,Chechens fear returning ISIS fighters and other world stories | DW Documentary,12m 4s,2018-01-29T18:00:01Z
ciBQFItYc7E,A Holocaust survivor tells her story | DW Documentary,12m 1s,2018-01-29T11:50:19Z
lDveK6oWN5w,Germany’s poor pensioners | DW Documentary,12m 1s,2018-01-22T14:45:25Z
HPJjQJ1UWn4,The last Kalinga tattoo artist Whang Od | DW Documentary,26m 25s,2018-01-20T15:00:04Z
ejK8IEvLjtQ,Berlin: homeless capital of Germany | DW Documentary,12m 2s,2018-01-18T18:00:05Z
KcGprtOQeJw,Covering Donald J. Trump | DW Documentary,28m 31s,2018-01-16T18:00:01Z
QgSIG3qI3Aw,The ice merchant of Chimborazo | DW Documentary,12m 4s,2018-01-15T11:00:02Z
lHSO0RQFRe8,Bosnia and Herzegovina: an ethnically divided country | DW Documentary,26m 4s,2018-01-14T15:00:03Z
xRCRBRpLeUM,Child trafficking in China | DW Documentary,12m 2s,2018-01-08T13:26:21Z
Jb5kYAHTCpM,India: Changing the families fortune and other world stories | DW Documentary,12m 1s,2018-01-05T18:00:01Z
01D4L0deJPw,Learning how to walk with an exoskeleton | DW Documentary,12m 2s,2018-01-02T12:55:23Z
reEZn3mJ-Fo,Visiting North Korea | DW Documentary,42m 56s,2017-12-29T18:00:04Z
7MVI7Ne9PQI,India: the climate challenge - Founders Valley (10/10) | DW Documentary,26m 1s,2017-12-28T18:00:00Z
Tp3Xd39iYtU,Is Egypt failing to protect its Coptic Christians? | DW Documentary,28m 31s,2017-12-26T19:00:03Z
h4jaf6YMVUI,World stories: Brexit and Northern Ireland; war in Central African Republic | DW Documentary,12m 2s,2017-12-20T12:46:32Z
_Ud-guTCP_c,India: drowning in plastic - Founders Valley (9/10) | DW Documentary,26m 1s,2017-12-19T19:00:04Z
bltWKd82tzE,Refugees on Lesbos | DW Documentary,12m 2s,2017-12-19T11:00:06Z
sclwgAXiHhI,Indonesia: Bali's water dilemma - Founders Valley (8/10) | DW Documentary,26m 1s,2017-12-18T16:00:03Z
yHZOIs3FL6A,3 world stories about: pill against AIDS - soccer World Cup - palm oil | DW Documentary,12m 1s,2017-12-17T15:00:04Z
6wDJIQFsBis,After the escape – how art helps refugees feel at home | DW Documentary,42m 31s,2017-12-15T13:39:05Z
VhfdqVI6ImI,Child thaiboxers: A fighting chance | DW Documentary,12m 1s,2017-12-11T19:00:02Z
O6KZEUdTGsk,Golem: a legendary Jewish clay man and his impact on art | DW Documentary,42m 31s,2017-12-08T16:00:01Z
AzBQPZa6-RA,Masoud's list - one man against the IS | DW Documentary,12m 2s,2017-12-05T14:40:16Z
wQ-LIjenrxw,Bangladesh: worlds of work - Founders Valley (7/10) | DW Documentary,26m 1s,2017-12-04T16:31:09Z
MMIABcbEIGg,Indonesia: food for the future - Founders Valley (6/10) | DW Documentary,26m 2s,2017-12-04T16:30:37Z
_yruBeRM6yc,Singapore: horizons of health - Founders Valley (5/10) | DW Documentary,26m 2s,2017-12-04T16:30:16Z
OyBIFSQmKt4,Malaysia: energize the world - Founders Valley (4/10) | DW Documentary,26m 2s,2017-12-04T16:29:52Z
9yTnB72658A,Taiwan: technology: promise or peril? - Founders Valley (3/10) | DW Documentary,26m 2s,2017-12-04T16:29:26Z
LhiuA71tF5Y,Mongolia: between tradition and globalization - Founders Valley (1/10) | DW Documentary,26m 2s,2017-12-04T16:29:07Z
pnXcqZ6r32U,Clean and quiet electric boats for Thailand and other world stories | DW Documentary,12m 4s,2017-12-01T18:00:06Z
fy4WWQN_-Fs,Times of stalemate: a German MP's story | DW Documentary,12m 1s,2017-11-27T20:00:07Z
xC4h7SA6sBc,Welcome to Bangkok Thailand | DW Documentary,26m 8s,2017-11-26T15:00:03Z
6OHL9UTCTlM,German electronic music and its star DJs – Felix Jaehn Paul van Dyk Alle Farben | DW Documentary,42m 32s,2017-11-24T10:57:03Z
wlahWQC2smE,The German military - filling the ranks | DW Documentary,12m 2s,2017-11-20T11:14:17Z
UzivaxYf1iM,The hellish coal fields of Jharia | DW Documentary,12m 2s,2017-11-13T13:30:34Z
TZ0j6kr4ZJ0,Kiribati: a drowning paradise in the South Pacific | DW Documentary,42m 56s,2017-11-08T20:00:01Z
qV_4QdwMkCs,Teaching girls their rights in Ethiopia and other world stories | DW Documentary,12m 2s,2017-11-07T17:07:45Z
oqr3xFYOF70,Internet addiction - online without end | DW Documentary,12m 2s,2017-11-06T11:44:14Z
j4VFH2QR1pQ,Gas boom in Mozambique and other world stories | DW Documentary,12m 1s,2017-11-02T16:00:07Z
1qeRj_qfNM0,Martin Luther the Reformation and the nation | DW Documentary,42m 56s,2017-10-31T16:00:00Z
f6ZecZScrCA,Luther code - 500 years of the Reformation | DW Documentary,42m 31s,2017-10-31T11:00:03Z
o5eaKtRxsA8,Hong Kong: urban visions - Founders Valley (2/10) | DW Documentary,26m 1s,2017-10-30T20:00:05Z
_zcZhg_WnYw,Heroin addiction in the USA | DW Documentary,12m 5s,2017-10-30T11:00:05Z
Egzd7PsmNTo,St. Helena - A remote island in the Atlantic | DW Documentary,26m 1s,2017-10-28T14:00:03Z
OntOGcWRvHA,A train ride through American history – New Orleans to New York | DW Documentary,42m 32s,2017-10-26T16:25:07Z
RiUeFQZlrnc,Catalan companies are leaving Catalonia and other world stories | DW Documentary,12m 5s,2017-10-24T11:54:57Z
XUdm_jjcWRE,Puerto Rico after the storm | DW Documentary,12m 8s,2017-10-23T10:00:02Z
xLmMZLaScBA,Ostracized - lesbians in Russia and other world stories | DW Documentary,12m 5s,2017-10-18T19:00:06Z
K6pxRD5IAQQ,From Islamic State victim to terrorist hunter | DW Documentary,28m 32s,2017-10-17T15:44:01Z
AOJ4w_OJA_E,Crisis in Catalonia: a society divided | DW Documentary,12m 2s,2017-10-16T16:29:25Z
czAykeFF83k,FC Bayern Munich - the 'Mia san Mia' phenomenon | DW Documentary (Sports documentary),1h 29m 45s,2017-10-12T20:36:56Z
_LFOxwIeVqk,Terror in the name of the Lord and other world stories | DW Documentary,12m 2s,2017-10-11T16:31:43Z
6OBgbLg2t3Q,Rooftopping – climbing high in Shanghai | DW Documentary,12m 2s,2017-10-09T12:10:09Z
vizu9YTCcB0,A Right-wing Surge in Saxony | DW Documentary,12m 4s,2017-10-02T12:45:20Z
7gqXaI70wC8,Resistance to fish farms in Canada and other world stories | DW Documentary,12m 1s,2017-10-01T19:00:01Z
8PgHxK4ghLA,Forced into prostitution: to hell and back | DW Documentary,12m 5s,2017-09-26T13:26:25Z
K3VDt5XK0Ag,Rohingya crisis reaches Bangladesh and other world stories | DW Documentary,12m 1s,2017-09-22T17:00:01Z
kToLeIkpLuY,Tough refugee deal between EU and Turkey | DW Documentary,3m 41s,2017-09-22T10:00:03Z
b_rHqiwZnu0,FC Bayern Munich: The 'Mia san Mia' Phenomenon (Trailer) | DW Documentary,2m 26s,2017-09-21T10:53:01Z
s8VNJ88AFWw,By train across Sri Lanka | DW Documentary,42m 26s,2017-09-20T19:00:04Z
_sH3-OVt_Mc,The Gezi Park fatality Elvan in Turkey | DW Documentary,4m 6s,2017-09-16T14:00:05Z
xowpmxq6LbY,Gods and cows holy and Holi (India shorts competition 3/3) | DW Documentary,17m 27s,2017-09-15T16:15:57Z
VwV0H-i9J9E,Adventure and beauty: Male and female (India shorts competition 2/3) | DW Documentary,24m 58s,2017-09-14T16:04:26Z
fcpiKx9gCRs,People passion and making a living (India shorts competition 1/3) | DW Documentary,23m 29s,2017-09-13T16:22:16Z
WUFgth1qB5I,Britons in France and Brexit | DW Documentary,4m 20s,2017-09-13T10:00:05Z
xssElZd4CJs,A Turk leaves his homeland | DW Documentary,12m 2s,2017-09-11T10:00:04Z
LdiirZ5Vh1I,Germany: A Syrian on the trail of IS | DW Documentary,5m 43s,2017-09-09T23:00:01Z
ulP5miRSXG4,Romania: Fipronil - the hidden threat | DW Documentary,4m 19s,2017-09-07T10:00:07Z
crli-5mJf3A,Blind Football Euro Championships in Berlin,12m 1s,2017-09-04T10:48:11Z
NGUbboTjT18,Will robots steal our jobs? - The future of work (2/2) | DW Documentary,42m 32s,2017-09-01T17:00:03Z
6IOH7b68byk,Will robots steal our jobs? - The future of work (1/2) | DW Documentary,42m 32s,2017-09-01T16:30:00Z
XrcWHof4h30,Italy's forgotten earthquake victims | DW Documentary,5m 14s,2017-08-30T10:00:02Z
ByRHSzQC_uM,Competing for the Russian-German vote | DW Documentary,12m 4s,2017-08-28T10:00:01Z
akjHeMTMqLI,Polish judges under pressure | DW Documentary,3m 56s,2017-08-24T17:00:00Z
SpJFMLHyQdw,Greece is battling tax evasion | DW Documentary,12m 1s,2017-08-21T10:00:02Z
WAFOFSU_3sA,#Germany Decides - German election road trip | DW Documentary,42m 27s,2017-08-19T14:00:04Z
HLDgrnAY9aY,Ukraine: Adventures in ruins | DW Documentary,4m 34s,2017-08-17T17:00:02Z
HLc2xFLoxFg,Greece's tax fraud problem | DW Documentary,5m 57s,2017-08-16T13:48:08Z
wnPHvm5u334,Shaul Ladany - Running for his life | DW Documentary,12m 1s,2017-08-14T09:57:32Z
ykAisB_4WLg,A journey through Mongolia | DW Documentary,42m 30s,2017-08-11T17:00:06Z
6Ruzivpk8Vg,Spain: a festival of life and death | DW Documentary,12m 5s,2017-08-07T10:00:31Z
uJImsmGnOOE,The SS man's bequest to Scotland | DW Documentary,5m 5s,2017-08-05T02:00:03Z
rhlgUcypuso,Squatters make a comeback in Spain | DW Documentary,4m 12s,2017-07-31T15:00:05Z
zxsWrzpqnRs,Israel: Breaking the Silence | DW Documentary,12m 1s,2017-07-31T10:00:05Z
DTqi5f0ScKU,When the money runs out | DW Documentary,5m 1s,2017-07-29T15:00:00Z
Y1ByhM-ibH0,Land mines lurking in Bosnia-Herzegovina | DW Documentary,4m 15s,2017-07-26T15:00:04Z
K-JEd1VNzE8,Lithuania's fence on Kaliningrad border | DW Documentary,4m 34s,2017-07-25T08:30:01Z
a7HuqMFCI1c,On Borrowed Time - An Afghan in Germany | DW Documentary,12m 1s,2017-07-23T22:00:00Z
Gi2QdEYLs00,French imams visit terrorist attack scenes | DW Documentary,4m 14s,2017-07-22T02:00:00Z
fyYo6quHZss,The impact of terrorism on tourism | DW Documentary,42m 26s,2017-07-20T15:00:04Z
qKFocXWQYzM,Slovak pensioner blogs against neo-Nazis | DW Documentary,4m 25s,2017-07-19T16:55:50Z
g171WEa-dVw,Fighting to fight: Equality in the bullring | DW Documentary,12m 1s,2017-07-18T02:00:00Z
xOGQR1-TQTc,Turkey one year after the failed coup | DW Documentary,28m 26s,2017-07-11T14:58:22Z
t6m49vNjEGs,How the rich get richer – money in the world economy | DW Documentary,42m 25s,2017-07-05T15:01:14Z
f9NtIg6jDA0,France: the holy war behind bars | DW Documentary,4m 50s,2017-07-04T15:00:06Z
xf1PhlhGv6o,Helmut Kohl from the province to the world stage | DW Documentary,12m 1s,2017-07-03T10:10:19Z
VZpDcaP2yHA,Spain: expecting at age sixty | DW Documentary,4m 38s,2017-07-02T15:00:05Z
VrQMAfd9ErE,Bosnia and Herzegovina: a gateway for IS | DW Documentary,4m 48s,2017-06-27T02:00:00Z
fyzsVF8Sxuo,Scrubbing the Right - a pensioner cleans up,12m 2s,2017-06-26T11:36:23Z
eo5MFtypZTU,Epilepsy drug scandal in France | DW Documentary,4m 44s,2017-06-25T15:00:04Z
PPDDopaYHQ8,Refugee helpers in Italy under pressure | DW Documentary,4m 46s,2017-06-25T02:00:00Z
CVuVlk2E_e4,Money happiness and eternal life - Greed (Director's Cut) | DW Documentary,1h 31m 12s,2017-06-24T02:00:01Z
V9EKM40lY4w,Prison subculture in Russia | DW Documentary,3m 23s,2017-06-23T09:27:05Z
9MkcTI00_uw,Ai Weiwei drifting - art awareness and the refugee crisis | DW Documentary,42m 27s,2017-06-21T15:00:01Z
P7l7mTRNXQc,'Sun tax' in Spain hurting solar providers | DW Documentary,4m 39s,2017-06-20T02:00:00Z
bOBUbnEU7wY,Can God be offended? Blasphemy religion and freedom of speech | DW Documentary,42m 26s,2017-06-16T15:00:03Z
ZA7JW0Hc7A8,Music against Trump | DW Documentary,12m 2s,2017-06-12T10:00:03Z
AeNtwPKStog,Afghanistan’s Palace of Hope | DW Documentary,12m 2s,2017-06-06T15:00:01Z
7hdugdJvC4o,Eurovision and the also rans | DW Documentary,4m 8s,2017-06-03T02:00:00Z
pthrCZFTIts,Struggling to provide care: doctors in Malawi | DW Documentary,12m 5s,2017-05-29T10:00:03Z
nDfYzcljIg8,Surviving Kenya's prison system | DW Documentary,12m 1s,2017-05-27T02:00:01Z
IAwPizERoek,Macedonia: powder keg in the Balkans | DW Documentary,4m 6s,2017-05-25T02:00:00Z
zA6TWnquOYo,Cuba - nostalgia and change | DW Documentary,42m 26s,2017-05-21T02:00:02Z
cqRfRsa3Ec4,Scotland: Fears of losing EU workforce | DW Documentary,5m 16s,2017-05-18T02:00:02Z
UR-u7cYqSH8,Fighting adultery in China | DW Documentary,12m 6s,2017-05-15T10:00:03Z
nuiCsU2gGcw,Spain: Killer whales in captivity | DW Documentary,5m 6s,2017-05-13T02:00:02Z
lqSoLVkYYu0,Traveling Iran by train | DW Documentary,42m 25s,2017-05-12T15:00:04Z
1HLEXm2aXHo,Holocaust survivor bears witness | DW Documentary,4m 9s,2017-05-08T15:00:00Z
q7Q-r0kw7VI,Exploited garment workers in Bangladesh | DW Documentary,12m 1s,2017-05-08T12:16:06Z
3GHGeC3WKNw,A better life on planet earth - reinventing the world (6/6) | DW Documentary,42m 32s,2017-05-06T09:09:03Z
yGQ_3uOBm2Y,War power and the path to peace - reinventing the world (5/6) | DW Documentary,42m 26s,2017-05-06T08:48:02Z
hfZ5WXjMprg,Change and the dream of justice - reinventing the world (4/6) | DW Documentary,42m 32s,2017-05-06T08:47:25Z
jinma166biU,School of creativity - reinventing the world in the digital age (3/6) | DW Documentary,42m 26s,2017-05-06T08:46:09Z
s-HIt_XPyqU,Science space and human discovery - reinventing the world (2/6) | DW Documentary,42m 26s,2017-05-06T08:45:19Z
H3QpYzrRiTg,Church and revolution - Martin Luther reinventing the world (1/6) | DW Documentary,42m 32s,2017-05-06T08:43:13Z
GIlsY-AJRzw,On the campaign trail in France - Fighting for Macron | DW Documentary,12m 1s,2017-05-03T10:00:00Z
3lI9KtVAZNk,Tajik migrant workers | DW Documentary,12m 6s,2017-04-23T16:00:00Z
UabU9PAncho,Words of resistance – Deutsche Welle and the Greek dictatorship | DW Documentary,42m 26s,2017-04-21T17:11:43Z
7Xkt187K4dc,Drought and war - Manuela's story | DW Documentary,12m 5s,2017-04-21T10:00:00Z
p-YAfrjvQic,African immigrants exploited in Spain - cheap labor for cheap vegetables | DW Documentary,5m 11s,2017-04-20T10:00:03Z
yqO35RQi_jI,Latvia - life in Russia's shadow | DW Documentary,4m 27s,2017-04-19T10:00:06Z
3LxOXKjlWXQ,Solidarity with refugees - German school children fight for their friends | DW Documentary,5m 8s,2017-04-12T10:00:00Z
BBPCPaF4Jr0,Police under pressure - Fighting crime in Germany | DW Documentary,12m 2s,2017-04-10T19:00:00Z
agij_IxGjCI,documenta 14 - learning from Athens | DW Documentary,42m 25s,2017-04-08T13:44:23Z
p8mF2z1ZZhw,Kidnapped brides in Kyrgyzstan | DW Documentary,12m 3s,2017-04-03T15:00:07Z
Hj5dCmt2p1U,German and Turkish - Cologne's Keupstrasse | DW Documentary,12m 4s,2017-04-03T12:23:00Z
Kd8kxPa7SFM,Renaissance art - The Cranachs | DW Documentary,42m 38s,2017-04-02T02:00:02Z
pcfPVj5qR1E,Afro Germany - Being black and German | DW Documentary,41m 58s,2017-03-29T14:48:15Z
CkiUZghP3vs,The Mubende coffee plantation and the bitter taste of eviction | DW Documentary,42m 31s,2017-03-24T16:00:01Z
t0w4UhLfMLE,Germany's election campaign – The Schulz Effect,12m 4s,2017-03-20T11:00:04Z
AXpd9I3kjjs,Protests in Belarus | DW Documentary,5m 1s,2017-03-19T14:00:01Z
7MreOWWfwrk,Germany vs Turkey – a political war of words | DW Documentary,5m 40s,2017-03-15T11:00:01Z
FFJb0M-cur0,Last chance for drug addicts in the Philippines | DW Documentary,12m 4s,2017-03-13T13:00:01Z
meWM4lChqy4,Women and the Azov battalion in Kyiv Ukraine | DW Documentary,4m 54s,2017-03-10T20:00:03Z
9-eRL-4ln9Q,Spanish orange farmers turn to 'crowdfarming' | DW Documentary,3m 26s,2017-03-09T20:00:00Z
B1Jl9rVtdyU,Buddhist monks in Russia fight for their monastery | DW Documentary,5m 21s,2017-03-08T20:00:01Z
oAu9BfbSEVg,Seeing and hearing with your fingers | DW Documentary,12m 1s,2017-03-06T10:24:58Z
7sVazu3D5hY,From Rio to Lima – Transoceânica the world's longest bus journey (5/5) | DW Documentary,42m 31s,2017-03-03T16:59:55Z
t1xLZWp2eBc,Colombia – The curse of coal | DW Documentary,12m 5s,2017-02-27T11:55:21Z
vbAoM23sK7o,From Rio to Lima – Transoceânica the world's longest bus journey (4/5) | DW Documentary,42m 31s,2017-02-25T03:00:02Z
iIeq7LpfX88,From Rio to Lima – Transoceânica the world's longest bus journey (3/5) | DW Documentary,42m 31s,2017-02-17T16:00:07Z
5xMLj_XZbjs,Turkish military officers flee Erdogan | DW Documentary,5m 41s,2017-02-17T08:00:01Z
NtmyrulkRjQ,Bartered brides in Turkey | DW Documentary,5m 7s,2017-02-12T15:30:00Z
VD9mFv0OAQU,Working-class Britain – trying to take back control | DW Documentary,3m 29s,2017-02-12T03:00:01Z
uhYvfokmDyc,Spain – Basque men-only cooking clubs | DW Documentary,4m 2s,2017-02-11T17:00:04Z
Gkdt36SNc7Q,From Rio to Lima – Transoceânica the world's longest bus journey (2/5) | DW Documentary,42m 31s,2017-02-10T15:00:01Z
H4SUypWjfYY,Fighting the Islamists - Germany's Deployment in Mali | DW Documentary,12m 1s,2017-02-05T16:00:01Z
m1dLiiDCbYg,Conservation in Romania – bringing back the European bison | DW Documentary,3m 15s,2017-02-05T09:00:01Z
HDxQWJSrO5A,German passports for UK Jews | DW Documentary,4m 29s,2017-02-04T16:00:01Z
figW37HIvvU,Erdogan’s informants – Turkey’s intelligence in Germany | DW Documentary,4m 39s,2017-02-04T11:00:02Z
VhC3b8_0mGQ,Asian immigrants in France targetted by gangs | DW Documentary,5m 2s,2017-02-04T11:00:01Z
C_ODFlqURxY,From Rio to Lima – Transoceânica the world's longest bus journey (1/5) | DW Documentary,42m 30s,2017-02-03T15:09:37Z
N8Q3M4Nbql8,Serbia - refugees freezing to death | DW Documentary,12m 1s,2017-01-30T16:52:29Z
m9iTPoY_R3E,Olympic dreams - two Afghan skiers aiming for the top | DW Documentary,12m 1s,2017-01-20T19:00:01Z
z8RRNf0uCNk,Mexico – Fear of Trump's wall | DW Documentary,28m 31s,2017-01-17T14:17:16Z
-rQRcBerNTQ,War over white truffles in Italy | DW Documentary,5m 45s,2017-01-17T14:14:56Z
jeFHnYw0-pA,Life without plastic | DW Documentary,12m 8s,2017-01-17T14:13:31Z
Q5H9ShuD2ts,Wakaliwood – action films from Uganda | DW Documentary,12m 5s,2017-01-17T14:12:54Z
Mhs6u6dCHnQ,Living with dementia – The long goodbye | DW Documentary,12m 2s,2017-01-16T17:41:24Z
A62KTwbyU6s,Kyiv's creative revolution - Techno raves and art installations in Ukraine | DW Documentary,42m 31s,2017-01-13T13:04:56Z
PudZNM276CY,Money happiness and eternal life - Greed (1/2) | DW Documentary,42m 31s,2017-01-13T11:52:28Z
qLSt4VtmT5M,Money happiness and eternal life - Greed (2/2) | DW Documentary,42m 31s,2017-01-13T11:51:46Z
QnQ6o2pSQS8,Germany's refugee safe haven - Transit camp Friedland (1/2) | DW Documentary,42m 36s,2017-01-13T11:49:18Z
uwuqeaH-osQ,Germany's refugee safe haven - Transit camp Friedland (2/2) | DW Documentary,42m 39s,2017-01-13T11:48:53Z
9ZxWTXoW_SM,Medicine from the jungle - Rainforest pharmacy | DW Documentary,42m 35s,2017-01-13T11:48:23Z
lIGtvaWep1M,Exposing corruption abuse and war crimes - Whistleblower | DW Documentary,28m 35s,2017-01-13T11:48:00Z
8i0QnUUIMg0,Jaafar Abdul Karim meets Syrian artists starting anew | DW Documentary,42m 30s,2017-01-13T11:47:22Z
1lNSXB4i4fE,Fakes in the art world - The mystery conman | DW Documentary,42m 31s,2017-01-13T11:45:58Z
iNAxfWCwDsw,German reunification – a short history | DW Documentary,43m 5s,2017-01-13T11:45:21Z
ec_7SK9-zs0,Little Hanoi in Berlin - A scent of home for Vietnamese expats | DW Documentary,42m 32s,2017-01-13T11:43:33Z
a7EOYvCkRDQ,The Lebanon Project - A summer camp for people with disabilities | DW Documentary,42m 40s,2017-01-13T11:22:39Z
D3CGD13KYEA,Playboy millionaire or saint? - The case of Florian Homm | DW Documentary,42m 34s,2017-01-13T11:22:17Z
NUP3qCKnUsw,Poland's oldest fashion model | DW Documentary,4m 33s,2017-01-13T09:54:35Z
LWyKY6bwZNw,Putin's plans to tax the Garazhniki | DW Documentary,5m 49s,2017-01-13T09:53:17Z
N0yuV0XEz98,Child prostitution in the Philippines | DW Documentary,12m 8s,2017-01-13T09:50:09Z
fSABHfdjjgM,Conscription for women in Norway | DW Documentary,6m 6s,2017-01-12T16:34:41Z
hFsQ4Juz3-k,New York fifteen years after 9/11 | Documentaries,26m 7s,2016-09-09T13:23:08Z
8aIzARbiyN0,Antonov An-225: ride a colossus | DW English,20m 48s,2016-07-08T09:10:04Z
3beI0f8G-3A,Football Made in Germany | Documentaries,42m 31s,2016-05-30T19:33:15Z
EDVl-uCWFoI,A Vision of a Zoo to Preserve Wildlife | Documentaries and Reports,26m 5s,2015-08-22T14:42:49Z
zIGbglprvGo,Jihad 101 - Taliban basic training in Pakistan | DW Documentary,12m 7s,2015-05-23T11:14:28Z
YKtm-6ehxG8,Coming home to Mongolia | DW English,42m 33s,2014-12-22T20:19:54Z
0oZVTFOYQ-c,Los grandes robos de arte: La mona Lisa,54m 59s,2012-06-19T10:03:59Z