"Video ID",Title,Length,Published,Embeddable
xlp_g8NOzf8,"Unshakeable Trust and Faith (Full-Length Enhanced Audio Talk)","1h 8m 51s","2022-12-28T06:19:42Z",""
FC_3gSaPUnA,"Guided Meditation – The Practice of Self-Giving","25m 40s","2022-12-27T00:15:14Z",true
Jhty_KBDxsc,"Challenges of Embodied Living (Full-Length with Q&A)","1h 38m 54s","2022-12-22T21:14:30Z",""
zpdIxKnCfq4,"Feeling Turmoil in the World (EXCERPT)","5m 44s","2022-12-20T04:47:49Z",""
uWPBFZ8os8k,"What Brings Happiness (EXCERPT)","5m 18s","2022-12-16T05:17:40Z",""
wSkM8BP3imw,"January 11, 2023 Broadcast with Adyashanti",livestream,"2022-12-15T20:23:09Z",""
cM7fmMe_V6k,"What Orients Your Life (EXCERPT)","3m 18s","2022-12-06T00:42:26Z",""
SawsqpL2TR8,"The Verb of Selfing (Excerpt)","8m 38s","2022-12-02T03:24:25Z",""
oxlx7pZ2IBk,"An Instinct toward the Universal (Full-Length Enhanced Audio Talk)","1h 8m 52s","2022-11-16T08:47:37Z",""
lE7Zh1uvt58,"Guided Meditation – The Selfless Embrace of Now","25m 15s","2022-11-15T08:07:29Z",""
dGpDeOiOkso,"The Stillness that Observes (Excerpt)","4m 6s","2022-11-14T23:50:33Z",""
gW5IaJhc6xo,"The Beginning of the Quest (Excerpt)","9m 47s","2022-11-11T00:43:36Z",""
"E-Z7t09nIHw","The World Needs You (Excerpt)","2m 33s","2022-10-31T22:52:05Z",""
"VO-g_gP7CkY","A True Spiritual Talk (Excerpt)","6m 16s","2022-10-28T00:25:23Z",""
gtMzgGF6eHQ,"The Orienting Principle of Being (Full-Length with Q&A)","2h 1m 1s","2022-10-26T22:50:12Z",""
GTi5gnqBi4c,"Comprehending the Heart Sutra (Full-Length with Q&A)","1h 50m 14s","2022-10-17T22:25:20Z",""
AlPBIHykafM,"The Continuous Commitment of Retreat (Excerpt)","3m 32s","2022-10-10T23:12:17Z",""
"V-CgjoXtkwc","Finding Whats Deeper than Your Narrative (Full-Length Enhanced Audio Talk)","1h 20m 45s","2022-10-09T06:02:40Z",""
PLubrdWmKx0,"Guided Meditation – Foundational Meditation","25m 39s","2022-10-09T00:45:45Z",""
haivemX7Ngs,"Real Listening (Excerpt)","6m 21s","2022-10-07T01:47:27Z",""
2uGP5AxTpsI,"The Edge of Your Own Evolution (Full-Length with Q&A)","1h 37m 36s","2022-10-05T22:56:47Z",""
na0Am1lk104,"Chasing Enlightenment (Full-Length Classic)","1h 34m 56s","2022-09-28T18:38:42Z",""
AUN9uq9AQG4,"Truth or Bust (Full-Length Classic)","1h 43m 12s","2022-09-28T18:30:31Z",""
3cOJQMQgxfI,"True Nature's Perspective (Excerpt)","9m 58s","2022-09-26T23:57:08Z",""
SKc6_0bRqWM,"The Mind's Internal Noise (Excerpt)","8m 36s","2022-09-25T13:04:02Z",""
"qn23B-Pj4gU","Innate Knowledge of the Unknown (Full-Length with Q&A)","1h 54m 19s","2022-09-19T23:14:26Z",""
w9cLLP5kZ0A,"A Meeting of the Heart (Excerpt)","19m 2s","2022-09-05T20:57:57Z",""
DzaeycfVNZM,"Doing vs. Being (Excerpt)","5m 8s","2022-09-01T22:37:51Z",""
nVgj68tcCbU,"Waking Up the Numinous (Full-Length Enhanced Audio Talk)","1h 5m 8s","2022-08-29T05:22:53Z",""
"ML-v3DQnvao","Guided Meditation – Giving and Receiving Heartful Attention","25m 4s","2022-08-27T06:46:32Z",""
"2C-wwCiyS2Y","The Perceptual Capacity of the Heart (Excerpt)","4m 7s","2022-08-23T07:39:55Z",""
rxKsmpbdZcU,"Everything Is ""I"" (Excerpt)","5m 24s","2022-08-18T17:58:39Z",""
"-G_YzYS5m94","The Collapse of Wanting (Full-Length Enhanced Audio Talk)","1h 49m 33s","2022-08-07T04:42:30Z",""
z4gWt3Dxfs8,"Guided Meditation – Dropping the Meditator","22m 6s","2022-08-02T07:07:26Z",""
DyaMioPdR_0,"Being Fully Present (Excerpt)","6m 54s","2022-08-01T20:14:48Z",""
_NnyvKT9X8Q,"The Journey to Happiness (Excerpt)","6m 15s","2022-07-29T07:24:55Z",""
XXSdHbdV3Uk,"Listening (Full-Length Classic)","1h 40m 5s","2022-07-19T22:31:43Z",""
bhzRTA9_15A,"The Power of Questioning Beliefs (Excerpt)","13m 50s","2022-07-18T21:08:35Z",""
XFeG8S1VpDE,"Guided Meditation – The Breath of Silence","22m 5s","2022-07-15T08:03:14Z",""
ZgeKeGeK8N4,"A Simple Immense Thing (Excerpt)","9m 55s","2022-07-14T23:40:14Z",""
Po9IJcnX_3g,"The Ground of Silence (Full-Length Classic)","1h 44m 11s","2022-07-14T18:42:40Z",""
teWU51R3SjE,"The Secret Everybody Knows (Excerpt)","4m 55s","2022-07-02T00:08:44Z",""
lFA0YBmzeQo,"An Invitation to Join Adyashanti's Membership Program","3m 14s","2022-07-01T23:43:29Z",""
fbxbbIZSy3A,"Connecting with the Essential (Excerpt)","7m 17s","2022-06-28T05:43:06Z",""
epKp74OfIRI,"Death of the Psychological Self (Full-Length Enhanced Audio Talk)","1h 52m 8s","2022-06-16T23:15:02Z",""
Tw5RJNQwl_Y,"Enlightened Action (Excerpt)","6m 41s","2022-06-14T01:36:02Z",""
I9u4X6VKzyw,"The Simplicity of Being (Full-Length Classic)","1h 46m 23s","2022-06-09T23:18:38Z",""
"KV-pMyLLAgs","Beyond the Veils (Full-Length Classic)","1h 47m 16s","2022-06-02T23:44:37Z",""
p5b4qafA440,"The Imaginary Me (Full-Length Classic)","1h 41m 49s","2022-06-02T21:59:23Z",""
9Zbhs8mHzK0,"The Quiet Space of Openheartedness (Full-Length with Q&A)","1h 30m 1s","2022-06-02T00:20:00Z",""
oJMoJRVpvS4,"Engaging with the Spiritual Instinct (Full-Length with Q&A)","1h 35m 31s","2022-06-01T22:10:15Z",""
2lK0x4DeYDc,"The Pouring in of Immensity (Full-Length with Q&A)","1h 46m 24s","2022-05-31T21:51:53Z",""
yt5gMUrEv1U,"The Quiet Dimension of Being (Full-Length with Q&A)","1h 59m 9s","2022-05-31T21:40:11Z",""
9sznUyPVUqs,"The Realness of Reality (Full-Length with Q&A)","1h 51m 20s","2022-05-31T21:35:13Z",""
"mtLo2-t2OgA","The Falling Away of the Egocentric Self (Excerpt)","3m 15s","2022-05-30T22:44:46Z",""
vhPpF6bqYsk,"The Gaze of Eternity (Full-Length Classic)","1h 41m 19s","2022-05-26T23:02:12Z",""
XVk8nfrDw7Y,"Beyond the Personal Will (Full-Length Classic)","1h 39m 37s","2022-05-26T21:05:03Z",""
vAgEHvgH3WU,"What Is Real? (Full-Length Classic)","1h 46m 17s","2022-05-25T23:27:54Z",""
DVWdVlXaydg,"The Light of Being (Full-Length Classic)","1h 33m 15s","2022-05-24T23:15:52Z",""
BuWHfyWh2vw,"Guided Meditation – Unknowing Meditation","27m 22s","2022-05-12T14:00:06Z",""
ye9KUympzAE,"Complete Letting Go (Full-Length Enhanced Audio Talk)","1h 38m 42s","2022-05-10T18:58:09Z",""
c9VeCi9AkLM,"The Paradox of Seeking Freedom (Excerpt)","5m 58s","2022-05-10T00:32:07Z",""
Y8PHI7BIWe8,"An Element of Inconceivability (Excerpt)","5m 27s","2022-04-25T19:45:19Z",""
_yJkE31U4Qc,"Contributing To Happiness (Excerpt)","6m 3s","2022-04-11T23:03:35Z",""
MyPBSRNtRKA,"Telling the Truth (Excerpt)","7m 36s","2022-03-21T14:00:18Z",""
Lvpn3F6lRoM,"Living without Resistance (Full-Length Enhanced Audio Talk)","1h 50m 38s","2022-03-20T16:07:55Z",""
dMOI7N6n1fo,"The Existential Paradox of You (Full-Length with Q&A)","1h 49m 27s","2022-03-14T22:29:30Z",""
nOy5XP8qMEs,"Already Existing Liberation (Full-Length with Q&A)","2h 21m 56s","2022-03-14T22:16:35Z",""
eN6NoSIQeo0,"The Prism of Me (Excerpt)","5m 31s","2022-03-07T20:00:15Z",""
H7O_aLMsCyI,"Awakening from the Trance of Thought (Full-Length with Q&A)","1h 46m 57s","2022-03-03T22:05:10Z",""
gFqNaCCLVao,"When Self Drops Away (Excerpt)","40m 36s","2022-03-02T15:00:58Z",""
EeZuk2z9h5U,"A Resonance with True Nature (Excerpt)","6m 29s","2022-02-21T19:21:15Z",""
zGI2UalgRVo,"Integrating the Suffering of Others (Excerpt)","11m 44s","2022-02-07T15:00:28Z",""
GVcL5DAxMlE,"The Awakened Heart (Full-Length with Q&A)","1h 51m 58s","2022-02-02T23:37:59Z",""
3NGqjDCsZ78,"The Sacred Intuition of Timelessness (Full-Length with Q&A)","1h 35m 36s","2022-02-02T16:11:20Z",""
YRORR5n8IuA,"An Intimate Connection with the Essential (Full-Length)","1h 33m 4s","2022-02-02T16:05:58Z",""
QEft2NUqMZ8,"A Fluid Harmony with True Nature (Full Length)","1h 36m 31s","2022-02-02T16:00:34Z",""
uDmyOL_Sn_I,"A Compassionate Life (Full Length)","1h 37m 29s","2022-02-02T15:55:58Z",""
CusOhtf7U0E,"Commitment to Truth and Love (Full-Length with Q&A)","1h 37m 54s","2022-02-01T19:52:46Z",""
"Ke76fK-Jcis","I Cannot Find Myself (Excerpt)","7m 13s","2022-01-31T15:00:11Z",""
eQhfmWcPcj8,"You as the Universal (Excerpt)","5m 38s","2022-01-17T15:00:18Z",""
_nMHmGMxAcY,"Inquiring into Your Life Commitments (Excerpt)","5m 32s","2022-01-02T19:26:01Z",""
ZwuIQUApUDM,"Noticing Our Fundamental Awareness (Excerpt)","5m 51s","2021-11-15T01:35:48Z",""
FgDw691ILQ8,"The Inside of Your Mind (Excerpt)","6m 58s","2021-10-01T13:00:18Z",""
RAHGUGT0ULM,"Getting Stuck on the Spiritual Journey (Excerpt)","8m 47s","2021-09-10T14:00:11Z",""
gRecfMW54MM,"The Foundation of Your Practice (Excerpt)","8m 12s","2021-08-28T18:59:25Z",""
22LUSgtIt8c,"The Unconditioned State (Excerpt)","11m 36s","2021-08-06T14:00:03Z",""
"UMDs_-zV8EU","The Death of the Ego (Excerpt)","7m 59s","2021-07-31T14:00:08Z",""
_mJz7Ds2Mtk,"The Human Element of Awakening (Excerpt)","5m 27s","2021-07-15T14:00:31Z",""
a7KejLF9vv0,"Natural Silence (Excerpt)","6m 35s","2021-07-08T14:00:01Z",""
mEhaSprmriI,"Two Orientations of Spiritual Practice (Excerpt)","8m 37s","2021-07-01T08:19:07Z",""
ZQcH1TD3EJg,"An Inherent Ease (Excerpt)","9m 2s","2021-05-22T06:44:29Z",""
OacbURCmA_k,"Attending to the Wordless (Excerpt)","11m 51s","2021-04-29T14:00:07Z",""
YZ96lfoWxIo,"Embodied Commitment During Meditation (Excerpt)","7m 45s","2021-04-26T14:00:12Z",""
"GG9uz-eNoRA","Interconnectedness (Excerpt)","5m 52s","2021-03-21T14:00:04Z",""
BA4AnmuElrQ,"Two Dimensions of Mind (Excerpt)","6m 16s","2021-03-03T15:00:03Z",""
26UjjrjAyP8,"Acknowledging Your Depth (Excerpt)","9m 29s","2021-02-25T15:00:03Z",""
"xnI-xnsir_U","The Paradox of Meditation (Excerpt)","8m 29s","2021-01-29T15:00:25Z",""
hGXPAojzC9U,"The Jewel of Enlightenment (Excerpt)","7m 24s","2021-01-22T07:30:58Z",""
w1oU_qxFc1I,"The Enigma of Change (Excerpt)","6m 35s","2020-12-15T15:00:17Z",""
rEZ_PmgLNCM,"The Habitual Draw of Ego (Excerpt)","5m 27s","2020-11-17T06:39:57Z",""
eXVmCV8PHhk,"The Immediacy of Being (Excerpt)","7m 18s","2020-10-28T06:03:47Z",""
nX4o7OQl2TQ,"The Boundless Heart (Excerpt)","9m 21s","2020-10-13T04:14:06Z",""
0bQ8TWEbbLs,"Your True Body (Excerpt)","8m 20s","2020-09-29T21:15:06Z",""
2tLhJYIeX5o,"The Emptiness of Preferences (Excerpt)","14m 56s","2020-08-19T00:06:26Z",""
PZxj6_CARqg,"Allowing Everything To Be as It Is (Excerpt)","10m 33s","2020-07-27T23:25:43Z",""
"-43Rgp_s5ts","Authentically Embodying Our Awakening (Excerpt)","9m 26s","2020-06-19T15:58:07Z",true
uNQy6hAeCb4,"Guided Meditation - Three Centers Meditation","29m 54s","2020-05-22T22:21:55Z",true
IVt1bIYx6Fk,"Widening the Domain of Our Consciousness (Excerpt)","5m 45s","2020-05-16T04:11:26Z",true
g7iLMN1vd6U,"The Resiliency of the Human Spirit (Excerpt)","15m 45s","2020-05-08T19:54:56Z",true
"-jMGWZ7Fa9Y","A Soulful Orientation (Excerpt)","5m 49s","2020-04-25T03:07:28Z",true
"Z-9-N5HHq1M","An Inner Resource of Peace (Excerpt)","8m 13s","2020-04-17T22:20:12Z",""
nu1wYXBb1qs,"The Power of Questioning Beliefs (Excerpt)","13m 50s","2020-04-10T23:40:59Z",""
h3gVKplaUB0,"Wholehearted Engagement (Excerpt)","8m 25s","2020-02-22T05:41:32Z",""
427Zzw6XuuU,"Guided Meditation - Attending to the Essential","24m 59s","2020-02-15T00:24:03Z",""
UPpgNUq1vCg,"Spirituality Beyond Belief (Excerpt)","7m 25s","2020-01-29T03:06:41Z",true
"Q-XGCP4r6Vc","Self-Realization - I Got It, I Lost It (Excerpt)","14m 34s","2020-01-13T18:03:43Z",true
1do6g3BTthE,"Guided Meditation - Meditation Is Already Happening",20m,"2020-01-09T01:35:27Z",true
DWuel8IsakA,"A Mystery Unto Yourself (Excerpt)","8m 52s","2019-12-27T20:00:01Z",""
"kYAQ-EAT5NU","The Inward Arc of Exploration (Excerpt)","9m 36s","2019-12-18T01:16:20Z",true
WX1EYa8ITwQ,"The True Spiritual Instinct (Excerpt)","10m 7s","2019-12-09T20:00:07Z",true
MD4vjaGE954,"The Magnetic World of Experience (Excerpt)",5m,"2019-12-02T19:07:51Z",true
REfa86hDTeM,"Adyashanti & Jonathan Gustin - Our Sacred Purpose","11m 14s","2019-10-19T00:31:06Z",true
"1-9xsHGmfMY","Guided Meditation - The Quiet Immensity Within","19m 26s","2019-10-07T17:51:24Z",true
r2hx4_8BrXs,"Bringing Retreat Home (Excerpt)","3m 38s","2019-09-27T19:00:09Z",true
CvFJH8X4JYk,"The Fundamental Realization (Excerpt)","6m 59s","2019-09-11T19:53:45Z",true
ln8GUMxtFhE,"The Contemplative Endeavor (Excerpt)","8m 43s","2019-09-04T16:42:05Z",true
ucOkfE1srzE,"Diving into the Mystery of Being (Excerpt)","4m 47s","2019-08-23T19:00:10Z",true
tI6ezyeOZZM,"The Quiet Background of Existence (Excerpt)","5m 38s","2019-08-16T18:58:11Z",true
"-NNQwgNl2Ag","The Work of Redemption (Excerpt)","6m 14s","2019-08-09T18:58:43Z",true
"vBwpcE4RK-c","A Deep State of Listening (Excerpt)","9m 34s","2019-07-17T22:15:34Z",true
8wRmD_P_MdI,"The Antidote to Fear (Excerpt)","5m 8s","2019-07-02T18:58:15Z",true
NNOCfZSZccw,"Before Thought (Excerpt)","6m 51s","2019-06-25T00:48:22Z",true
KdTSeYFVnb4,"Guided Meditation - Resting in Being","24m 49s","2019-05-21T20:58:43Z",true
Ac9IkXlnEOo,"Ego as a Shapeshifter (Excerpt)","10m 40s","2019-05-10T17:43:51Z",true
jHuUdSB4J2w,"The Hallmark of Freedom (Excerpt)","9m 48s","2019-05-01T19:29:57Z",true
rsyKjURjd0A,"Start Where You Are (Excerpt)","9m 9s","2019-04-22T21:40:08Z",true
uxaGrD7rmE8,"Letting Go of Self (Excerpt)","5m 54s","2019-04-15T19:18:55Z",true
vhdU15aJJxk,"Guided Meditation - Who Are You?","14m 34s","2019-03-25T20:48:03Z",true
qmEBn2Jg1_c,"Nourishing Values through Attention (Excerpt)","6m 50s","2019-03-09T03:15:32Z",true
"WjPy-JBXW54","The Intimacy of Relatedness (Excerpt)","5m 40s","2019-02-08T21:31:48Z",true
"xL1P-7tFv30","Two Spiritual Instincts (Excerpt)","4m 13s","2019-01-21T20:33:35Z",true
zcRn6JS_E9o,"The Vast Human Psyche (Excerpt)","6m 37s","2019-01-13T00:29:36Z",true
lWhHIyE7fi8,"Guided Meditation - Relaxing into Being","7m 51s","2019-01-05T17:24:24Z",true
"ngv0-XkZxBg","True Nature Embodying Itself (Excerpt)","4m 17s","2018-12-27T19:17:00Z",true
Un_B_XN9D64,"The Truly Awakened State (Excerpt)","4m 52s","2018-12-08T02:53:03Z",""
cgbQISMoYFw,"The Instinct toward Greater Consciousness (Excerpt)","9m 45s","2018-12-02T06:03:16Z",""
pIu5cmqweTg,"Guided Meditation - The Invitation of Meditation","9m 7s","2018-11-24T03:08:34Z",true
ZDJSCBuFhzY,"Existential Unity (Excerpt)","5m 58s","2018-11-16T01:25:21Z",true
0e0f2K3IT8c,"The Enlightened Perspective (Excerpt)","3m 4s","2018-11-03T03:21:12Z",true
"0AuI-W43e9g","Engaging from the Heart (Excerpt)","3m 54s","2018-10-25T20:50:42Z",true
A4BVats5XXA,"The Negotiating Ego (Excerpt)","7m 39s","2018-09-25T18:35:49Z",true
jo9pM7py3Tw,"The Nature of Experience (Excerpt)","10m 47s","2018-09-14T20:13:47Z",true
RTZKX1ssAj8,"The Sacred Call of Meditation (Excerpt)","7m 9s","2018-09-07T20:50:02Z",true
LenIiETj4Tg,"A State of Wonder (Excerpt)","5m 48s","2018-09-02T02:55:57Z",true
lzXBpdRhXCA,"Awakened Consciousness (Excerpt)","9m 55s","2018-08-25T05:18:14Z",true
HtEFYBssevc,"Engaging with this Teaching (Excerpt)","5m 49s","2018-08-17T21:32:27Z",true
VMmP5NQclng,"The Heart of Spirituality (Excerpt)","7m 53s","2018-08-11T03:21:53Z",true
yTfCjLCHGww,"What Is Truth? (Excerpt)","21m 9s","2018-06-29T19:45:06Z",true
P1ErmBpdLqo,"Guided Meditation - The Vast Space of Consciousness","5m 31s","2018-06-22T04:45:44Z",""
PqwdPFQU3l4,"Guided Meditation - The Open Space of Awareness","5m 37s","2018-05-31T20:36:28Z",true
OzQe4OBqTgI,"Living in Truth (Excerpt)","5m 4s","2018-05-26T18:32:11Z",true
eNET_S2oyHM,"Examining Our Sense of Inadequacy (Excerpt)","6m 34s","2018-05-18T01:09:13Z",true
uJhMtvQhwnI,"The Authentic Spiritual Impulse (Excerpt)","8m 29s","2018-05-10T00:39:16Z",true
"yU_AXfZ-ONs","The Divinity Beyond Self (Excerpt)",5m,"2018-05-01T23:40:08Z",true
RK6GNuAGoR4,"Letting Meditation Find You (Excerpt)","4m 25s","2018-04-22T19:25:51Z",true
"vV6JaH5z-40","The Root Cause of Suffering (Excerpt)","5m 23s","2018-04-10T22:12:35Z",true
1JYwjrL2FEQ,"Ever-Present Awareness (Excerpt)","3m 55s","2018-04-02T18:36:32Z",true
"ojTguT-BPII","Befriending Your Mind through Meditation (Excerpt)","7m 20s","2018-03-24T16:35:23Z",true
s7jXCpyWBIk,"Guided Meditation - The Moment Perceiving Itself","7m 44s","2018-03-19T17:45:22Z",true
2I2Gz_PrN4Q,"The Great Truth of the Unknown (Excerpt)","4m 10s","2018-03-09T01:37:19Z",true
l_LvfNReZ4A,"An Innocent Relationship with What Is (Excerpt)","6m 39s","2018-02-23T21:07:24Z",true
fdSmN_s4jHY,"An Invitation to Not Struggle (Excerpt)","4m 43s","2018-02-16T03:02:58Z",true
RuNH2S1r6p0,"Being an Undivided Force for Goodness (Excerpt)","14m 35s","2018-02-10T23:26:49Z",true
elJB9x1435c,"Guided Meditation - Perceive What's Really True","5m 22s","2018-02-03T02:15:57Z",true
"Dy0C-QLF5Jg","The Choice in Every Moment (Excerpt)","7m 39s","2018-01-26T03:33:01Z",true
Ch3dtNm4yJw,"Waking Up to the Absolute (Excerpt)","5m 46s","2017-12-22T03:57:16Z",true
6oQ_cg4WSZA,"Absolute Okayness (Excerpt)","5m 30s","2017-12-01T01:13:45Z",true
zNobDosHnYU,"Pivot Points in Conversation (Excerpt)","3m 2s","2017-11-03T00:46:28Z",true
GPqm1eqo45Q,"The Deep Reality of Here (Excerpt)","7m 16s","2017-10-25T00:26:29Z",true
NX9a1Nt_EJo,"Relating from Deep Truth (Excerpt)","4m 4s","2017-10-17T21:44:20Z",true
KpQNYDkspvk,"Adyashanti - Taking the One Seat","9m 30s","2017-10-06T01:31:11Z",true
TObCIKn0XXA,"Guided Meditation - The Unconditioned Nature of Being","30m 26s","2017-09-29T01:52:08Z",true
E1cHxvI9QqE,"Adyashanti & Mukti - Living from Peace","11m 53s","2017-09-21T23:30:29Z",true
HCyjXzGnCG8,"Adyashanti - When Spirit Wakes Up","9m 56s","2017-09-19T22:08:10Z",true
DrMdQHUvuRQ,"Adyashanti - True Happiness","7m 26s","2017-09-07T23:10:28Z",true
0Hl4klEfgqA,"Adyashanti - You Are Awareness","10m 15s","2017-08-25T17:39:05Z",true
XA37i3itfvQ,"Adyashanti - Living from Your Depth","2m 19s","2017-08-11T01:28:10Z",true
"0n-C9WnJaLU","Adyashanti - A Foundation Beyond Words","5m 3s","2017-08-04T00:47:16Z",true
KHNt5YaGvP8,"Adyashanti - All-Accepting Compassion","4m 42s","2017-07-28T17:49:18Z",true
EkRZkwcwLOc,"Adyashanti - The Intimacy of Undifferentiated Being",6m,"2017-07-22T03:22:48Z",true
Gm4csM30Nl4,"Adyashanti - The Falling Away of Self","3m 17s","2017-07-14T00:21:50Z",true
PG0lXkZrImQ,"Adyashanti - Letting Go of Fear","16m 35s","2017-07-07T22:17:43Z",true
G1Niyyir5wM,"Adyashanti - The Infinite Intelligence of Reality","4m 47s","2017-06-29T18:22:46Z",true
SPB8Ybf6PWw,"Adyashanti Guided Meditation - Seeing through the Habits of Mind","10m 48s","2017-06-22T19:15:14Z",true
JGTVyGefC6c,"Adyashanti - Perceiving through the Heart","7m 1s","2017-06-09T01:25:42Z",true
syViAEG0CoY,"Adyashanti - Seeing Our Own Nothingness","5m 19s","2017-06-01T21:11:24Z",true
hv5kFfur4mg,"Adyashanti - The Illusion of Separation","5m 19s","2017-05-23T23:53:04Z",true
WxEuD8HJZyw,"Adyashanti - Being Authentically You","3m 18s","2017-05-11T19:44:51Z",true
aloNDihPJdk,"Adyashanti - Access to Insight","4m 38s","2017-04-27T20:13:06Z",true
uQhYKN2L7oQ,"Adyashanti Guided Meditation - Attending to the Breath","20m 1s","2017-04-21T00:40:13Z",true
jIWDNMbdvbM,"Adyashanti - Silence Is the Greatest Teaching","6m 9s","2017-04-13T16:02:31Z",true
yyWjnbV3cJ0,"Adyashanti - What Is Life Calling Forth in You?","17m 28s","2017-04-07T00:10:12Z",true
RfGR8dC6Jek,"Adyashanti - The Price of Staying Awake","6m 41s","2017-04-01T17:59:05Z",true
pd4gVOhwF5A,"Adyashanti - A Radical Embrace of Everything","6m 42s","2017-03-24T17:30:33Z",true
xC7YinYGooQ,"Adyashanti - Our Field of Consciousness","7m 14s","2017-03-17T20:16:56Z",true
XhTQljTKLVU,"Adyashanti - Recognizing and Being Consciousness","5m 56s","2017-03-10T03:46:33Z",true
Kogjn884kq8,"Adyashanti Guided Meditation - The Art of Listening","35m 13s","2017-02-23T19:26:08Z",true
2V8ivp6iRpQ,"Adyashanti - Gratitude of the Heart","1m 53s","2017-02-16T20:15:52Z",true
hACaMA8jVM4,"Adyashanti - Fierce Love","5m 47s","2017-02-10T03:07:03Z",true
yX5_HBmFUh0,"Adyashanti - Embracing Uncertainty","6m 10s","2017-01-27T00:17:50Z",true
8hCsMeeh6vw,"Adyashanti - Working from Love","5m 2s","2017-01-20T03:40:10Z",true
vE0JqfYU6YQ,"Adyashanti - Discovering a Sense of Renewal","9m 9s","2017-01-12T21:44:20Z",true
spMch2AcWeg,"Adyashanti - Finding Belonging Within","5m 21s","2016-12-24T00:52:31Z",true
E0fsBPTYkak,"Adyashanti - The Quiet Layer of Existence","5m 44s","2016-12-10T21:32:15Z",true
"5sTH0r--xVo","Adyashanti - Authentic Belonging","8m 30s","2016-12-02T01:24:41Z",true
nHPPSZlcdbg,"Adyashanti - Exploring the Depth of Inquiry","9m 56s","2016-11-26T19:32:01Z",true
iATfGCJZq9A,"Adyashanti - An Intuitive Knowing","5m 5s","2016-11-11T01:19:43Z",true
4C9Lw0ZPzj8,"Adyashanti - The Wisdom of Awareness","6m 4s","2016-11-03T23:11:33Z",true
yoZrW_nuoYA,"Adyashanti - Perceiving Your Personal Philosophy","3m 22s","2016-10-27T17:34:29Z",true
tr3yhoej3vQ,"Adyashanti - Creating Space in the Mind","6m 17s","2016-10-14T00:44:43Z",true
zxJJMcrPDQU,"Adyashanti Guided Meditation - There Is Only Truth","6m 23s","2016-10-07T14:57:09Z",true
sWw48RNGjXo,"Adyashanti - ""The Buddha Touching The Ground"" Story","5m 34s","2016-09-30T00:12:55Z",""
n32wsY4wObM,"Adyashanti - ""Falling Into A Hole"" Story","2m 11s","2016-09-22T21:58:20Z",true
xdBnIB9w3j4,"Adyashanti - Experiencing the Infinite Reality","10m 22s","2016-09-16T00:21:27Z",true
gZ5QE5Jiry8,"Adyashanti - Awakening to Our Creativity","4m 53s","2016-09-09T01:18:30Z",true
eBvfoub9aG8,"Adyashanti - Welcoming Transformation","32m 13s","2016-08-26T01:45:58Z",true
BKPJ7afX9jM,"Adyashanti - Intimacy with All of Life","3m 12s","2016-08-18T22:32:04Z",true
IEXoDmbdn1Q,"Adyashanti - An Act of Love","6m 12s","2016-08-12T15:33:20Z",true
"Cn-8LJpU-J0","Adyashanti - Finding Your Own Integrity","9m 28s","2016-08-05T13:58:05Z",true
5KrF0J7lgNs,"Adyashanti - Experiencing Through the Heart","6m 47s","2016-07-30T14:44:08Z",true
"0VIU-BraG0k","Adyashanti - Discovering the Foundation of Self","4m 56s","2016-07-28T19:34:45Z",true
"6G3o-IzUk6I","Adyashanti - Spontaneous Compassion Q&A","6m 8s","2016-07-21T21:38:35Z",true
mBRUiM5OZjs,"Adyashanti - The Fluidity of Truth","5m 27s","2016-07-14T17:35:57Z",true
AgirsAU5eBI,"Adyashanti - The Drive to Truth","6m 32s","2016-07-07T22:41:46Z",true
hmNM8lzWzMY,"Adyashanti Guided Meditation - What Is the Nature of Self?","30m 32s","2016-07-01T16:09:01Z",true
E3LCamL35cs,"Adyashanti - The Heart of Prayer","6m 1s","2016-06-21T20:21:38Z",true
ReyMbNC3R_o,"Adyashanti - The Power of Paying Attention","5m 3s","2016-06-16T23:21:14Z",""
v21SClov38c,"Adyashanti - The Ultimate Nature of Existence","5m 55s","2016-06-02T23:57:26Z",true
"QTUzO-wzmvk","Adyashanti - Spiritual Awakening","7m 19s","2015-09-23T00:38:27Z",true
dbOsDYwVPgs,"Adyashanti - Death: The Essential Teachings","5m 9s","2012-10-29T22:59:33Z",true
CBvrYeFiTRU,"Adyashanti - Seeing Everything and Nothing","5m 15s","2011-12-14T20:33:53Z",true
wt2VILRGPzc,"Adyashanti - Intimacy with Everything","5m 38s","2011-05-26T23:14:47Z",true
q5qgbANGFsI,"Adyashanti - The Dissolution of Identity","3m 2s","2011-04-01T21:05:30Z",true
1SJACtHSL_s,"Adyashanti - The Existential Drive to Truth","6m 16s","2011-02-16T20:46:33Z",true
"rF-6QksHq9s","Adyashanti - Freedom From Separation","6m 43s","2010-08-24T00:04:46Z",true
RTa_pMUyi6g,"Adyashanti - Letting Go of Struggle","4m 19s","2010-05-07T00:30:52Z",true
ObZAFNtU90g,"Adyashanti - The Nature of Experience","3m 43s","2010-01-28T23:44:31Z",true
"JuxY-KNA0Pk","Adyashanti - The Falling Away of Personal Will",8m,"2009-11-25T21:18:10Z",true
902OWxnuMfw,"Adyashanti - The Unseen Presence of Being","4m 46s","2009-08-18T23:49:03Z",true
29PDdi1cJAM,"Adyashanti - Conscious Freedom","9m 40s","2009-07-21T17:31:06Z",true
hIX_zk5NN6g,"Adyashanti - Rest As Awareness","10m 1s","2009-05-22T23:14:19Z",true
OQT6FWOmkOU,"Adyashanti - The Experience of No Self","5m 21s","2009-04-28T01:33:25Z",true
GpHBgWqchxM,"Adyashanti - Causeless Happiness","7m 14s","2009-03-21T00:39:52Z",true
W5eFqKp6H6c,"Adyashanti - Doorway to Now","7m 47s","2009-02-20T19:38:01Z",true
lVpAuiGgw1k,"Adyashanti - Transcending the Layers of Consciousness","4m 46s","2009-01-23T21:02:16Z",true
gftjbhpkJdo,"Adyashanti - Getting Beyond Ego","4m 8s","2008-12-23T20:52:33Z",true
2p2nlxaIW1I,"Adyashanti - The Power of Attention","1m 42s","2008-11-25T18:06:15Z",true
L_xa2sGxdgU,"Adyashanti - Pearls on a Pig","7m 18s","2008-09-20T00:22:31Z",true
LF699FJxFjg,"Adyashanti - The Ultimate Dimension","9m 43s","2008-08-28T00:52:08Z",true
dFlFkDZC8hA,"Adyashanti - A Shift of Perception","9m 56s","2008-07-23T19:10:37Z",true
ZnXiQQLeCUE,"Adyashanti - Our Unborn Nature","9m 54s","2008-06-17T02:34:49Z",true
"9OgeC-Q7HB8","Adyashanti - The Cause of Suffering","8m 52s","2008-04-23T20:15:35Z",true
RtYruXwYcfQ,"Adyashanti - The Presence of Being","9m 58s","2008-03-26T00:39:28Z",true
NId1eTU3QMs,"Adyashanti - Understanding to Realizing","9m 41s","2008-02-24T07:23:25Z",true
C3WwS07wbJ0,"Adyashanti - Relationship With Thought","7m 45s","2008-01-18T20:25:49Z",true
SDAaDm3JAas,"Adyashanti - Be Still And Know","6m 20s","2007-06-26T02:18:54Z",true
ZhlOZDxgmwY,"Adyashanti - Surrender Or Suffer","5m 35s","2007-05-25T18:08:14Z",true
MsVImg6imX8,"Adyashanti & Loch Kelly - The Journey After Awakening","9m 32s","2007-05-03T00:35:38Z",true
lv9ggJiNFz4,"Adyashanti - Beyond The Personal Will","9m 43s","2007-05-01T22:46:50Z",true