"Video ID",Title,Length,Published
AfNNKVnB85I,"528 Hz Whole Body Regeneration for Positive Transformation & Physical Healing",5h,"2023-02-09T02:15:00Z"
ikoyuZtuLpM,"432 Hz Positive Transformation - Release Negative Energy for Physical and Emotional Healing",5h,"2023-02-07T02:15:02Z"
YPFCLtPxE84,"888 Hz Receive Infinite Abundance - Love, Wealth & Happiness",5h,"2023-02-02T02:15:02Z"
acIGXEsThx0,"741 Hz The Key to Spiritual & Emotional Detox, Deep Healing Binaural Beat Frequency",5h,"2023-01-31T02:15:00Z"
9YAgcYo4dV8,"741 Hz Removes Toxins and Negativity, Cleanse Aura & Awaken Spiritual Energy",5h,"2023-01-26T02:15:00Z"
6IkqwdcrCGQ,"417Hz REMOVE ALL THE NEGATIVE ENERGY - Binaural Beats Alpha Waves Frequency Music",5h,"2023-01-24T02:15:00Z"
"cU-7hFBcFqI","888 Hz Music: Attract Money, Prosperity, and Happiness!",5h,"2023-01-19T02:15:01Z"
vlLIGEBuMYc,"888 Hz Law of Attraction Music: Attract Anything You Want! Magnet to Abundance",5h,"2023-01-17T02:15:03Z"
sKHLpVdrEaA,"Divine Frequency Angel Music to Attract Your Guardian Angel, Remove All Negativity & Negative Energy",5h,"2023-01-10T02:15:02Z"
"XjpSI-VXark","888 Hz: Manifest Money, Attract Infinite Abundance with The Law of Attraction",5h,"2023-01-03T02:15:02Z"
l6GyXhzwEaM,"528 Hz Angel Code - The Master of Healing and Transformation",5h,"2022-12-27T02:15:02Z"
X_a0bayPXlU,"Elevate Your Vibration with this Positive Aura Cleanse! (As You Sleep)",5h,"2022-12-20T02:15:01Z"
l62jELPMdrw,"Remove All Negative Energy, Music to Manifest Miracles and Calm The Mind",5h,"2022-12-15T02:15:02Z"
HZP7g4VXkLI,"417 Hz Healing Music: Let go of mental blockages and remove negative energy!",5h,"2022-12-13T02:15:00Z"
dtHq3njToMg,"888 Hz , Sacred Geometry, Attract Infinite Abundance of Love and Wealth",5h,"2022-12-08T02:15:02Z"
wYZu7GwFM3M,"417 Hz, Remove ALL Negative Energy Within and Without, Eliminate Negativity",5h,"2022-12-06T02:15:01Z"
QtEqleEAbI4,"New Christmas Medley Mix 2022 - Christmas Songs You Can Relax To",5h,"2022-12-01T02:15:01Z"
iRxQFBs7rzE,"741 Hz Dissolve Toxins, Release Negative Energy and Raise Positive Vibrations",5h,"2022-11-29T02:15:02Z"
"3we1zTzqW-E","Christmas Sleeping Songs, Christmas Music Playlist for Sleep & Relaxation",5h,"2022-11-24T02:15:00Z"
BiOBdU9Br_c,"396 Hz POWERFUL Music - Release Blocked Energy & Let Go of Fear, Stress and Worries",5h,"2022-11-22T02:15:00Z"
jrUshAWd8tM,"Relaxing Christmas Playlist, Christmas Song Mix For Relaxation & Holiday Season Peace",5h,"2022-11-17T02:15:05Z"
GfwTGFcttVM,"888 Hz Frequency Manifestation, Master Of Abundance Music",5h,"2022-11-15T02:15:01Z"
VlRqMRnW7Cs,"Relaxing Christmas Songs & Christmas Music 2023, Heavenly Christmas Music Mix for Deep Relaxation",5h,"2022-11-10T02:15:00Z"
laH0p0NOM2Q,"528Hz Healing Music, Positive Energy Cleanse Frequency Binaural Beat Music",5h,"2022-11-08T02:15:01Z"
"-gA6q4n9s9k","888 Hz Sacred Geometry, Attract Infinite Abundance of Love & Wealth, Increase Positive Energy",5h,"2022-11-03T01:15:00Z"
hhqABdgr6PE,"Christmas Ambience, Heavenly Christmas Songs for Sleep & Relaxation, Joy To The World & More!",5h,"2022-11-01T01:15:00Z"
nsiAB5ZLS_Q,"Classic Christmas Songs, Instrumental Relaxing Christmas Music, Silent Night & More","5h 4m 15s","2022-10-27T01:15:02Z"
5zOAUOXyNbI,"432 Hz Miracle Tones Solfeggio Healing Frequencies, Powerful Healing Tones",5h,"2022-10-25T01:15:00Z"
Eu_HHTkoTEM,"432 Hz Manifest Miracles, Law of Attraction, Elevate Your Vibration",5h,"2022-10-20T01:15:00Z"
yES9dcLn3mo,"Calming Music For Sleep, 5 Hours Of Sleep Music for Falling Asleep Fast",5h,"2022-10-18T01:15:02Z"
3fp7uGqIkv8,"Remove Negative Energy,The ultimate relaxation music with Nature Sounds",5h,"2022-10-13T01:15:00Z"
VY8jW2EXubA,"Release Negative Energy. Aura Cleansing With Alpha Waves, Powerful Positive Music",5h,"2022-10-11T01:15:00Z"
"ahMD-5LH_EA","Sleeping Music For Deep Sleeping - Sleep Music For Calming The Mind",5h,"2022-10-06T01:15:00Z"
LnAjmhy1dTI,"Manifest Miracles Into Your Life & Elevate Your Vibration, Music to Manifest",5h,"2022-10-04T01:15:01Z"
MxNATfg80y8,"Fall Asleep Fast! Deep Peaceful Music for Sleeping & Insomnia",5h,"2022-09-29T01:15:00Z"
ej8TLGVaxNc,"Instant Relief Music for Body, Soul, Mind: Complete Restoration Music",5h,"2022-09-27T01:15:02Z"
6IENljzcegw,"Manifest Miracles & Release Negativity, Cleansing Positive Energy Music",5h,"2022-09-22T01:15:00Z"
"_ta8b-pE3YI","528 Hz Music for DNA Healing & Positive Transformation While You Sleep",5h,"2022-09-20T01:15:01Z"
LZ4lZm7L0nY,"Positive Relaxing Music With Healing Tones for Deep Rest & Positive Vibes",5h,"2022-09-15T01:15:01Z"
_6BmQpk_avo,"Clearing Negative Energy and Toxic Emotions, Reset For A New Day",5h,"2022-09-13T01:15:01Z"
o3qDmDx9QrM,"Deep Sleep Calming Music for Insomniacs & Stressful Minds",5h,"2022-09-08T01:15:01Z"
4Y6PqtAkuho,"Welcome back to Relax & Rejuvenate!","2m 36s","2022-09-07T01:15:01Z"
zE8CpSY_QRA,"Relax Deeply, Let Go Of Anxiety & Stress (Music for the Present Moment)",5h,"2022-09-06T01:15:02Z"
yrieWqWmB3s,"396 Hz, Destroy Unconscious Blockages and Negativity, Healing Frequency Solfeggio Music",5h,"2022-09-01T01:15:02Z"
38Vl9Fxapgo,"Beautiful Relaxing Water Healing Piano Music, Manifestation of Peace And Happiness",5h,"2022-08-30T01:15:00Z"
"Qw-Mj0ZLa18","POWERFUL! DEEP Relaxing Music, Finding Peace Within, Healing Mind, Body & Spirit",5h,"2022-08-25T01:15:00Z"
qepEAED9Hxc,"A Beautiful World DEEP Relax Music, Miracle Music for a Better, Positive Life",5h,"2022-08-23T01:15:00Z"
"a-GjwAN6Ahg","Happiness Frequency: Serotonin, Dopamine, Endorphin Feel Good Music To Release Negative Energy",5h,"2022-08-18T01:15:01Z"
tL1tG3nHD7o,"Manifest Miracles in The Moment, Deep Dive Relax and Rejuvenate",5h,"2022-08-16T01:15:01Z"
ToQYNYNo_FA,"Release Negativity and Cleanse House & Home Frequency Music, Remove Bad Energy",5h,"2022-08-11T01:15:01Z"
iFx9TAQQcEI,"Spiritual Detox + Cleansing Toxins Miracle Tone to Manifest Miracles",5h,"2022-08-09T01:15:01Z"
Y8VC8rDsqkI,"POWERFUL! 888Hz Abundance Gate, Remove All Negative Blockages To Wealth",5h,"2022-08-04T01:15:03Z"
T5iSqu5LK90,"Miracle Music, Expect the Unexpected, Everyday Miracles Will Start To Happen",5h,"2022-08-02T01:15:00Z"
utXxkydX6Yw,"888 Hz Abundance Music, Destroy ALL Negative Beliefs, Attract Abundance & Wealth",5h,"2022-07-28T01:15:01Z"
NXqrFbOFetE,"Manifest Miracles Instantly & Attract Your Hearts Desire, Elevate Your Vibration Frequency Healing",5h,"2022-07-26T01:15:00Z"
OB4OQI9UaCQ,"Remove All Negative Blockages, Manifest Anything You Desire & Release Negative Thoughts",5h,"2022-07-21T01:15:00Z"
ID_dHrpiVTM,"528hz | Awakening Your Higher Mind, Clearing the Aura of Negative Energies | Repairs DNA",5h,"2022-07-19T01:15:00Z"
aQxvlXRoA8o,"FALL INTO SLEEP INSTANTLY, Miracle Music to Reduce Anxiety and Help You Sleep",5h,"2022-07-14T01:15:01Z"
R7Z6SrDT4uc,"Reset and Renew, Raise Your Vibration, Positive Energy Bubble, Frequency Music",5h,"2022-07-12T01:15:01Z"
yyjJsisjbpo,"POWERFUL! Deep Relaxation Response In 1 minute 11 Seconds, Reset, Release & Relax Music",5h,"2022-07-07T01:15:03Z"
tspuAmJDx5Q,"Manifest Miracles I Attraction Frequency I Elevate Your Vibration",5h,"2022-07-05T01:15:04Z"
4BDT4tqCTqI,"Raise Your Vibration, Manifest Miracles While You Sleep",5h,"2022-06-30T01:15:00Z"
BHZlygdiyuA,"Deep Sleep Music - Attract Miracles While You Sleep",5h,"2022-06-28T01:15:00Z"
fcGuko82584,"Fall Asleep Fast, NO MORE Insomnia & Manifest Miracles, Black Screen After 15 minutes",5h,"2022-06-23T01:15:02Z"
RqpTCngs7RA,"Calming Sleep Music, Relaxing Music, Manifest Miracles While You Sleep",5h,"2022-06-21T01:15:00Z"
"T-IwvQBtva8","Reboot Positive Energy and Raise Positive Vibrations",5h,"2022-06-16T01:15:01Z"
t2NLoZcUreM,"Attract Love While You Sleep & Wake Up Happy Music",5h,"2022-06-14T01:15:01Z"
JJvTCvgnCS8,"Increases Your Positive Energy, Eliminate The Fears Of Your Subconscious",5h,"2022-06-09T01:15:00Z"
sw6RAmtH118,"Destroy Unconscious Blockages and Negativity, Reboot Positivity",5h,"2022-06-07T01:15:00Z"
S9q0eMQax_g,"Let Go Of Negative Energy, Positive Energy Frequency Music",5h,"2022-06-02T01:15:01Z"
xD2UI3T75BA,"Raise Positive Vibration With Positive Energy Frequency Music, Let Go Of ALL Negative Energy",5h,"2022-05-31T01:15:03Z"
sn_Dnh522bY,"Fall Asleep Fast â˜…ï¸Ž INSOMNIA Relief â˜…ï¸Ž Deep Sleep Music, Calm Night on a Secluded Island","3h 55m 27s","2022-05-28T17:00:32Z"
PyrMhR33dkY,"Remove Negative Energy and Raise Positive Vibration with Gentle Frequency Music",5h,"2022-05-26T01:15:00Z"
anIo_dm31V0,"[Try Listening for 3 Minutes] Fall Asleep Fast While Letting Go Of Negative Energy",5h,"2022-05-24T01:15:01Z"
5SO68oHQuUQ,"""UNBLOCK ALL 7 CHAKRAS"" 5 Hour Aura Cleansing & Balancing Chakra",5h,"2022-05-19T01:15:00Z"
X3rZfYE7aaQ,"Manifest Now & Attract Abundance, Money & Universal Prosperity",5h,"2022-05-17T01:15:01Z"
"9FonMj5-5qk","Manifest Anything You Desire, Set Your Intention (Music for Manifestation)",5h,"2022-05-12T01:15:00Z"
"f-oNtVICrh4","Remove All Negative Energy & Charge Yourself With Positive Energy (7 Chakra Healing)","3h 43m 9s","2022-05-10T01:15:01Z"
l_gFi4upHkw,"Raise Your Vibration, Manifest Miracles & Attract Positive Vibes",5h,"2022-05-05T01:15:00Z"
"2-ybKJ_a_OM","Calming An Overactive Mind: Let Go Of All Negativity",5h,"2022-05-03T01:15:00Z"
VlTj6GFM7vU,"FALL INTO SLEEP INSTANTLY â˜…ï¸Ž Relaxing Music to Reduce Anxiety and Help You Sleep â˜…ï¸Ž Meditation","3h 53m 49s","2022-04-28T17:00:17Z"
d1aLY_dSrDs,"Shifting Realities, Quantum Jumping Portal, Music Manifesting Change",5h,"2022-04-28T01:15:01Z"
"eOvOJVCm-aw","Raise Positive Vibrations: Music to Absorb Positive Energy And Release ALL Negativity",5h,"2022-04-26T01:15:01Z"
GLYMnLHsZYU,"Positive Aura Cleanse Chakra Healing, Remove ALL Negative Energy",5h,"2022-04-21T01:15:00Z"
j_7yVEnMOSY,"Angelic Music to Attract Your Guardian Angel & Remove All Negativity",5h,"2022-04-19T01:15:01Z"
OK05m7SZM4I,"Remove All Negative Energy & Attract Positivity + Luck + Abundance",5h,"2022-04-14T01:15:00Z"
jJKe85XKILU,"Raise Your Vibration & Positive Energy Boost, Cleansing Negative Energy",5h,"2022-04-12T01:15:02Z"
w9pnfp3KVEA,"Reboot POSITIVE Energy & Remove Subconscious Fears, Worries & Anxiety: 396 Hz",5h,"2022-04-07T01:15:24Z"
4V_tU4syjSw,"Remove All Negative Energy and & Magnify Positive Energy",5h,"2022-04-05T01:15:08Z"
1Z2FDioDCR8,"Absorb Positive Energy, Music to Activate Intuition And The Higher Self, Releasing All Negativity",5h,"2022-03-31T01:15:00Z"
gyBvqDxcvmI,"Remove All Negative Energy, Tibetan Healing Sounds for Positive Energy",5h,"2022-03-29T01:15:01Z"
"BJtVbfzCt-k","""Boost Your Aura"" Attract Positive Energy and Let Go Of Negativity",5h,"2022-03-24T01:15:00Z"
T11Vcd7bCho,"Angelic Music to Sleep, Archangel Michael Clearing All Dark Energy From Your Aura",5h,"2022-03-22T01:15:01Z"
VIwDQzWJxHM,"Third Eye Activation, Destroys Unconscious Blockages And Negativity for The Third Eye Chakra",5h,"2022-03-17T01:15:01Z"
AgI6BHo_M9I,"963 Hz ANGELIC CODE For Divine Healing & Manifesting Miracles",8h,"2022-03-15T01:15:00Z"
56MOqsfjORw,"Remove ALL Negative Energy In and Around You & Cleanse Toxic Emotions",5h,"2022-03-10T01:15:00Z"
"9UYYcbMn-s0","Shifting Realities, Sleep and Wake up in Your New Reality, Possibilities Are Endless",5h,"2022-03-08T02:15:00Z"
"-XXRbd8XKgU","Opens All the Ways | Attracts Abundance | Money | Universal Prosperity | Richness and Fullness",5h,"2022-03-03T22:00:00Z"
"LKr-0b39pdE","Root Chakra Healing Music - Let Go Worries, Anxiety, Fear & Unblock Root Chakra",5h,"2022-03-03T02:15:01Z"
"y17Zf-sfF_s","Attract Love While You Sleep And Wake Up Happy, Twin Flame Soul Connection",5h,"2022-03-01T02:15:01Z"
4rFtlpTwPFk,"Connect With the Universe, Cell Regeneration DNA Repair & Attract Positive Energy",5h,"2022-02-24T02:15:00Z"
sM0tHA1q4Bc,"Release Inner Conflict and Struggle for Greater Energy & Deeper Peace",5h,"2022-02-22T02:15:01Z"
UtUvjqNIpKw,"432Hz, Whole Body Regeneration, For Physical , Spiritual and Emotional Wellbeing",5h,"2022-02-17T02:15:02Z"
O7y3fjHH5o0,"Release Negativity and Attract Positive Energy: Beautiful Relaxing Music for the Heart chakra",5h,"2022-02-15T02:15:00Z"
"PhbB6r2KI-U","888 Hz Sacred Geometry Abundance Gate, Connection With Source, Wealth Mastery",5h,"2022-02-10T02:15:01Z"
dLWKWgK4P4w,"UNBLOCK ALL 7 CHAKRAS, 5 Hour Deep Sleep Meditation, All 7 Chakras Align, Restore & Aura Cleansing",5h,"2022-02-08T02:15:01Z"
PoRNCp52org,"Remove All Negative Energy, Attract Positivity + Luck + Abundance, Angelic Music","3h 14m 49s","2022-02-06T17:00:11Z"
pHRLXYLoAwA,"Happiness Frequency To Restore Energy, Serotonin Dopamine levels & Release Negative Energy",5h,"2022-02-03T02:15:03Z"
"-cXRCS0Kmyg","Release Inner Conflict and Struggle, Greater Vital Energy, Anti-Anxiety, Deep Peace","3h 27m 30s","2022-02-01T17:00:00Z"
"O1Mxh3-5Sso","888 Hz Sacred Geometry | Attract Infinite Abundance of Love and Money & Wealth Creation",5h,"2022-02-01T02:15:00Z"
4EcuOAdx3_c,"Boost Your Aura, Attract Positive Energy, All 7 Chakras Balance, Sound Bath",5h,"2022-01-27T02:15:00Z"
sW_531ZLmRE,"963Hz, Activate the Pineal Gland | Heart Chakra Healing & Balance",5h,"2022-01-25T02:15:00Z"
"Teii2-cIqAI","Connect With the Universe, Absorb Cosmic Energy, Pure Sounds Attract Positive Energy","3h 21m 56s","2022-01-24T17:00:17Z"
Nhcjt90caNI,"741 Hz, Removes All Negative Blocks, OM Chanting Primal Breath, (AUM)",5h,"2022-01-20T02:15:00Z"
gk_ttIQ25X0,"888 Hz Abundance Gate, Attract Health, Wealth, Vitality In Infinite Abundance",5h,"2022-01-18T02:15:02Z"
rouGfHrm8Xo,"Remove All Negative Energy, Raise Your Vibration, Ancient Deep Healing Music, 48 Khz",5h,"2022-01-13T02:15:01Z"
IN2JJKk_hAI,"528 hz Brings Positive Transformation, Remove All Negative Energy, Chakra Sound Bath",5h,"2022-01-11T02:15:01Z"
"x-Ru5U3xZcQ","528 Hz, Bring Positive Transformation, Release Negative Energy, BOOST your Positivity",5h,"2022-01-05T01:58:22Z"
7Eeygs4cDtg,"Manifest Miracles, Calm The Mind, Release Stressors and Remove Negative Blocks",5h,"2022-01-04T02:15:00Z"
GcVw8QlGGoM,"Attract Love While You Sleep And Wake Up Happy, Attract Love + Increase Positive Energy","6h 6m 12s","2021-12-30T17:00:11Z"
TfRfHI32Qu4,"Open Third Eye, Pineal Gland Activation, Third Eye Chakra Opening, Raise Positive Energy",8h,"2021-12-28T02:15:00Z"
f40PhG9vuWU,"Raise Your Vibration, Manifest Miracles and Elevate Your Frequency, Let Go Of Negativity","5h 6m 11s","2021-12-23T02:15:02Z"
uafUK58XRrw,"Balance Chakras While Sleeping, All 7 Chakra Aura Cleansing, 48 Khz Deep Sleep",5h,"2021-12-21T02:15:02Z"
XGP_VWQnxRg,"777 Hz ANGELIC CODE, Repairs DNA Healing Code, Manifest Miracles, Release Negative Energy","6h 3m 48s","2021-12-16T17:00:32Z"
KpQF7Zv5kzc,"Remove ALL Negative Energy, Boost Your Aura, Divine Energy Healing 48 Khz Frequency",5h,"2021-12-16T02:15:00Z"
ZM9n4EKZPiI,"Boost Your Aura, Attract Positive Energy, Positive Energy Cleanse 7 Chakra Balancing",5h,"2021-12-14T02:15:00Z"
6fv9vFTQQ5U,"432Hz - Whole Body Regeneration - Full Body Healing | Emotional & Physical Healing","5h 50m 35s","2021-12-11T17:00:03Z"
9_hMUQMyJfs,"Angelic Music to Attract Your Guardian Angel, Remove All Difficulties, Spiritual Protection","12h 5m 17s","2021-12-10T15:00:02Z"
YY3PPim4l1c,"UNBLOCK ALL 7 CHAKRAS, 5 Hour Deep Sleep Meditation: Aura Cleansing, Inner Treasure",5h,"2021-12-09T02:15:00Z"
OKn1JzRkbFo,"Heart Chakra Healing Music, Attract Love, Anahata Chakra Meditation, Love Is The Unity",5h,"2021-12-07T02:15:00Z"
wd4OPY4UjJM,"Archangel Michael Clearing All Dark Energy From Your Aura With Alpha Waves, Archangel Healing Music","12h 18s","2021-12-05T15:00:27Z"
FjtTsgzMoTY,"Release Toxic Emotions, 333Hz Eliminate Toxins, Abundance Gate Awakening",5h,"2021-12-02T02:15:00Z"
YbHkGE8srBY,"Elevate Positive Energy Vibrations, Forest Dreams, Lift Your Spirit",5h,"2021-11-30T02:15:01Z"
kwHmZ8Xl8WA,"Emotional & Spiritual Detox, Crown Chakra Healing Soundbath Sounds",5h,"2021-11-25T02:15:01Z"
ixWEe6XeQTY,"Remove All Negative Energy, Wipe Out Negativity and Balance All 7 Chakras",5h,"2021-11-23T02:15:00Z"
"Louqtqoq-5g","Spiritual Reset, Crown Chakra Activation, Open the Crown Chakra, Spiritual Awakening Music",5h,"2021-11-18T02:15:01Z"
wHiNrTl6yUI,"Kundalini Rising, Root Chakra to Crown Chakra Cleansing, Balance All 7 Chakras",5h,"2021-11-16T02:15:01Z"
fOnSnVkabNo,"528 hz, Powerful Sound of Love, Activates Heart Chakra, Balance Heart Chakra",5h,"2021-11-11T02:15:01Z"
3B7mXec4QZI,"MÃºsica Que Aumenta Tu EnergÃ­a Positiva, Eliminar Los Miedos De Tu Subconsciente, MeditaciÃ³n O Dormir","3h 29m 33s","2021-11-10T15:00:00Z"
GIrsg8oo3cY,"888 Hz Build Dopamine, Serotonin Release Frequency, Crown Chakra Opening & Expansion",5h,"2021-11-09T02:15:00Z"
W3DS1vOLq5g,"Manifest Miracles, BOOST Positive Energy, MIND & BODY Healing Music",5h,"2021-11-04T01:15:01Z"
eCXu8w0Glu8,"Shifting Reality, 777 Hz, Let Go Of Negative Energy, DEEP, Positive Vibrational Frequency Music",5h,"2021-11-02T01:15:01Z"
P39Zv8lH7Lo,"All 7 Chakras, Release Negative Energy and Emotions, Drift Towards Positive Energy",5h,"2021-10-28T01:15:01Z"
YTBgVa4ilIk,"Fall Asleep Fast â˜…ï¸Ž INSOMNIA Relief â˜…ï¸Ž Deep Sleep Music, Dark Screen","11h 11m 11s","2021-10-28T01:00:04Z"
"V23Aqvrn3-0","Root Chakra Alignment, Let Go Of Negative Energy, Remove Fear & Anxiety, Calming Music",5h,"2021-10-26T01:15:00Z"
hpxT0jdqIRQ,"963 Hz, 639 Hz, 396 Hz Open the Heart Chakra, DEEP Healing Frequency for Letting Go",5h,"2021-10-21T01:15:01Z"
DKq2ZrTQ904,"528 Hz The Love Frequency, Heal The Past & Manifest Love and Harmony",5h,"2021-10-19T01:15:00Z"
pTKQRBzWi7o,"432Hz, The DEEPEST Healing, Let Go Of All Negative Energy, Angelic Frequency Music",5h,"2021-10-14T01:15:02Z"
aGchi1MZbDU,"852 Hz, LET GO of Fear, Overthinking & Worries, Release Destructive Thoughts, Positive Vibes",5h,"2021-10-12T01:15:00Z"
fNRjEk_coR8,"ActivaciÃ³n del Tercer Ojo â€¢ Destruye Bloqueos Inconscientes y Negatividad â€¢ Tercer Ojo Abierto","6h 17m 6s","2021-10-10T15:00:17Z"
RgZQ2QnYipk,"741 Hz, Dissolve toxins, Release Negative Emotions, Cleanse Negative Energy Detox",5h,"2021-10-07T01:15:00Z"
S_01D3fKxYU,"Shifting Realities Happiness Frequency, Elevated Fractal Nature, Dopamine Lift",5h,"2021-10-05T01:15:03Z"
"9e-IiLR-Xr0","888 Hz | Sacred Geometry | Attract Infinite Abundance of Love and Money | Connection with the Source","5h 25m","2021-10-01T21:43:31Z"
nebTnIrCHWk,"Raise Your Vibration, Clear Negative Energy, Raising Consciousness & Positive Vibrations",5h,"2021-09-30T01:15:04Z"
"429-yIjtBXs","Let Go Of Negative Energy, Emotional Release & Raise Your Vibration",5h,"2021-09-28T01:15:00Z"
"zZOm0-kKZ-o","Remove ALL Negative Energy, Chakra Balance: Purify & Release Negative Emotions",5h,"2021-09-23T01:15:01Z"
qpn0PV2TE3A,"888 Hz Angel Number, No Coincidences You've Arrived Here, Positive Abundance Mindset",5h,"2021-09-21T01:15:01Z"
O04Fpz_txW4,"ALL 7 CHAKRAS HEALING MUSIC, Full Body Aura Cleanse, Kundalini Awakening",5h,"2021-09-16T01:15:01Z"
chydIUko09w,"Music to Cleanse Aura and Align the Chakras While You Sleep, All 7 Chakra Balance","5h 1s","2021-09-14T01:15:02Z"
6tlcUOZkq7k,"Heart Chakra, Attracting Love, Anahata Chakra Meditation Music",5h,"2021-09-13T02:10:54Z"
5Zblbcu2iDk,"Balance Chakras While Sleeping, Let Go of Negativity, All 7 Chakras Aura Cleansing",5h,"2021-09-09T01:15:00Z"
MaVZQuULtJc,"All 7 Chakras Full Body Healing, Chakra Meditation, Full Body Aura Cleanse",5h,"2021-09-08T22:59:47Z"
QJMtV6qkpOQ,"OM Chanting (Aum), 417 Hz Music, Releasing Negative Energy and Blockages",5h,"2021-09-07T01:15:00Z"
aXw8FxU9YPQ,"Shifting Realities, 888 Hz, Sleep and Wake up in Your Desired Reality, Infinite Possibilities",5h,"2021-09-02T01:15:00Z"
JGjNuF5zNgw,"Music to Heal While You Sleep, Dissolve Negative Emotions & Wake Up Happy",5h,"2021-08-31T01:15:00Z"
nLGK7su59H8,"Aura Cleansing Sleep Meditation: 7 Chakras cleansing aura music, sleep meditation",5h,"2021-08-27T01:13:08Z"
pEQ8a7bRTLw,"Raise Your Vibration & Elevate Your Frequency While You Sleep, Positive Aura Cleanse",5h,"2021-08-26T01:15:02Z"
YHMzY0ZUnJc,"POWERFUL Music To Remove Negative Energy From Home, Release Subconscious Blockages","4h 15m 41s","2021-08-24T01:15:01Z"
SlO4w1jTwpM,"Balance Chakras While Sleeping, Aura Cleansing, Release Negative Energy, 7 Chakras Healing",5h,"2021-08-19T01:15:03Z"
M98igNsRxnQ,"Aura Cleansing Sleep Meditation: All 7 Chakras Deep Healing & Cleansing Gentle Healing Music",5h,"2021-08-17T01:15:00Z"
3_7Fwm3qo6c,"Ancient Healing Frequency, 7 Chakra Healing, Cleanse Negative Energy, Release Negative Thoughts",5h,"2021-08-12T01:15:00Z"
"CfwndHm-8ro","528 Hz Deep Healing Music, Repairs & Heals on DNA Level, Energetic Healing DNA Repair",5h,"2021-08-10T01:15:01Z"
2RC_jkdBKh4,"Aura Cleansing Sleep Meditation: 7 Chakras Balance While You Are Sleeping",5h,"2021-08-05T01:15:00Z"
"4hkb-4f45tE","Pure Clean Positive Energy Vibration, Chakra Healing Music To Raise Dopamine Levels",5h,"2021-08-03T01:15:00Z"
8Rez4mU3VgQ,"Music to Unlock the Root Chakra, Remove Fear, Anxiety & Insecurity, Muladhara Chakra",5h,"2021-07-29T01:15:01Z"
4kGVjOrGhx0,"ALL 7 CHAKRAS HEALING MUSIC, Aura Cleanse & Boost Positive Energy, Release Negativity",5h,"2021-07-27T01:15:00Z"
"Zsar5xtJ-is","All Natural High, Serotonin Vibes, Clearing Subconscious Negativity, Positive Endorphin Meditation",5h,"2021-07-22T01:15:00Z"
w_Aplrn7UNg,"Full Night All 7 Chakras Opening, Balance and Chakra Healing Music, Align Body Mind & Spirit",8h,"2021-07-20T01:15:03Z"
"dnop-rXFSfs","""Boost Your Aura"" Attract Positive Energy Meditation Music, All 7 Chakra Balancing Music",5h,"2021-07-15T01:15:00Z"
kxgp_l278js,"*POWERFUL* MUSIC TO REMOVE NEGATIVE ENERGY From Home, Positive Healing Vibrations",5h,"2021-07-13T01:15:01Z"
DOr9AT8AkL4,"Positive Aura Cleanse Chakra Healing, Beautiful Music to Raise Your Vibration While Sleeping",5h,"2021-07-08T01:15:01Z"
zTL49DDlM9w,"Balance Chakras While Sleeping, Aura Cleansing, Release All Negative Energy",5h,"2021-07-06T01:15:02Z"
SHxiMa0P9ok,"Stop Overthinking - Slow Down An Overactive Mind, Calm Down, Transformation Meditation Music",5h,"2021-07-01T01:15:01Z"
ZoDEL5cL7PY,"The DEEPEST Chakra Healing Music, Delta Brain Waves for Healing, Transformation, Rest",5h,"2021-06-29T01:15:00Z"
"Zxt-R4l6yYg","Let Go of Negative Energy, Release, Cleanse Your Vibration, Chakra Healing Music",5h,"2021-06-24T01:15:00Z"
tzEdQaHEoVQ,"852 Hz, LET GO of Fear, Overthinking & Worries, Cleanse Destructive Energy, Raise Your Vibration",5h,"2021-06-22T01:15:01Z"
dPxyFtEovzQ,"741 hz Removes Toxins and Negativity, Cleanse Aura, Balance All 7 Chakras",5h,"2021-06-17T01:15:00Z"
"ph2-D_3rBF4","639 Hz, Attract Love, Raise Positive Energy, Positive Aura Chakra Cleanse Music",5h,"2021-06-15T01:15:01Z"
aumWoTTmbQk,"Reprogram Your Mind, 528 Hz Sleep, Place Your Order of Abundance, Manifestation Music",5h,"2021-06-10T01:15:00Z"
D1xAHlkh0_A,"Manifest Miracles, Attraction 432 Hz , Elevate Your Vibrations, Manifest Music",5h,"2021-06-08T01:15:00Z"
HqOQn97KhiU,"888Hz Abundance Gate, Abundance & Wealth Generator, Remove All Limitations",5h,"2021-06-03T01:15:01Z"
GC4cUwWmcig,"Happiness Frequency: Serotonin, Dopamine, Endorphin Release Music, Raise Positive Vibrations",5h,"2021-06-01T01:15:01Z"
"-j9bg6Unh98","639 Hz, Attract Love, Raise Positive Energy, Positive Aura Chakra Healing Music",5h,"2021-05-27T01:15:00Z"
QD3E6catfKQ,"432 Hz Grounding Root Chakra Healing Music, Sleep Chakra Balance and Alignment Meditation",5h,"2021-05-25T01:15:01Z"
tm4VzJ0O5ek,"777Hz, Attract Positivity + Luck + Abundance , Powerful 432 Hz + 777 Hz for Angelic Healing",5h,"2021-05-20T01:15:01Z"
aWeEhFCbUrI,"Chakra Healing, Build Self Confidence, Remove Self Doubt, Solar Plexus Chakra Alignment",5h,"2021-05-18T01:15:00Z"
qpreVn80ick,"417 Hz REMOVE ALL THE NEGATIVE ENERGY In and Around You, Raise Positive Vibration",5h,"2021-05-13T01:15:03Z"
Uo1_s_heKcY,"396 Hz Miracle Tone, Let Go FEAR & GUILT, Remove Negative Blocks, Raise Positive Vibration",5h,"2021-05-11T01:15:01Z"
BwKlFfaY_9w,"432 Hz Miracle Tone - Raise Positive Vibrations, Healing Frequency 432hz, Angelic Realms",5h,"2021-05-06T01:15:01Z"
"sNhD-Zss7OU","Remove Mental Blockages & Subconscious Negativity, Dissolve Negative Patterns, Calm The Mind",5h,"2021-05-04T01:15:01Z"
guVijeFinOE,"Manifest Miracles I Attraction 432 Hz I Balance Chakras While Sleeping",5h,"2021-04-29T01:15:01Z"
"Q58b-0fYyB0","Remove All Negative Blockages, Release Fear and Toxic Emotions, Inner Peace Music",5h,"2021-04-27T01:15:00Z"
"zCM2U-PomnE","528 Hz Positive Transformation, Emotional Healing, Destroy Unconscious Blockages & Fear",5h,"2021-04-22T01:15:01Z"
Vssqi86vImM,"888 Hz Abundance Gate, Remove All Toxic Emotions, Attract Luck, Abundance & Wellbeing",5h,"2021-04-20T01:15:00Z"
"-gCEOyjWvBM","Manifest Miracles, Angelic Healing Music For Miracles and Positive Transformation",5h,"2021-04-15T01:15:00Z"
m79siKILI3A,"432 Hz Miracle Tone, Raise Positive Vibrations, Beautiful Frequency Energy Boost",5h,"2021-04-13T01:15:01Z"
Z4LUueRQTuo,"Release Inner Conflict and Struggle, Greater Vital Energy, Deep Cellular Cleansing Music",5h,"2021-04-08T01:15:00Z"
uDzvjxr7bgM,"528 Hz Positive Transformation, Emotional & Physical Healing, Release Negative Energy",5h,"2021-04-06T02:15:01Z"
Jff7hkZqzvY,"888Hz Abundance Gate, Remove All Negative Blockages, Boundless Abundance",5h,"2021-04-01T01:15:00Z"
CbTAEP3hXt8,"Balance Chakras While Sleeping, Release Toxic Emotions & Negative Energy 417 Hz",5h,"2021-03-30T01:15:00Z"
"Lle-Sx-LSCk","Remove Negative Blocks, HEALING MUSIC Waves, Transformation & Miracles, Deep Relax",5h,"2021-03-25T01:15:00Z"
u0Kdph8cxAI,"Positive Aura Cleanse Chakra Healing, Remove Mental Blocks, Solfeggio Frequency 432 Hz",5h,"2021-03-23T01:15:00Z"
_LCyHPK7luk,"Manifest Miracles I Attraction 432 Hz I Elevate Your Vibration | Chakra Healing",5h,"2021-03-18T01:15:01Z"
ViN1ojoJBl8,"ALL 7 CHAKRAS HEALING MUSIC, Remove All Negative Blockages & Manifest Miracles","6h 55s","2021-03-16T01:15:01Z"
IT0O92JmL_A,"528 Hz Positive Transformation, Regenerates & Repairs DNA, Emotional & Physical Healing",5h,"2021-03-11T02:15:00Z"
OZsCbvudXJ0,"888Hz Abundance Gate, Release Toxic Energy Meditation, 888 hz Infinite Abundance, Love & Wealth",5h,"2021-03-09T02:15:00Z"
vl24IkervD0,"432 Hz Let Go Of All Negative Energy | Deep Healing | Healing Meditation Music 432Hz",5h,"2021-03-04T02:15:01Z"
lBm__4sjfuU,"Happiness Frequency: Serotonin, Dopamine, Endorphin Release, Eliminate Toxins, Clear Negativity",8h,"2021-03-02T02:15:01Z"
38UagyGUWqo,"Manifest Miracles | Attraction Laws | Elevate Your Consciousness",5h,"2021-02-25T02:15:00Z"
"dKuSFqohF-w","Balance Chakras While Sleeping, Aura Cleansing and Purifying, Release Negative Emotions",5h,"2021-02-23T02:15:00Z"
chuL7VlCZtI,"Remove All Negative Blockages, Manifest Anything You Desire & Release Pent Up Emotions",5h,"2021-02-18T02:15:00Z"
"DWbB-79OakQ","Manifest Miracles, Let Go of Negativity & Calm The Mind, Deep Transformational Music",5h,"2021-02-16T02:15:00Z"
"fYQ-ztzanPg","888 Hz POWERFUL INFINITY Frequency Music, Release Negative Thoughts & Emotions",5h,"2021-02-11T02:15:00Z"
KCRDF5DFUp0,"888 Hz + 555 Hz, POWERFUL!!! Golden Aura Abundance Gate Chakra Healing Music",5h,"2021-02-09T02:15:01Z"
wxfNc5m5u18,"432 Hz, Let Go of Negative Energy, Remove All Negative Blockages Frequency Music",5h,"2021-02-04T02:15:00Z"
kZx2MTpQFgc,"Manifest Miracles I Attraction 432 Hz I Elevate Your Frequency",5h,"2021-02-02T02:15:01Z"
mT4EB3fQ9lg,"888Hz 88Hz 8Hz Abundance Pyramid | Gate to Wealth & Prosperity Endorphin Release Meditation Music","3h 33m 33s","2021-01-31T14:30:09Z"
yD6dpHRvPXA,"777Hz ã€‹Attract Positivity + Luck + Abundance ã€‹Powerful Healing Energy ã€‹Angelic Frequency #Jellyfish","7h 7m 7s","2021-01-29T06:01:45Z"
4pwsjR5MFFo,"3 Hour Soothing Headache, Migraine, Eases Tension, Pain & Stress Relief Frequency Music",3h,"2021-01-28T02:15:01Z"
Ir0IaOarEH8,"528 Hz, Release Personal Power, Clears Negativity, Solar Plexus Balance & Align",5h,"2021-01-26T02:15:02Z"
oFuNLOuEG_8,"888Hz, Boundless Abundance Meditation Music, Amplify Wealth, Prosperity & Finances",5h,"2021-01-21T02:15:04Z"
xecukJDAPcw,"[Try Listening for 3 Minutes] - Open Third Eye - Pineal Gland Activation - Meditation Music","4h 1s","2021-01-19T15:00:33Z"
m3W1Bx1EYME,"528 Hz Miracle Music for Night Dreaming, Clear Away Negative Energy",5h,"2021-01-19T02:15:00Z"
WVKZD8fQvR8,"Shifting realities subliminal | just sleep and wake up in your desired reality!",4h,"2021-01-16T20:00:03Z"
xE5YUhY54nQ,"Relaxing Piano Music: Sleep Music, Water Sounds, Healing Chakra Music",5h,"2021-01-14T02:15:03Z"
59Q0tXTSzmE,"639 Hz PURE POSITIVE LOVE ENERGY, Manifest Miracles Healing Music",5h,"2021-01-12T02:15:00Z"
4dNTyI14f2E,"ALL 7 CHAKRAS HEALING MUSIC, Full Body Aura Reboot, Balance & Align Meditation Music","8h 7m 53s","2021-01-07T02:15:00Z"
x_bKPmxzplI,"Serotonin Frequency Music, Planetary Healing, Let Go Of Negative Energy, Feel Good Vibes (555 Hz)",5h,"2021-01-05T02:15:04Z"
mPnOle7ywDE,"852 Hz - LET GO of Fear, Overthinking & Worries | Cleanse Negative Energy",5h,"2020-12-24T02:15:02Z"
U5MEKhzUimg,"Manifest Miracles While Sleeping, Elevate Your Vibration & Release Toxic Emotions",5h,"2020-12-22T02:15:00Z"
8y36Wf6fTVU,"Manifest Miracles, Calm The Mind, Remove All Negative Blocks & Release Stressors",5h,"2020-12-17T02:15:01Z"
WzWWhxCejeQ,"888 hz | Golden Flower of Abundance | Attract Luck and Prosperity | Law of Attraction",5h,"2020-12-16T20:25:26Z"
zJI3TeRmDfM,"528 Hz ANGELIC CODE, Repairs DNA Healing Code, Manifest Miracles, Release Negative Energy",5h,"2020-12-15T02:15:00Z"
HLkZXUHLrUk,"888Hz Abundance Gate, Manifest Miracles NOW, Release Negative Energy, Regain Clarity, Purpose",5h,"2020-12-10T02:15:00Z"
hQuZTCv6kII,"Aura Cleansing, Purifying Healing Music, Release Negativity & Toxic Emotions (Piano & Waves)",5h,"2020-12-08T02:15:01Z"
DJeNKwt_p2I,"Remove Negative Blocks, HEALING MUSIC Waves, Transformation & Miracles, Piano Music with Harp",5h,"2020-12-03T02:15:00Z"
rlK_vavfb7Y,"Manifest Miracles, The ANGELIC CODE, Release Toxic Emotions Healing Music",5h,"2020-12-01T02:15:00Z"
pSXgXAqomMY,"963Hz + 639Hz + 396Hz Open Up to the Universe | Heart Chakra & Let Go | Healing Meditation Music","1h 11m 11s","2020-11-30T15:00:08Z"
FnDzF5H5bkk,"MÃºsica para Limpiar el Aura y Alinear los Chakras Mientras Duermes | Musica Relajante Para Dormir","6h 6m 6s","2020-11-28T17:00:04Z"
3gz3rYzqHyM,"Happiness Frequency, Serotonin, Dopamine, Endorphin Release Music 693 Hz",5h,"2020-11-26T02:15:00Z"
"iZ-KBRtfymI","777Hz Infinite Healing Golden Wave, Positive Energy to Remove Negative Blockages",5h,"2020-11-24T02:15:03Z"
QhtSZOVX0pc,"Remove All Negative Energy, 444 Hz Music to Connect with Abundance & Positive Energy + 111 Hz",5h,"2020-11-19T02:15:00Z"
1q3yJHuUzsI,"Balance Chakras While Sleeping, Aura Cleansing Waves to Remove Negative Energy",5h,"2020-11-17T02:15:00Z"
UllduL1OqOc,"Full Night All 7 Chakras Opening, Balancing & Healing | 7 Chakra 432Hz Sleep Music & Meditation","7h 7m 7s","2020-11-15T14:00:08Z"
BlSbq3VJcPY,"Manifest Miracles & Release Negativity, Emotional Physical & Healing Music, Reiki Healing.",5h,"2020-11-12T02:15:01Z"
9OD8i1PUyT8,"Remove All Negative Blockages, Aura Cleansing & Purifying Healing Rainfall Music, Release Negativity",5h,"2020-11-10T02:15:00Z"
GxDYUdFMf5Q,"888Hz Abundance Gate, Remove All Negative Blockages, 888 Hz Infinite Abundance, Love & Wealth",5h,"2020-11-05T02:15:00Z"
nsskQcOQcYs,"Remove Negative Energy, Happiness Frequency to Release Toxic Energies, 693 Hz Healing",5h,"2020-11-03T02:15:01Z"
w6kSrkJgtwE,"Beautiful Relaxing Sleep Music for Stress Relief, Remove All Negative Energy, Calm The Mind",5h,"2020-10-29T01:15:01Z"
oG14T5tFuEI,"Deep Healing Energy | 528Hz Ancient Frequency | Remove Negative Energy | Transformation Music","5h 31s","2020-10-27T01:15:00Z"
hC3nLRwQAww,"Manifest Miracles, Attraction of Positive Happiness & Healing Good Vibes, Release all Negativity",5h,"2020-10-22T01:15:00Z"
W5jsLrK3PPs,"432 Hz Music, Balance Chakras While Sleeping, Cleansing and Purifying, Ganesha",5h,"2020-10-20T01:15:01Z"
vaTwH9yhW5c,"432 Hz Music, Bring Positive Transformation, Cleanse Negative Energy, Elevate Your Vibration",5h,"2020-10-15T01:15:02Z"
cTwD6A3O548,"Remove Negative Energy, Release HAPPINESS, Serotonin Release, Dopamine, LOVE",5h,"2020-10-13T01:15:00Z"
"a24-QGiegXw","Balance Chakras While Sleeping, Peaceful Healing Piano for Deep Healing & Pain Relief",5h,"2020-10-08T01:15:00Z"
xsjQLKCoKZo,"""UNBLOCK ALL 7 CHAKRAS"" Happiness Frequency of Peace, Music to Calm, Heal and Relieve Stress",5h,"2020-10-06T01:15:01Z"
"1ExGomlO1-k","Remove Negative Blockages, Manifest Miracles and Release Mental Blockages ""The Field""",5h,"2020-10-01T01:15:00Z"
w8Z_YjVTwz4,"Attract Abundance of Money Prosperity Luck & Wealth, Bring About Good, Powerful Vibes",5h,"2020-09-29T01:15:01Z"
BjWsQJyt00E,"Happiness Frequency, All 7 Chakras Healing, Manifest Miracles Healing Frequency 963 Hz",5h,"2020-09-24T01:15:00Z"
yGwjx6l0PJU,"Regenerative Spiritual Reset, 111 Hz, 528 Hz, Releases Toxic Negativity, Heals Body and Mind",5h,"2020-09-22T01:15:01Z"
FfVtmdPpeRI,"Manifest Miracles, Attraction 432 Hz, Unblock All Chakras, 432 Hz Brainwave Entrainment",5h,"2020-09-17T01:15:00Z"
"fmqFkge-HpQ","528 Hz Music, Bring Positive Transformation, Repair DNA Cell Regeneration, Sleep (with Black Screen)",5h,"2020-09-15T01:15:01Z"
"PDzA-t9p_VI","Release Negative Energy, Calming Music for Releasing Toxic Emotions, Stay Positive",5h,"2020-09-10T01:15:01Z"
5dDTP91uFwA,"852 Hz Love Frequency, Raise Your Energy Vibration, Release Negative Energy Beautiful Music",5h,"2020-09-03T01:15:00Z"
lL4njS3tcVY,"Happiness Frequency: Serotonin, Dopamine, Deep Healing 10.25 HZ, ALPHA, 349.23 hz","3h 1s","2020-09-01T01:15:01Z"
"c3-l-uQkNKg","POWERFUL 432 Hz, Deep Healing Chakra Music, Hang Drum, Balancing, Healing All 7 Chakras",5h,"2020-08-27T01:15:01Z"
aZI0KhZLAvU,"Powerful Detox Music, 528Hz Cleansing Energy, Release Negativity, A New Life",5h,"2020-08-25T01:15:01Z"
Oy_yE0Y8ZP0,"Destroy Unconscious Blockages and Negativity, 417 Hz Gregorian Hymns, Removes All Negative Blocks",5h,"2020-08-20T01:15:00Z"
HYmVr6uCARo,"Balance Chakras While Sleeping, Aura Cleansing & Purifying, ALL 7 Chakras Deep Meditation",5h,"2020-08-18T01:15:01Z"
"wYkRst-HabA","528Hz Release Inner Conflict & Struggle, Anti Anxiety Cleanse, Release Worry, Anxiety",5h,"2020-08-13T01:15:01Z"
WEGVuH8JcN4,"Remove All Negative Blockages, Manifest Anything You Desire & Release Negative Energy",5h,"2020-08-11T01:15:00Z"
"_B_3pocfS-c","Jason Stephenson - Chakra Healing Music Live Stream",livestream,"2020-08-09T12:44:22Z"
3nM8TLXKjwc,"Beautiful Relaxing Sleep Music for Stress Relief â€¢ Calm The Mind, Meditate, Study, Yoga (Flying)","2h 59m 16s","2020-08-07T04:14:30Z"
GqdtyqJ0ak0,"528Hz - Whole Body Regeneration - Full Body Repair & Healing Whilst Sleeping",5h,"2020-08-06T01:15:01Z"
tMtdtIdWkWA,"888Hz 88Hz 8Hz Abundance Gate, Big Blessing, Transform into abundance frequency, Infinite abundance","3h 33m 34s","2020-08-04T02:00:06Z"
4fQX2ZaVXGA,"Aura Cleansing Sleep Meditation, 7 Chakras cleansing meditation music for Sleeping",5h,"2020-08-04T01:15:00Z"
VRpiRz7_EMM,"528Hz Energy CLEANSE Yourself & Your Home - Release Negative Energies Frequency",5h,"2020-07-28T01:15:00Z"
0IVYnuAAYRI,"432Hz - DEEPEST Healing | Let Go Of All Negative Energy, Release Negativity",5h,"2020-07-23T01:15:00Z"
gxWOxKXF73s,"ALL 7 CHAKRAS HEALING MUSIC, Full Body Aura Cleanse, Toxic Cleanse & Release 528 Hz Frequency",5h,"2020-07-21T01:15:01Z"
8M143iRrbgw,"Happiness Frequency: Serotonin, Dopamine, Endorphin Release Music, Release Negativity",5h,"2020-07-14T01:15:00Z"
rtFs1Jm63LU,"528Hz, Repairs DNA & Brings Positive Transformation, Sleep Music (Solfeggio Healing Music)",5h,"2020-07-09T01:15:01Z"
4oB0SVR6gdw,"""Boost Your Aura"" Attract Positive Energy Meditation Music, Chakra Alignment Balance",5h,"2020-07-07T01:15:00Z"
QOzoUdGUX7o,"Remove All Negative Blockages Wipe Out Negative Patterns & Beliefs 528 Hz",5h,"2020-06-30T01:15:00Z"
8cbDZ3r_CbM,"ALL 7 CHAKRAS HEALING MUSIC, Full Body Aura Cleanse, Release Negativity (Sleep Music)",5h,"2020-06-25T01:15:00Z"
1qHrHTKLxbM,"10 Hours of Relaxing Music - Sleep Music, Piano Music for Stress Relief, Meditation Music (Jordan)","10h 53s","2020-06-24T19:00:05Z"
l203X2qB6Xg,"Manifest Miracles, Positive Energy Remove All Negative Blocks, Release Worries",5h,"2020-06-23T01:15:01Z"
Dh6GFwYhUno,"Remove All Negative Blockages, Dissolve Subconscious Negative Patterns, Ignore of Mental Blocks",5h,"2020-06-18T01:15:02Z"
hub_Sr9jCG0,"POSITIVE ENERGY: Release Negativity, Detach From Overthinking, Beautiful, Healing Crown Chakra Music",5h,"2020-06-16T01:15:00Z"
maqdey3mfiM,"MANIFEST MIRACLES & RELEASE FEAR: Remove All Negativity From Your Mind, Healing Music 693 Hz",5h,"2020-06-11T01:16:07Z"
ZQkBmCJG9i8,"528 Hz Positive Transformation, Emotional & Physical Healing, Anti Anxiety, Rebirth","3h 9m 30s","2020-06-08T17:00:11Z"
oauGaAcq7TA,"432Hz Healing Frequency, Full Body Healing, Meditation Music to Improve Health",5h,"2020-06-08T02:45:01Z"
j7pHJjJbv4M,"Regenerative Spiritual Reset âœ§ Remove Negative Blockages âœ§ Deep Healing Meditation Music",5h,"2020-06-04T01:15:01Z"
D5QG5A7gF7Q,"Manifest Miracles I Attraction Sleeping Music | Elevate Your Vibration",5h,"2020-06-02T01:15:00Z"
KoF7AbUNzd0,"Remove All Negative Blockages Wipe Out Subconscious Negative Patterns, Negative Energy 528 Hz",5h,"2020-05-28T01:15:00Z"
"l7k-tbTRoOs","Sleep Chakra Meditation Music: Healing Deep Sleep Meditation, Remove Negative Energy","4h 58m 49s","2020-05-26T01:15:00Z"
rCSCPujLs14,"[Try Listening for 3 Minutes] FALL ASLEEP FAST | DEEP SLEEP RELAXING MUSIC","1h 59m 56s","2020-05-24T06:09:16Z"
qjvhiQ1R3Vw,"POSITIVE ENERGY, Remove All Negative Blockages, Raise Your Vibration 417 Hz Music",5h,"2020-05-21T01:15:00Z"
"1nI4PvGX--I","Release Negativity Positive Energy Mind Power, POWERFUL Healing Sleep Study Music",5h,"2020-05-19T01:15:01Z"
joXu1AMzzWg,"852 hz Love Frequency, Raise Your Energy Vibration, Deep Meditation, Healing Tones","3h 13m 35s","2020-05-18T17:00:17Z"
68aN9aOcmHw,"Raise Your Vibration, Manifest Miracles, Positive Energy, Elevate Your Frequency",8h,"2020-05-14T01:15:01Z"
"H-WZOIPy7YQ","Manifest Anything You Desire, Chakra Healing, Build Self Confidence, 432 Hz Music",5h,"2020-05-12T01:15:02Z"
RCOSoX2YLbw,"741 hz Removes Toxins and Negativity, Cleanse Aura, Spiritual Awakening, Tibetan Bowls","2h 16m","2020-05-11T17:00:17Z"
KbwhVqfsJj0,"Remove All Negative Blockages, Chakra Healing, Elevate Your Vibration, 432 Hz",5h,"2020-05-06T16:30:02Z"
h1QdKvI9tGg,"Manifest Miracles, Remove All Negative Blockages, Positive Aura Cleanse Chakra Clearing",8h,"2020-05-05T01:15:00Z"
D74UT9U8wYI,"Remove All Negative Blockages Wipe Out Fear Boost Your Immune System, 3.5 hz Delta Sleep",5h,"2020-04-29T16:30:06Z"
Oh0FwFSMzSA,"Manifest Miracles Raise Your Vibration, Elevate Happiness Frequency, Serotonin Levels",5h,"2020-04-27T16:30:03Z"
xJhbtB_LTPQ,"Sleep Chakra Meditation Music: Healing Deep Sleep Meditation & Sacral Chakra Opening 417 Hz",5h,"2020-04-23T01:15:02Z"
ECRoDdR1iCY,"""Boost Your Aura"" Attract Positive Energy Meditation Music, 7 Chakra Alignment",5h,"2020-04-21T01:15:01Z"
wBDxQ5ocnbg,"Manifest Miracles I Attraction 432 Hz I Elevate Your Vibration | Release Negativity",5h,"2020-04-16T01:15:00Z"
eYCtsliRdQw,"Remove All Negative Blocks, Wipe Out Subconscious Negative Patterns, Transformation & Miracles",5h,"2020-04-14T01:15:10Z"
74YqHApIvRs,"432 Hz Cleanse Infections, Boost Immune System, Remove Toxins, Healing Music",5h,"2020-04-09T01:15:00Z"
0IGuoD9l0NQ,"STOP Anxiety and Fear, Find Your Inner Calm, Emotional Healing & Release",8h,"2020-04-07T01:15:01Z"
RAWLVvPDDd8,"Release Inner Conflict and Struggle, Greater Vital Energy, Anti-Anxiety, Deep Peace","3h 6m 24s","2020-04-06T17:00:09Z"
Mm5EKThuutc,"Remove All Negative Blockages Wipe Out Subconscious Negative Patterns, Release Your Mind",5h,"2020-04-01T02:45:02Z"
DXGl7TSuxrE,"ðŸŽ§ STOP Anxiety and Fear | Find Your Inner Calm | Emotional Healing","1h 1s","2020-03-31T13:00:04Z"
FrD4NI2NSVk,"Heart Chakra Healing Music, Attract Love in All Forms, Unblock Chakras 432 Hz",5h,"2020-03-31T02:45:00Z"
usBxOiJYc5E,"Clear Negative & Bad Energy From House, Transformation and Miracles, 528 Hz Frequency Music",5h,"2020-03-26T02:45:00Z"
"b-GGDXoDy44","Positive Aura Cleanse Chakra Clearing, Manifest Miracles, Healing Salt Lamp Music",5h,"2020-03-24T02:45:00Z"
pQF5VhsofxY,"ðŸŽ§ 741 Hz Cleanse Infections | Boost Immune System | Remove Toxins","5h 1s","2020-03-20T14:11:42Z"
fDiSCRfDTAY,"Positive Aura Cleanse Chakra Clearing, Manifest Miracles & Release Fear, Law Of Attraction 432 Hz",5h,"2020-03-19T02:45:00Z"
KZhuyGYBU3c,"Clear Negative & Bad Energy From House, Transformation and Miracles, Release Negativity",3h,"2020-03-17T02:45:02Z"
VPWegKEG6oQ,"528Hz, Repairs DNA & Brings Positive Transformation, Chakra Balancing Sleep Music",5h,"2020-03-10T02:45:00Z"
"X-3Wo8Qm6H4","Powerful Detox Music | 528Hz Cleansing Energy | Meditative Relaxing Music | Positive Healing","3h 4m 23s","2020-03-04T13:41:32Z"
Qr3804ePy7Y,"Positive Energy Music, Remove Negative Blockages, Heal and Balance the Heart Chakra 432 Hz",5h,"2020-03-03T02:45:01Z"
go99WqXWGgk,"Deep Healing Energy | 528Hz Ancient Frequency | Sound Healing Session | Zen Meditation","3h 1m 40s","2020-02-26T11:34:55Z"
dlC3213TwL4,"Open Third Eye Chakra: Sleep Chakra Meditation Balancing & Healing, Pineal Gland Activation",5h,"2020-02-25T02:45:00Z"
xrWEZrARrGU,"Music to Remove Negative Energy from Home, Positive Aura Cleanse, Chakra Cleansing, 639 Hz Binaural",5h,"2020-02-18T02:45:00Z"
taJ7Rb3qgi8,"528Hz Energy CLEANSE Yourself & Your Home - Heal Old Negative Energies From Your House Frequency","2h 7m 30s","2020-02-13T12:35:30Z"
NDex_pkciuE,"Chakra Healing, Build Self Confidence, Remove Self Doubt, Positive Energy 639 Hz",5h,"2020-02-13T02:45:00Z"
wJ7vkiCeAkE,"Positive Aura Cleanse Chakra Clearing, Manifest Miracles with 432 Hz Heart Chakra",5h,"2020-02-11T02:45:00Z"
10P7F6haAFY,"528Hz, Repairs DNA & Brings Positive Transformation, Positive Aura Cleanse","3h 10s","2020-02-06T02:45:11Z"
bXCVh4stbsY,"Remove All Negative Blockages Erase Subconscious Negative Patterns, Solfeggio 528 Hz",5h,"2020-02-04T02:45:00Z"
cb8_jSzjOIA,"Positive Aura Cleanse, Powerful Physical, Emotional, 432 Hz Raise Positive Vibrations, Alpha",5h,"2020-01-30T02:45:00Z"
nx6py6a7XM0,"Positive Aura Cleanse Chakra Clearing, Manifest Miracles - Spread Positive Vibrations","3h 2s","2020-01-28T17:10:19Z"
"DY-VEIAFO3A","Cleanse Destructive Energy: Let Go of Fear, Overthinking & Worries, Boost Positive Energy, 432 Hz",5h,"2020-01-28T02:45:00Z"
mCL87czvZEY,"Cleanse Destructive Energy: Let Go of Fear, Overthinking & Worries - 396Hz | Attract Positivity","1h 1m 3s","2020-01-26T07:30:42Z"
2No_ZWPZZ9g,"Manifest Miracles, Attraction 432 Hz, Elevate Your Vibration with Alpha Brainwaves",5h,"2020-01-21T02:45:01Z"
QE8zhz_dErY,"Positive Aura Cleanse | Powerful Physical, Emotional and Spiritual Healing | Chakra Music","3h 3m 3s","2020-01-14T07:48:27Z"
"3qyJIPz-uuE","Positive Aura Cleanse Chakra Clearing, Manifest Miracles with Brainwave Frequency 741 Hz",8h,"2020-01-14T02:45:01Z"
9AgMftfuO6E,"""Boost Your Aura"" Attract Positive Energy, Chakra Healing with Alpha Waves",5h,"2020-01-07T02:45:00Z"
AXMrBnkzZ6Q,"Eases and Initiates Change, Reprogram Your Mind, Change Your Thoughts","3h 30s","2020-01-01T01:15:00Z"
e5jprOVMieA,"Music to Remove Negative Energy from Home, 417 Hz, Tibetan Singing Bowls","1h 4m 18s","2019-12-31T08:29:27Z"
"0rYtuqFzy-Y","Merry Christmas to You! Thank you for your Support 2019. Much love from Jason Stephenson",41s,"2019-12-24T21:15:53Z"
13mmajTRST0,"417 Hz Healing music - Let go of mental blockages, Remove negative energy, Frequency music",5h,"2019-12-24T02:45:02Z"
KtlcrxUOJkM,"ACTIVATE YOUR HIGHER MIND, Achieve Your Goals, Remove All Negative Blockages",5h,"2019-12-19T02:45:01Z"
"L8053cHK-Ec","Boost Your Aura, Attract Positive Energy Meditation Music & Manifest Miracles",5h,"2019-12-17T02:45:01Z"
ZpiTM8Gs8E0,"Manifest Miracles, Attract Your Hearts Desires from the Universe, Law of Attraction Forest 741 Hz",5h,"2019-12-10T02:45:00Z"
WnfdBn8pyBA,"UNBLOCK ALL 7 CHAKRAS Deep Sleep Meditation ELEVATE Your Vibration 852 Hz Frequency",5h,"2019-12-05T02:45:01Z"
tSbM2r5FJHc,"Remove All Negative Blockages Wipe Out Subconscious Negative Patterns, 432 Hz Boost Your Aura",5h,"2019-12-03T02:45:00Z"
fcp5DEJawIs,"Manifest Miracles I Attract Your Hearts Desires from the Universe I Elevate Your Vibration","3h 5m 36s","2019-11-30T14:04:23Z"
xf21RLI0cA4,"Positive Aura Cleanse Chakra Clearing, Manifest Miracles & Elevate Your Vibration","5h 18s","2019-11-28T02:45:01Z"
7xj_tOJpVS4,"Let Go Mental Blocks Cleanse Self Sabotage 417 Hz Remove Negative Energy",5h,"2019-11-26T00:15:01Z"
7WHOmSrVw38,"Dissolve Negative Patterns, Wipe Out All Negativity, 432 Hz Frequency",5h,"2019-11-21T00:15:01Z"
XyK5R4qjAgQ,"Remove All Negative Blockages Erase Subconscious Negative Patterns, Let Go of Mental Blocks",3h,"2019-11-19T00:15:01Z"
jwXdDuIOcnA,"852Hz + 639Hz Miracle Tones, Balance Align Heart Chakra, Elevate Your Vibration",3h,"2019-11-14T00:15:00Z"
56KuEZmf5pw,"Manifest Anything You Desire, Awaken Third Eye, Relaxation Music for Positive Energy",5h,"2019-11-12T00:15:00Z"
gnTBdZEhlLQ,"Positive Energy Manifest, Butterfly Effect Instrumental, 396 hz Miracle Tone","3h 1s","2019-11-07T00:15:01Z"
z55PT3MaYMg,"888Hz âœ¤ Boundless Abundance Meditation Music âœ¤ Unexpected reward âœ¤ Financial prosperity.","3h 33m 33s","2019-11-07T00:00:09Z"
ndqmvfofqyI,"Remove Negative Energy Sleep, Most Beautiful Meditation Music 8 Hours",8h,"2019-11-06T01:15:00Z"
"AMq-dDLQLjo","Dissolve Negative Patterns, Positive Transformation Meditation 261 Hz Binaural Beats Healing Chakras",5h,"2019-11-05T00:15:02Z"
xWLbc5nQMIY,"Manifest Anything You Desire, Open Third Eye, 528 Hz Healing Frequency Pineal Gland Activator",3h,"2019-10-31T01:15:01Z"
"oH5Pihc-FEU","UNBLOCK ALL 7 CHAKRAS Deep Sleep Meditation Aura Cleansing Balancing Chakra","7h 3m 48s","2019-10-29T15:46:07Z"
JArXoJWt8p8,"Raise Positive Vibrations 432hz Miracle Tone - Healing Frequency 432hz Positive Energy Boost",3h,"2019-10-29T01:15:00Z"
xsfyb1pStdw,"The DEEPEST Healing Sleep | 3.2Hz Delta Brain Waves | REM Sleep Music - Binaural Beats",5h,"2019-10-24T21:40:04Z"
A7oxOV5WzmI,"Chakra Healing, Build Self Confidence, Remove Self Doubt, Gentle Chakra Healing Music",3h,"2019-10-24T01:15:01Z"
4svubRDgsfA,"Positive Energy Buddhist Meditation Music, Full Body Detox Chakra Aura Cleanse",3h,"2019-10-22T01:15:02Z"
H3zeU9CbZgU,"Chakra Healing Music for Positive Energyã€‹All Seven Chakras Music","3h 40s","2019-10-17T01:15:02Z"
SkkBdQfNV4A,"Release Negative Energies, Raise Positive Vibration Music, Let Go of Attachment Meditation Music",5h,"2019-10-15T01:15:01Z"
"94x-QzPRfmc","Ancient Frequency Music, Energy Cleanse for Getting Rid of Negative Energy",8h,"2019-10-10T00:15:00Z"
Ab7B2c_zDQs,"Manifest Miracles I Attraction I Elevate Your Vibration I Angelic Healing Frequency",5h,"2019-10-08T01:15:00Z"
yntBW9QwNhE,"Sleep Chakra Meditation Music Healing Deep Sleep, All 7 Chakras Healing","5h 51s","2019-10-01T01:15:00Z"
ZLfMg3rA0HA,"Positive Aura Cleanse Chakra Clearing, Elevate Your Vibration 528 Hz Sedona Vortex",8h,"2019-09-24T01:15:00Z"
D2KRO0qRDhU,"Manifest Miracles I Attraction 432 Hz I Elevate Your Vibration","3h 44s","2019-09-18T07:18:24Z"
WvkXGCQih3o,"Positive Aura Cleanse Chakra Healing, Solfeggio Frequency 639Hz",3h,"2019-09-17T01:15:00Z"
"UZc-FMqHgVY","Dissolve Negative Patterns, Wipe Out Subconscious Negativity & Improve Positive Thoughts",3h,"2019-09-10T01:15:00Z"
0or3rDdF0Wo,"Manifest Anything You Desire, Awaken Third Eye, Pineal Gland Activator",3h,"2019-09-03T01:15:01Z"
6Kj9pn15VkM,"Clear Negative Energies, Healing Frequencies Bring Positive Transformation, Sedona Vortex","3h 59m 55s","2019-08-27T01:15:01Z"
"b2S24-1e9_g","Positive Aura Cleanse, Chakra Healing to Activate Your Higher Mind for Manifesting Miracles",3h,"2019-08-20T01:15:02Z"
kag0aJqQsGo,"Destroy Unconscious Blockages and Negativity, 396hz Solfeggio, Binaural Beats","3h 13m 46s","2019-08-19T17:00:09Z"
N24XkFKKJqw,"Chakra Healing, Build Self Love and Self Confidence, Heart Chakra Alignment Healing Meditation",3h,"2019-08-13T01:15:01Z"
oicH3NnfIr8,"Regenerative Spiritual Reset âœ§ 111Hz, 222Hz, 444Hz, 888Hz âœ§ Deep Healing Meditation Music Therapy","1h 24m 48s","2019-08-06T13:59:57Z"
qeNvXqzkJ6g,"Manifest Miracles, Pain Relief Music for Sleep, Solfeggio 174 Hz Full Body Healing","3h 1s","2019-08-05T20:15:00Z"
KQpexiCJqkc,"MIRACLE TONE TRANSFORMATION, 528 hz, Raise Positive Vibrations, Healing & Miracles","3h 5s","2019-07-29T20:15:02Z"
zJNMNENMES4,"Raise Positive Vibrations, Music to Absorb Positive Energy, Let Go Negativity","3h 10s","2019-07-22T20:15:00Z"
zEmKSgk2dG4,"Let Go of Mental Blocks, Positive Aura Cleanse, Earth Chakra Healing Music, Let Go Negative Blocks","3h 15s","2019-07-15T20:15:00Z"
BQiFhvgkVHw,"Let Go of Negative Attachments, Physical Mental and Spiritual Healing Music",3h,"2019-07-12T01:03:13Z"
rtvTNz44uRE,"Positive Aura Cleanse, Raise Positive Vibrations, Healing Frequency 432hz, Healing Meditation Music","3h 15s","2019-07-08T22:45:00Z"
WrHMGxvO4Y4,"You are the Universe, Chakra Healing Music, 639 Hz, Heals Relationships & Love,","3h 16s","2019-07-02T00:45:00Z"
oxjbox9DEfQ,"Chakra Healing Music, Powerful Opening Sacral Chakra, Sacral Chakra Awakening Meditation Music","3h 15s","2019-06-25T01:15:00Z"
TpBP6pPOymk,"Awakening Intuition, 741 Hz Frequency, Problem Solving",3h,"2019-06-18T03:30:02Z"
PZv5iNxjYpU,"Chakra Healing, Build Self Confidence, Remove Self Doubt, Solar Plexus Healing, Manipura Activation","3h 5s","2019-06-11T03:30:01Z"
T0ojElRG7C8,"Positive Aura Cleanse, Boost Positive Energy, 7 Chakra Healing and Cleansing, 10 Hz Happy Frequency",3h,"2019-06-04T03:30:02Z"
RQPK_AyHEZM,"Happiness Frequency, Serotonin, Dopamine, and Endorphin Release Music, ALPHA 10 HZ Healing Music","3h 15s","2019-05-28T03:30:00Z"
"KXVBY-OsZoo","Angelic Meditation Music, Opening the Crown Chakra, Balancing Chakra Music",3h,"2019-05-21T03:30:02Z"
7oq9UmDLles,"Heart Chakra Music, Powerful Frequency Activation LOVE!, Compassion, Anahata Meditation",3h,"2019-05-14T03:30:02Z"
"YojK5-G08SQ","432 Hz I 7 Chakras Healing I Balance Align Vibrational Aura Cleansing",3h,"2019-05-02T07:30:02Z"
"WIPO8te2X-o","POWERFUL! Third Eye Chakra Music, Opening Third Eye (Alpha tones), Ajna Chakra Meditation",3h,"2019-04-30T03:30:00Z"
R27N7lBZzuo,"Manifest Miracles I Attraction 432 Hz I Elevate Your Vibration","3h 11s","2019-04-26T03:30:00Z"
Xq_xOibJBDc,"852Hz + 639Hz Miracle Tones I Balance Align Heart Chakra I Activate Pineal Gland | Open Third Eye",3h,"2019-04-23T03:30:00Z"
eNS4BlsrYVc,"Manifest Anything You Desire l Law of Attraction Meditation Music l Asking The Universe","8h 12m 44s","2019-04-01T23:58:43Z"
"pH-ZBBRbmXo","""UNBLOCK ALL 7 CHAKRAS"" 8 Hour Deep Sleep Meditation: Aura Cleansing & Balancing Chakra","8h 6m 29s","2019-01-25T05:42:44Z"
"Lju6h-C37hE","""Boost Your Aura"" Attract Positive Energy Meditation Music, 7 Chakra Balancing & Healing","3h 2m 32s","2018-12-28T12:09:59Z"
iloh1SUe42g,"Calming Sleep Music, Relaxing Music, Peaceful Music for Sleeping, Beat Insomnia, Sleep Meditation","10h 5s","2018-11-29T02:30:00Z"
vCpBSnYBTM0,"ALL 7 CHAKRAS HEALING MUSIC || Full Body Aura Cleanse & Boost Positive Energy | Meditation Music","1h 11m 11s","2018-11-02T22:40:55Z"
IIfw9kAbMlc,"Remove Mental Blockages & Subconscious Negativity â˜¯ Dissolve Negative Patterns â˜¯ Binaural Beats","1h 6s","2018-08-27T08:31:59Z"
awL9KlYhTtU,"417 Hz REMOVE ALL THE NEGATIVE ENERGY In and Around You | 9 Hours","9h 9m 9s","2018-07-01T03:50:49Z"
dJoXVILGeKQ,"963Hz + 852Hz + 639Hz | Miracle Tones | Activate Pineal Gland | Open Third Eye | Heal Heart Chakra","1h 11m 11s","2018-03-17T18:16:17Z"
4wtG01ymIjE,"432Hz - The DEEPEST Healing | Let Go Of All Negative Energy - Healing Meditation Music 432Hz",3h,"2018-02-02T11:09:36Z"
LFGsZ6ythQQ,"Happiness Frequency: Serotonin, Dopamine, Endorphin Release Music, Binaural Beats Meditation Music","1h 42m 57s","2017-11-06T02:00:00Z"
"yiGweP--BRs","639 Hz â¯ Attract Love â¯ Raise Positive Energy â¯ Marimba Meditation Music","1h 11m 11s","2017-07-29T17:08:36Z"
vyVbSm1Gyh4,"Clear Negative & Bad Energy From House, and Even Yourself | 417 Hz Tibetan Singing Bowl Music","1h 11m 11s","2017-07-15T15:06:40Z"
y8NDRElMWwk,""" Pure Clean Positive Energy Vibration"" Meditation Music, Healing Music, Relax Mind Body & Soul","2h 1m 43s","2017-06-22T05:30:01Z"
XHeLr1kHNB8,"*POWERFUL* MUSIC TO REMOVE NEGATIVE ENERGY FROM HOME - (FEAT KHARAHARAPRIYA RAAGA )","18m 16s","2017-06-20T03:47:35Z"
PEJRmo6QubY,"Attract Abundance of Money Prosperity Luck & Wealth | Jupiter's Spin Frequency |Theta Binaural Beats","2h 22s","2017-06-11T08:14:25Z"
q1Ng7FgDsNQ,"Heart Chakra Healing Music | Attract Love in All Forms | Anahata Chakra Meditation Music","6h 6m 6s","2017-06-05T10:05:52Z"
hdmvMc7TZn0,"528Hz - Whole Body Regeneration - Full Body Healing | Emotional & Physical Healing","2h 10s","2017-06-04T21:32:15Z"
OMPaU5L3zy0,"Root Chakra Healing Music - Let Go Worries, Anxiety, Fear - Chakra Meditation Music","6h 6m 6s","2017-06-01T12:15:45Z"
77ZozI0rw7w,"Relaxing Piano Music â€¢ Sleep Music, Water Sounds, Relaxing Music, Meditation Music","3h 2m 4s","2017-05-20T00:59:38Z"
8sYK7lm3UKg,"OM Chanting @417 Hz | Removes All Negative Blocks","3h 29s","2017-05-16T12:25:05Z"
"UkM-FjfN6Mc","528Hz Release Inner Conflict & Struggle | Anti Anxiety Cleanse - Stop Overthinking, Worry & Stress",2h,"2017-04-19T22:00:03Z"
"-vvpsIiUVKY","852 Hz - LET GO of Fear, Overthinking & Worries | Cleanse Destructive Energy | Awakening Intuition",4h,"2017-03-02T22:53:39Z"
XCV7_LcEruw,"Classical Indian Music","50m 1s","2017-02-01T23:37:40Z"
"IU13sdrLQ-M","432Hz Miracle Tone - Raise Positive Vibrations | Healing Frequency 432hz | Positive Energy Boost","2h 11s","2016-10-17T21:23:30Z"
w6sbrmcrSuo,"Aura Cleansing Sleep Meditation: 7 Chakras cleansing meditation music, sleep meditation","2h 54m 43s","2016-06-03T02:30:01Z"
V3u7mNTG09g,"Sleep Chakra Meditation Music: Healing Deep Sleep Meditation & Sacral Chakra Meditation Balancing","2h 50m 27s","2016-05-05T20:00:02Z"
eWLVBP3VrO4,"432 Hz - Deep Healing Music for The Body & Soul - DNA Repair, Relaxation Music, Meditation Music","6h 4m 2s","2016-03-16T16:45:54Z"
1MPRbX7ACh8,"528Hz | Brings Positive Transformation | Heal Golden Chakra | Whole Body Cell Repair","9h 9m 9s","2016-02-19T11:34:02Z"
5jmrIggwCXc,"3Hr Soothing Headache, Migraine, Pain and Anxiety Relief - Gentle Waterfall | Delta Binaural ASMR",3h,"2015-09-30T13:04:41Z"
wsB_TnQfCxA,"5 of the Best Sleep Guided Meditations (Combined into one seamless recording)","3h 18m 19s","2015-05-25T18:30:01Z"
NtxAH91dm6Y,"Mind Meditation Massage - A guided meditation for Healing, Calm, Wisdom and Anxiety Release","1h 10m 38s","2015-04-26T02:59:40Z"
qLV2kRBwp20,"Relaxing Under the Sea - Calm Sea Guided Meditation for Deep relaxation and Sleep","59m 27s","2015-03-17T13:05:43Z"
nWqdpHjK11I,"SOLFEGGIO: Frequencies (741 Hz) Said to help with Toxin Release, Solving Problems, Self Expression","1h 2s","2015-03-13T18:30:01Z"
92PW8c_xtTg,"Full Moon - Powerful Lunar Sleep Guided Meditation (Super Moon)","1h 1s","2015-03-06T23:14:10Z"
EXGshn1Sd40,"Mystery Island: An Adventure Story for Children for Sleep & Relaxing","25m 2s","2015-02-25T04:37:49Z"
N4qCFFBrrgk,"Guided Meditation for Sleep... Floating Amongst the Stars","1h 2m 29s","2015-02-23T19:31:00Z"
0xrN_s8IFVU,"Attitude Of Gratitude: Live in Happiness Subliminal Affirmations Music","42m 45s","2015-02-11T19:30:00Z"
oR5dpLyXoE8,"Butterfly Sanctuary: Guided Meditation for Peaceful Mind (Spoken word visualization)","29m 57s","2014-12-02T03:00:02Z"
Zljg2ptExHc,"SPOKEN Sleep Talk Down: Meditation for healing, insomnia, relaxing sleep","43m 40s","2014-11-25T04:49:25Z"
"kwCGAyL-J-Y","Money Magnet Wealth affirmations: The Law Of Attraction, with Alpha Binaural Beats","30m 1s","2014-11-16T07:17:53Z"
LNvvEz5rL4U,"Calming Music to stop the jitters: Ideal for anxiety & tension relief, with isochronic tones","35m 1s","2014-11-15T02:00:02Z"
"A3vPKqG52-w","Music to help Heal Body & Mind with Binaural Beats & Isochronic Tones","51m 55s","2014-10-20T05:39:10Z"
B3Wmbt73ELk,"SUBLIMINAL: Attitude of Gratitude | Law of attraction | subliminal Audio messages | binaural tones","29m 59s","2014-10-16T02:00:01Z"
IzV6J4WCwRM,"Back To Basics Guided Meditation: For beginners & returning meditation users","15m 2s","2014-10-07T02:00:26Z"
"tOQaVSX-N4c","CALMING OUR MINDS: Relaxing music & Affirmations for a Peaceful life & RELAXATION","54m 18s","2014-10-05T10:27:39Z"
Nt_EoTFg1eg,"SLEEP & FORGIVENESS: Guided Spoken Word Meditation With Music & Rainfall","41m 35s","2014-10-03T01:54:58Z"
mDX8QrcDI_o,"Lucid Dreaming Sleep Track (8 Hour Sleep Cycle Track) with Binaural beats and Isochronic Tones","8h 18s","2014-09-23T12:49:09Z"
45jSwl2ct1E,"DESERT OASIS A Guided Meditation for Stress Relief & Sleep with Jason Stephenson","16m 4s","2014-09-13T02:00:01Z"
"FORDhmBK-i8","Solfeggio Music 639 Hz | Connecting Relationships | Deep Relaxing Music","1h 1s","2014-09-01T05:00:03Z"
oFBbRV6wN24,"Solfeggio Frequency 528 Hz, Mend DNA: Cell Regeneration, Miracle Skin Repair Music Brainwave","50m 1s","2014-08-18T05:11:24Z"
Rq_FEKkZSn8,"Floating Clouds - A Guided Meditation, Sleep Talk Down with Jason Stephenson","24m 22s","2014-08-06T07:58:55Z"
vFeeFHOQ64E,"Guided Spoken Word Meditation for Acute Anxiety: Highly Stressed, Panic Attacks","20m 19s","2014-07-18T06:51:57Z"
23Ylz5_96XU,"Peaceful, Creative Focus Music: for Reading, study, artistic work, gentle soothing music","45m 5s","2014-07-04T02:28:12Z"
c7OaKwpgmvI,"Gentle tonal music to help sleep, pain or aching in the body","1h 1s","2014-07-01T08:59:24Z"
NrUzB3ChKDI,"Law Of Attraction Positive Affirmations for Success & Abundance, Live A Prosperous Life","45m 1s","2014-06-27T08:49:57Z"
"_-FZ2OvvUcM","The Fairy & Leprechaun Spoken word Guided Meditation for Children For Sleep & Relaxing","13m 7s","2014-06-04T07:40:33Z"
vlv6Y1tq1sQ,"Hot Air Balloon Ride: A Guided meditation for Kids, Children's Visualization For Sleep & Dreaming","14m 48s","2014-06-04T03:51:17Z"
TTGd2TGsBVM,"Dream Creation: Lucid Dreaming Short 10 minute Guided Meditation PLUS 1 hour of Deep Sleep Music","1h 1m 21s","2014-05-29T02:52:42Z"
VrQD9pJ9BlI,"Opening the Third Eye Chakra Music: Pineal Gland Activation Awaken With Binaural Beats","30m 11s","2014-05-20T07:00:13Z"
eVnEfC8YSpI,"Tree Of Life Spoken Guided Meditation for Grounding relaxation with Theta Binaural Beats","10m 45s","2014-05-19T21:38:42Z"
8IT2HNjcWBI,"Music for sleepless nights & help with pain: With Isochronic Tones For A Deep Relaxing Sleep","1h 1s","2014-05-15T11:17:28Z"
JFf4vV5GKZ0,"Floating Clouds Sleep Talk down Guided Meditation Visualization + Theta Binaural Beats","1h 2m","2014-04-25T02:45:05Z"
S6jkW3AR9z4,"Whisper Meditation: Guided Floating Visualization for Insomnia Or Those Who Can't Sleep, Soothing","1h 4m 52s","2014-04-23T05:35:06Z"
nFwkeOyYV1I,"MOOD ELEVATION: Mood Support, Music For Persistent Depression, Anxiety, Natural Help","30m 2s","2014-04-18T04:46:37Z"
kUWNGviekqY,"10 Minute Stress Relief: Power Nap: Meditation For Nerves, Meetings, Public Speaking, Interviews","10m 1s","2014-04-14T21:43:48Z"
LHBq5LCUq3Q,"Powerful Relaxing Delta Sleep & Healing Music: Brain waves for deep relaxation therapy","35m 2s","2014-04-13T16:17:06Z"
N2VHAbnYvrM,"POWERFUL POWER NAP, Music for relaxing deeply, quickly restoring energy","1h 1s","2014-04-04T03:48:48Z"
9SuH5LlrAm8,"Letting Go: A Guided Meditation, The Magic Book, Spoken Word Guided Visualization, Waterfall Relax","24m 28s","2014-03-31T06:46:34Z"
OkxqNiVdzSk,"Reduce Anxiety Naturally Music: Relaxing Healing, Alpha & Low Beta Frequencies","35m 1s","2014-03-22T08:02:50Z"
"AmqDOA-JALg","Music for stress: Anxiety, relaxation, depression | isochronic tones for deep tranquil sleep","40m 1s","2014-02-17T06:55:38Z"
UDExBLTmg6c,"Soothing melody with iso tones to help with migraine & pain relief - sleeping too","45m 31s","2014-01-28T10:12:09Z"
xDwtH_RwPNU,"Music to help with sleeping issues, anxiety relief and pain with isochronic tones","50m 34s","2014-01-22T11:12:57Z"
CWo9Q476q5g,"Music to help with tension headaches or migraines. Natural isochronic tones","40m 4s","2014-01-08T00:09:35Z"
a8LjxXSxBeA,"Can't sleep, Meditation For Insomnia, Guided Voice, Gentle Music For Sleepless Nights, Relaxation","1h 2m 1s","2013-12-31T02:18:30Z"
EJFFDG4p4_k,"Out Of Body Experience Astral Travel Adventure with Binaural Beats & Isochronic Tones OBE Hypnosis","50m 3s","2013-12-24T08:58:38Z"
28J1PMlY8fI,"Music to help: migraines, headaches: 1 hour relaxation music","1h 39m 57s","2013-04-19T06:34:52Z"